sgRNA_ID,Sequence,E2_RC,E2_Proportion,E3_RC,E3_Proportion,D3_RC,D3_Proportion,D4_RC,D4_Proportion
1362,CGATAGTTGCAAGTGATTCA,3755,1.662791985,3476,1.675414877,42,0.026345172,75,0.032853526
1920,GGAGTACGACATGACGACCA,3694,1.635779918,3444,1.659991035,2973,1.864861813,4568,2.000998747
2017,TTCAAGCGAATCCTTTCTGC,3198,1.416140817,2924,1.409353596,2622,1.644691448,3690,1.616393471
1833,GGCCGGAAGCCGCACCGACT,3272,1.448909554,2859,1.378023917,2303,1.444593594,3382,1.481474992
1912,ACGTGGCATTTGTTTTAAGG,2103,0.931252076,2298,1.10762468,2281,1.430793742,3017,1.321587833
1886,CGTCACCGCGTATCGCCGTC,3665,1.622938116,3093,1.490810764,2219,1.39190325,3449,1.510824142
1831,TGCGACCGATCATGGAGGAC,3165,1.401527732,2857,1.377059926,2045,1.282758967,3134,1.372839333
2045,CTATTTCTCGAGAAGCTCGA,2529,1.119893723,2543,1.225713473,628,0.393923047,956,0.418772943
2040,AGACTTGAAGCTAGGACATG,2635,1.166832724,2498,1.204023695,1831,1.148524043,2657,1.163890909
1829,GCTTGTCTGTGTGCGCTTCG,2930,1.297464851,2531,1.219929532,2018,1.265822785,2763,1.210323892
1374,AACCAGCGGCCCGGGATAGT,2241,0.992361342,2034,0.980377981,650,0.407722899,930,0.40738372
1350,GCCCGCCCCAAGTGCCGAAA,2463,1.090667552,2384,1.149076256,789,0.494912873,1096,0.480099524
1847,TGGGCGAAACCTGCGAGAGA,2288,1.013173918,2097,1.01074367,1653,1.036870695,2551,1.117457926
1871,CACGGAGTCACCACGATGCA,2661,1.178346064,2383,1.148594261,1656,1.038752493,2413,1.057007438
2004,GCCATGCCGTACCAGTCCGA,2603,1.15266246,2205,1.062799138,1512,0.94842619,2170,0.950562014
2046,TCGTAAGTTTTGATTCAACG,1824,0.807705081,1769,0.852649286,1996,1.252022933,2767,1.21207608
1937,GTACGGCGAACTCCATGACC,2566,1.136278091,2134,1.028577488,1670,1.047534217,2383,1.043866028
1894,CTCGTCTTCATGGTGTGGAG,2533,1.121665006,2118,1.020865567,1756,1.101479093,2365,1.035981182
1913,GATAAAGGAACCTTAATGAA,1729,0.765637108,1715,0.826621552,1815,1.138487787,2748,1.203753187
1919,GTGGAGGTGAAATGGTCATC,2074,0.918410273,1932,0.931214483,1625,1.019307247,2332,1.02152563
1896,CGACGCGGCGTGGTTGAGGA,2485,1.100409609,2183,1.052195247,1579,0.990453012,2285,1.000937421
1832,GCCGAGAATTCGCATGAGTG,2157,0.955164397,2017,0.972184064,1620,1.016170917,2231,0.977282882
1999,CTATCGTGAAAGTCTTCCGC,2219,0.982619285,1892,0.91193468,1585,0.994216607,2327,1.019335395
2041,TGACGTCGGTTGCGTGGCCG,2369,1.0490424,2136,1.029541478,1649,1.034361631,2122,0.929535758
2014,CCATGACAGCCCTCCTCATC,2182,0.966234916,1980,0.954350247,1545,0.969125968,2286,1.001375468
1418,GGCCCGTTCACGCCAATAAC,2042,0.904240009,1877,0.904704754,808,0.506830927,1213,0.531351025
1940,ACACATCATGAATCTGACTA,1737,0.769179675,1783,0.859397217,1611,1.010525523,2250,0.985605775
2011,ACGAACAACCTGCCGCACAC,2252,0.99723237,1904,0.917718621,1513,0.949053456,2096,0.918146535
1870,ACTGGAGGCGGCATGAGGAC,2346,1.038857522,1989,0.958688202,1442,0.90451757,2033,0.890549574
1938,ACGGTGATTCCGCATTCGTT,1961,0.868371527,1843,0.888316921,1404,0.880681462,1895,0.830099086
1837,CTGATTACCGGTTTTCATGC,2037,0.902025905,1869,0.900848793,1562,0.97978949,2154,0.943553262
1866,CCCTCCCGAATCTCGATGGT,2034,0.900697443,1841,0.887352931,1411,0.885072324,1976,0.865580894
1867,GATGCGCAGCCGATCCACGT,2122,0.93966567,1819,0.87674904,1327,0.83238198,1916,0.839298073
1936,CTCATCAACGACATGCCTAC,2120,0.938780029,1851,0.892172882,1297,0.813564,1789,0.783666103
2026,GCCGCGATGGCCGCTTCGCC,2036,0.901583084,1696,0.817463646,1065,0.668038288,1552,0.679848961
1903,GAATCACCAGCATACCGAGA,1867,0.826746374,1828,0.881086995,1415,0.887581388,2008,0.879598399
1898,GACGATCTCGGGAGGCTGGG,2074,0.918410273,1858,0.895546848,1328,0.833009246,1960,0.858572142
1842,CGCCCGTAACCAGGATCATG,1950,0.863500498,1709,0.823729581,1273,0.798509616,1739,0.761763752
2005,CTGGGTTTCTTCGTTGACAT,1331,0.589394443,1495,0.720582636,1298,0.814191266,1726,0.756069141
1840,CGCGATCGTGCAAAGGACGA,2125,0.940994133,1762,0.84927532,1314,0.824227522,1932,0.846306826
1911,AACGTATCGTTTCTGGAGGC,2063,0.913539245,1782,0.858915222,1436,0.900753974,1970,0.862952612
1856,CGATCATGTCGGCCTCCTCC,2048,0.906896933,1735,0.836261453,1382,0.86688161,1878,0.822652287
1916,CAAAGTATACCGACCATGAC,1576,0.697885531,1529,0.736970468,1323,0.829872916,1742,0.763077894
1828,AAGTCGTTGTTTCATCATGC,1577,0.698328352,1536,0.740344434,1281,0.803527744,1834,0.803378219
1869,CAGTCCGACCGTTTTAGAGC,1887,0.83560279,1597,0.769746133,1212,0.76024639,1845,0.808196736
1436,AACTTTCAGTTTAGCGGTCT,1371,0.607107273,1565,0.754322291,1429,0.896363112,1900,0.832289321
1914,TGTTTCCTTATCTGCTATTC,1581,0.700099635,1501,0.723474606,1367,0.85747262,1774,0.777095398
2013,GGGTGCGACGTCGTTCTTTC,1818,0.805048157,1670,0.804931774,1239,0.777182572,1842,0.806882595
1884,ACACGATGCAGATCGATTTC,1965,0.87014281,1749,0.843009384,1269,0.796000552,1827,0.800311889
2021,CTTCATGTGTTCGAATCCTG,1705,0.75500941,1612,0.776976059,1303,0.817327596,1801,0.788922667
1873,AAAGGAAGCCAGATGAACGT,1747,0.773607882,1537,0.740826429,1258,0.789100626,1805,0.790674855
1917,GAGTGAGCCCTCATGCGCAT,1819,0.805490978,1663,0.801557808,1141,0.715710504,1755,0.768772505
2015,CTTGGGTCATCTGTCGCTCC,1954,0.865271781,1698,0.818427636,1307,0.81983666,1788,0.783228056
2039,CATCGATAGATCCATTTACG,1737,0.769179675,1617,0.779386035,1208,0.757737326,1701,0.745117966
1879,GCACGGAGACGCCATGTCGT,1857,0.822318167,1579,0.761070222,1143,0.716965036,1575,0.689924043
2021,TCTTCATGTGTTCGAATCCT,1705,0.75500941,1612,0.776976059,1303,0.817327596,1801,0.788922667
1900,AGGTGCGATAGAAGAGCTGG,1652,0.731539909,1581,0.762034212,1283,0.804782276,1838,0.805130407
1857,ACGCCGCCTGCTCCGTCGCG,1911,0.846230488,1630,0.785651971,996,0.624756934,1601,0.701313265
1957,GTTCACCACCATGACTGCAT,1786,0.790877892,1572,0.757696256,1126,0.706301514,1613,0.706569829
2031,TCATTCCATGAGCACACCGT,1851,0.819661242,1511,0.728294557,1223,0.767146316,1611,0.705693735
2016,CCGGATGTTCTCGAACCCGG,1449,0.641647293,1396,0.672865123,1167,0.73201942,1582,0.692990372
1835,ATTGGAAATGAACGGCACGT,1587,0.702756559,1530,0.737452463,1243,0.779691636,1721,0.753878906
1834,ACGGCGATGGCGGTATCGAG,1663,0.736410938,1481,0.713834705,1117,0.70065612,1630,0.714016628
1905,TTGGGTTGGAACAGCAGCGA,1679,0.74349607,1528,0.736488473,1136,0.712574174,1615,0.707445923
1445,ACTCTCCGCTCTCCCGTTCA,1667,0.738182221,1482,0.7143167,1086,0.681210874,1614,0.707007876
1944,GCGATGACGTCACCCGCACC,1832,0.811247648,1637,0.789025936,1087,0.68183814,1636,0.71664491
1935,CACATGCTGCACCGACATCG,1827,0.809033544,1551,0.74757436,1162,0.72888309,1651,0.723215615
1923,CCATCGCGGGCTCTACGTGT,1703,0.754123768,1487,0.716726675,1079,0.676820012,1630,0.714016628
1435,GCGTTCATGTTCGGACGACT,1742,0.771393778,1563,0.753358301,1115,0.699401588,1662,0.728034133
2035,GGACGTTCGCTTGGCTCGTA,1698,0.751909665,1484,0.71528069,1098,0.688738066,1567,0.686419667
1890,GGACACCACGATGCCGCGCA,1872,0.828960478,1562,0.752876306,1064,0.667411022,1605,0.703065453
1921,GGCGGAGGCTGACATGATCA,1594,0.705856305,1410,0.679613054,1084,0.679956342,1677,0.734604838
1934,AGGCCGGAATACCGGAACAT,1531,0.677958596,1347,0.649247365,1163,0.729510356,1716,0.751688671
1933,GAGCAGACTTTCGCTGCAGC,1557,0.689471936,1524,0.734560493,1116,0.700028854,1622,0.710512252
1946,TAGATCGAGCGTCAACAAGA,1509,0.668216539,1430,0.689252956,1134,0.711319642,1613,0.706569829
1932,GAGCGAACGCGGATGACCGA,1521,0.673530389,1404,0.676721084,1061,0.665529224,1511,0.661889034
1908,AGTAGAGGATCAAAGTGGCT,1428,0.632348057,1296,0.624665616,1096,0.687483534,1620,0.709636158
1858,CATGAAAGACTCCGAAATAA,1007,0.445920514,1134,0.546582414,1100,0.689992598,1514,0.663203175
1902,CGTGACTGATTGATAAAGGA,1212,0.536698771,1223,0.589479976,1095,0.686856268,1539,0.67415435
2044,CGCCATGACTCAAGACGAAC,1390,0.615520868,1202,0.579358079,677,0.424659081,1050,0.459949362
1839,GAGACACAACAGTCACAATG,1388,0.614635226,1334,0.642981429,1040,0.652356638,1523,0.667145598
2036,ACAGGCTGAAAACCCATGAA,1047,0.463633344,1106,0.533086552,953,0.597784496,1473,0.645243248
1836,TAAGCCGGTTATTCTACCAC,1259,0.557511347,1202,0.579358079,1113,0.698147056,1632,0.714892722
1875,CACGGAGAACCGTTATGCGA,1547,0.685043729,1321,0.636715493,965,0.605311688,1417,0.620712615
1877,CGGCGCCAAACGACGCGCGC,1399,0.619506255,1271,0.612615739,895,0.561403069,1506,0.659698799
2030,TCACGCAGCTGCGAGCGCCA,1562,0.69168604,1280,0.616953695,1130,0.708810578,1679,0.735480932
1844,CATCATTCACTCCAATCTGA,1184,0.52429979,1202,0.579358079,1116,0.700028854,1538,0.673716303
1993,GTAGTCGGTTCATCGCACTA,1432,0.63411934,1292,0.622737636,1037,0.65047484,1534,0.671964115
1457,TAGGCATTGGACATAGGTTT,1378,0.610207019,1231,0.593335936,927,0.581475581,1438,0.629911602
1910,GAAATCGGCGTGCAGATTTT,1245,0.551311857,1216,0.58610601,1041,0.652983904,1500,0.657070517
1891,GCTTGCAACGGCCGCAAACC,1408,0.623491642,1296,0.624665616,949,0.595275432,1326,0.580850337
2034,AACGCGTTCATGAGCCAGAC,1466,0.649175246,1311,0.631895542,1035,0.649220308,1461,0.639986683
1998,GATGAGCGCGCCCGGCGGCC,1408,0.623491642,1226,0.590925961,1031,0.646711244,1526,0.668459739
1843,ATACACGGTGAACACCCTCG,1200,0.531384922,1136,0.547546404,943,0.591511837,1400,0.613265816
1931,TTCAAGCAAAGGGTTAGTCA,1157,0.512343629,1196,0.576466109,1095,0.686856268,1340,0.586982995
1929,GATTTGATCCGATGAGCACT,1265,0.560168272,1194,0.575502118,896,0.562030335,1384,0.606257064
1860,GTCGATGGTCATGAAGGTCT,1393,0.61684933,1242,0.598637882,954,0.598411762,1354,0.593115653
2038,AATGAGCGAACAGATCAAAC,1125,0.498173364,1115,0.537424508,828,0.519376247,1324,0.579974243
2006,GTCACGACTCTCTACGAGGA,1349,0.597365216,1201,0.578876084,1047,0.6567475,1458,0.638672542
1846,GTGGAGGCGAGCGTCATAAG,1229,0.544226724,1194,0.575502118,793,0.497421937,1104,0.4836039
1881,CGCAAGGAGATCACCATGTC,1346,0.596036754,1143,0.55092037,871,0.546348685,1219,0.533979307
1997,GATGACTCACCCGCAACCCT,1281,0.567253404,1163,0.560560271,924,0.579593783,1317,0.576907914
1880,GTCTCTCGGGGGATCAGACG,1207,0.534484667,1129,0.544172439,880,0.551994079,1276,0.558947986
2043,AGGTCAGAACATGAATAACA,916,0.405623824,965,0.465125246,829,0.520003513,1379,0.604066828
2021,CGCAACCCTGTTTTAGAGCT,1705,0.75500941,1612,0.776976059,1303,0.817327596,1801,0.788922667
1968,TTTCAGCGAGGTTGGTATGT,952,0.421565371,982,0.473319163,798,0.500558267,1135,0.497183358
1901,AGGGTATTGAAAAGGAAAGC,756,0.334772501,817,0.393789975,742,0.465431371,982,0.430162165
1865,GCAATCAACAGCAGCGAACG,1091,0.483117458,1011,0.48729702,706,0.442849795,991,0.434104588
2018,AAACATATTTGGTCATCGCG,881,0.390125097,885,0.42656564,920,0.577084719,1283,0.562014315
1906,ATCGCAGTCGGGAATGGAGA,1015,0.44946308,932,0.449219409,803,0.503694597,1208,0.52916079
1922,ACTTCGGACGGCTCATGATG,1161,0.514114912,998,0.481031084,771,0.483622085,1087,0.476157101
1859,CATCTTCACCTCCGTTGAAG,1072,0.474703864,916,0.441507488,817,0.512476321,1090,0.477471242
1883,GCGTCATGACACGCGTGCTC,1158,0.51278645,992,0.478139113,614,0.385141323,1000,0.438047011
1431,GCATGAGAATTTCTTCAATA,535,0.236909111,611,0.29449899,733,0.459785977,961,0.420963178
1850,GGCTCAGCAACATGATCTCC,1073,0.475146684,948,0.45693133,732,0.459158711,1031,0.451626469
2029,AAAAGTCGGGGAGTCACGAA,882,0.390567918,871,0.419817709,747,0.468567701,1096,0.480099524
1838,GCCGCCACGCATCGCGCACG,1093,0.4840031,965,0.465125246,595,0.373223269,897,0.392928169
1872,TTTCTTCATGGTTGTCTCCT,705,0.312188642,784,0.377884138,800,0.501812799,1046,0.458197174
1897,TATTTACAAGGACTCTGGAT,738,0.326801727,739,0.35619436,792,0.496794671,1072,0.469586396
1851,TTCTGGCGATTTTCACGTTT,836,0.370198162,822,0.396199951,796,0.499303735,1133,0.496307264
1853,GGCCAGCACGACTGCGCCGA,938,0.415365881,810,0.39041601,655,0.410859229,880,0.38548137
1845,TTTGCACGCTGAAAAAACGC,881,0.390125097,848,0.408731823,616,0.386395855,909,0.398184733
1904,GATTAAGTTGGGAAAGACAA,667,0.295361452,742,0.357640345,678,0.425286347,969,0.424467554
2012,ACGCTCGATCGATTTCCTTC,798,0.353370973,761,0.366798251,608,0.381377727,914,0.400374968
2037,TATGCATTTATCCGAGCTCA,759,0.336100963,790,0.380776108,692,0.434068071,1042,0.456444986
1854,GATCCTGTCGGAAATTGCAC,847,0.375069191,770,0.371136207,679,0.425913613,977,0.42797193
1909,CTGAACAAGTAAAGGAAGAG,709,0.313959925,746,0.359568325,661,0.414622825,913,0.399936921
1878,TAACAAGGAGTTTGGAGACA,704,0.311745821,732,0.352820394,686,0.430304475,915,0.400813015
2032,GGGACATGGAAACGTGACTC,840,0.371969445,745,0.35908633,560,0.351268959,863,0.378034571
1864,AGAGAGCATGTCATGCAACA,676,0.299346839,674,0.32486468,601,0.376986865,803,0.35175175
1470,TTTATAGGCATTGGACATAG,656,0.290490424,613,0.29546298,652,0.408977431,851,0.372778007
1841,AATCTGCCCGGCTCATCGCC,668,0.295804273,649,0.312814803,587,0.368205141,851,0.372778007
1863,CGAATGAACAAGACTCTGAT,652,0.288719141,637,0.307030862,582,0.365068811,758,0.332039634
2028,ATGACAACCACGAACTGTAG,759,0.336100963,691,0.333058596,618,0.387650387,857,0.375406289
1947,GTGTTTTTGTTCATACGAAT,522,0.231152441,562,0.270881232,587,0.368205141,799,0.349999562
1885,CATCAACGGAGGAGCACAGG,742,0.32857301,782,0.376920148,636,0.398941175,868,0.380224806
2003,ATCATGAAAGTCATCAGCTG,635,0.281191188,649,0.312814803,718,0.450376987,1107,0.484918041
1889,AAAGCCATTAAATTCCTCCA,392,0.173585741,505,0.243407512,576,0.361305215,701,0.307070955
1876,CGGCACAATGCCGCCCATGC,420,0.185984723,451,0.217379778,330,0.206997779,487,0.213328894
1848,TCGACGCTCATCTGGGTCTC,480,0.212553969,439,0.211595837,274,0.171870884,448,0.196245061
1849,AGCTTGAACGACATGACGGA,449,0.198826525,413,0.199063966,314,0.196961524,450,0.197121155
1862,ATATGCTCGGGGGCATGATG,290,0.128418023,314,0.151346453,320,0.200725119,448,0.196245061
1928,CATGGGAATTTTCTCGTTGT,149,0.065980294,199,0.09591702,278,0.174379948,317,0.138860903
2023,AGCGACGAAAGCATCGCATG,194,0.085907229,208,0.100254975,264,0.165598224,367,0.160763253
2033,GCATTACACACTCCTTGGTT,138,0.061109266,129,0.062177365,187,0.117298742,255,0.111701988
1989,CGAAGGCTCTTCATGCTTAC,24,0.010627698,40,0.019279803,#N/A,0.020196308,39,0.017083833
2007,ACGAAGCGAGGATCTGACAT,20,0.008856415,23,0.011085887,24,0.015054384,38,0.016645786
2022,AATGCGCCGCCCCGCTCCCA,27,0.011956161,20,0.009639901,27,0.016936182,44,0.019274068
1930,GATCGACACAGGAAAATTGC,#N/A,0.016631981,31,0.014941847,23,0.014427118,43,0.018836021