,EG_Locus tag,Gene,old_locus_tag,Product,baseMean,log2FoldChange,lfcSE,stat,pvalue,padj
sgRNA1413,WQ49_RS35055,gyrA,BCAL2957,DNA gyrase subunit A,1398.862079,-7.339125322,0.281482193,-26.07314249,7.35383226048413e-150,3.69897762702352e-147
sgRNA1352,WQ49_RS23250,gyrB,BCAL0421,gyrB,1066.030829,-6.993713951,0.287579005,-24.31927867,1.22588144020863e-130,3.08309182212471e-128
sgRNA1353,WQ49_RS23250,gyrB,BCAL0421,gyrB,941.8046601,-6.864376195,0.292852129,-23.43973466,1.68233027451549e-121,2.8207070936043e-119
sgRNA1411,WQ49_RS35055,gyrA,BCAL2957,DNA gyrase subunit A,628.0027906,-6.274782673,0.30287096,-20.71767686,2.39988686765663e-95,3.01785773607822e-93
sgRNA1410,WQ49_RS35055,gyrA,BCAL2957,DNA gyrase subunit A,374.4246335,-6.00827384,0.35127595,-17.1041423,1.38221554874262e-65,1.39050884203507e-63
sgRNA1350,WQ49_RS23250,gyrB,BCAL0421,gyrB,258.0162952,-5.189536206,0.338595686,-15.32664596,5.07524530608206e-53,4.25474731493212e-51
sgRNA1354,WQ49_RS23250,gyrB,BCAL0421,gyrB,156.9051446,-4.798564416,0.379364706,-12.64894792,1.13382942479561e-36,8.14737429531705e-35
sgRNA1412,WQ49_RS35055,gyrA,BCAL2957,DNA gyrase subunit A,169.8639551,-5.369619071,0.427395212,-12.563592,3.34781831684016e-36,2.10494076671325e-34
sgRNA1351,WQ49_RS23250,gyrB,BCAL0421,gyrB,126.5331144,-4.557591713,0.395621855,-11.52007063,1.04525278965115e-30,5.84180170216142e-29
sgRNA1341,WQ49_RS23255,dnaN,BCAL0422,DNA polymerase III subunit beta,1658.05875,-0.748749219,0.100647826,-7.439298488,1.01221377186094e-13,5.09143527246053e-12
sgRNA1355,WQ49_RS23250,gyrB,BCAL0421,gyrB,41.28144215,-3.001208614,0.491484941,-6.106410116,1.01896977238034e-09,4.6594708682483e-08
sgRNA2037,WQ49_RS30195,rho,BCAL1901,rho,120.8795243,-1.473914997,0.256660744,-5.742658468,9.32015881138842e-09,3.90669990177365e-07
sgRNA1340,WQ49_RS23255,dnaN,BCAL0422,DNA polymerase III subunit beta,1011.663762,-0.628163899,0.113680936,-5.525674914,3.28221388000151e-08,1.26996429356982e-06
sgRNA2059,WQ49_RS32940,WQ49_RS32940,BCAL1364,hypothetical protein,431.1004053,-0.723513748,0.143918198,-5.027256869,4.97545697397871e-07,1.78761061279378e-05
sgRNA1657,WQ49_RS29380,guaA,BCAL2061,guaA,1658.51817,-0.488158263,0.099249746,-4.918483754,8.72171539889367e-07,2.92468189709568e-05
sgRNA1772,0,WQ49_RS18705,BCAM0549,0,1495.851269,-0.57128918,0.122811713,-4.65174832,3.29132626809878e-06,0.000103471
sgRNA1514,WQ49_RS25500,ubiE,BCAL0873,ubiquinone/menaquinone biosynthesis C-methyltransferase UbiE,683.204241,-0.50493545,0.122553352,-4.120127632,3.78662581802461e-05,0.001120396
sgRNA1384,WQ49_RS20605,pyridine nucleotide-disulfide oxidoreductase,BCAM0166,0,21383.20422,0.369493474,0.095821164,3.856073741,0.000115223,0.002519871
sgRNA1509,0,BCAL3292,BCAL3292,0,976.9626201,-0.458372576,0.117535797,-3.899855094,9.62502769882208e-05,0.002519871
sgRNA1523,WQ49_RS31555,BCAL1635,BCAL1635,diguanylate cyclase,509.5846253,-0.542224316,0.138503944,-3.914865542,9.0454601497482e-05,0.002519871
sgRNA1602,WQ49_RS13280,WQ49_RS13280,BCAL0086,#N/A,205.5725128,-0.73011021,0.189281769,-3.857266411,0.000114662,0.002519871
sgRNA1888,WQ49_RS11175,WQ49_RS11175,BCAS0025,eutB,637.253568,-0.505110322,0.130172429,-3.880317251,0.00010432,0.002519871
sgRNA2015,WQ49_RS28650,WQ49_RS28650,BCAL2196,iscA,640.1241224,0.476453416,0.123268709,3.865161078,0.000111016,0.002519871
sgRNA1520,WQ49_RS24690,lipA,BCAL0709,lipoyl(octanoyl) transferase,537.5851978,-0.507894032,0.137293298,-3.699335953,0.000216164,0.004530444
sgRNA1339,WQ49_RS23255,BCAL0422,BCAL0422,DNA polymerase III subunit beta,1320.839523,-0.438466848,0.119549403,-3.667662367,0.000244778,0.004924936
sgRNA1832,WQ49_RS00725 ,WQ49_RS00725 ,BCAL3337,#N/A,772.1657272,-0.429811196,0.117704217,-3.651621035,0.00026059,0.005041419
sgRNA1560,WQ49_RS01680,WQ49_RS01675,BCAL3141,Holliday junction DNA helicase,445.8441999,-0.555940912,0.156029046,-3.563060379,0.000366556,0.006828809
sgRNA1833,WQ49_RS00745 ,WQ49_RS00745 ,BCAL3333,#N/A,456.8992483,-0.50069046,0.141053419,-3.549651365,0.000385742,0.006929573
sgRNA1854,WQ49_RS03705,WQ49_RS03705,BCAM1603,hypothetical protein,732.1642061,-0.388942405,0.119523885,-3.254097745,0.001137531,0.019730285
sgRNA2046,WQ49_RS32310,WQ49_RS32310,BCAL1487,integration host factor subunit alpha,304.3403711,-0.552825882,0.17077306,-3.237196086,0.001207104,0.020239117
sgRNA1798,0,WQ49_RS34895,BCAL2925,0,278.0074707,-0.533427186,0.165981552,-3.213773942,0.001310028,0.021256255
sgRNA1366,WQ49_RS13010,F0F1 ATP synthase Operon,BCAL0034,ATP synthase subunit alpha,1064.114438,0.362141846,0.114074437,3.174609985,0.00150038,0.023584101
sgRNA1365,WQ49_RS13005,F0F1 ATP synthase Operon,BCAL0033,ATP synthase subunit delta,1310.13106,-0.334386496,0.106125043,-3.150872659,0.001627834,0.024082374
sgRNA1665,WQ49_RS30280,WQ49_RS30280,BCAL1884,ispG,3521.954103,-0.277053524,0.087857682,-3.153435399,0.001613609,0.024082374
sgRNA1901,WQ49_RS12230,WQ49_RS12230,BCAL0260,DNA-directed RNA polymerase subunit alpha,117.2978539,-0.793696381,0.253459442,-3.131453204,0.001739435,0.024998167
sgRNA1656,WQ49_RS29235,WQ49_RS29235,BCAL2090,elongation factor Ts,2001.556038,-0.368554897,0.118093728,-3.120867649,0.001803191,0.025194579
sgRNA2072,WQ49_RS34740,WQ49_RS34740,BCAL2896,sodium:proton antiporter,341.8450126,-0.490964126,0.162465732,-3.02195497,0.002511479,0.03414254
sgRNA1939,WQ49_RS16925,WQ49_RS16925,BCAM0911,1-deoxy-D-xylulose-5-phosphate synthase,389.3211452,-0.437699965,0.145998244,-2.997981027,0.002717746,0.035974374
sgRNA1866,WQ49_RS05400,WQ49_RS05400,BCAM1949,3-oxoacyl-ACP reductase,462.310144,-0.413825514,0.142709111,-2.899783424,0.003734206,0.048161679
sgRNA1519,WQ49_RS31415,BCAL1661,BCAL1661,ribokinase,144.139145,-0.629333607,0.219328808,-2.869361359,0.004113016,0.049305212
sgRNA1527,WQ49_RS02145,hemL,BCAL3050,diaminohydroxyphosphoribosylaminopyrimidine deaminase,599.637105,-0.432636364,0.150023371,-2.883793107,0.003929168,0.049305212
sgRNA1661,WQ49_RS29995,WQ49_RS29995,BCAL1941,DNA helicase,3027.090085,-0.265743033,0.092623726,-2.86906006,0.004116936,0.049305212
sgRNA1518,WQ49_RS31415,BCAL1661,BCAL1661,ribokinase,427.047612,-0.400086622,0.14299774,-2.797852759,0.005144356,0.060176999
sgRNA1685,WQ49_RS32205,nusA [Control],BCAL1506,0,458.2000747,-0.403094226,0.145809028,-2.764535446,0.005700391,0.065165837
sgRNA1847,WQ49_RS02145,WQ49_RS02145,BCAL3050,diaminohydroxyphosphoribosylaminopyrimidine deaminase,634.039797,-0.347172531,0.130036674,-2.669804748,0.007589537,0.083629543
sgRNA1972,WQ49_RS24330,WQ49_RS24330,BCAL0634,hypothetical protein,184.2413674,-0.541906857,0.203172481,-2.667225671,0.00764803,0.083629543
sgRNA1363,WQ49_RS12995,F0F1 ATP synthase Operon,BCAL0031,F0F1 ATP synthase subunit C,2797.793659,-0.254948487,0.096186298,-2.650569691,0.008035615,0.085998175
sgRNA1836,WQ49_RS00880 ,WQ49_RS00880 ,BCAL3306,preprotein translocase subunit SecD,1629.638286,-0.297052275,0.116369132,-2.552672424,0.010689998,0.112022274
sgRNA1891,WQ49_RS11335,WQ49_RS11335,#N/A,#N/A,286.3497327,-0.418819012,0.165361581,-2.532746783,0.011317267,0.116175215
sgRNA1648,WQ49_RS28655,WQ49_RS28655,BCAL2195,hscB,1488.108118,-0.276333363,0.10981463,-2.516362015,0.011857332,0.11928476
sgRNA1480,WQ49_RS00245,WQ49_RS00245,BCAL3433,signal recognition particle protein,254.1537371,-0.43503772,0.176247016,-2.468340911,0.013574097,0.128825869
sgRNA1695,0,LuxR Transcriptional Regulator,BCAM1545,0,109.1069952,-0.610179242,0.246383258,-2.476545063,0.013266088,0.128825869
sgRNA1912,WQ49_RS12415,WQ49_RS12415,BCAL0223,50S ribosomal protein L1,205.4547505,0.470023597,0.189971435,2.474180382,0.013354225,0.128825869
sgRNA1556,WQ49_RS00680,WQ49_RS00680,BCAL3346,iron--sulfur cluster insertion protein ErpA,229.8523529,-0.464415064,0.192012085,-2.418676221,0.015577098,0.142459646
sgRNA1913,WQ49_RS12830,WQ49_RS12830,BCAL3530,DNA-binding protein HU-alpha,225.2714714,-0.438358299,0.181103248,-2.420488325,0.015499677,0.142459646
sgRNA1875,WQ49_RS07865,WQ49_RS07865,BCAM2429a,hypothetical protein,527.9063944,-0.331277435,0.13866415,-2.389063324,0.016891391,0.151720884
sgRNA1600,WQ49_RS13040,WQ49_RS13040,BCAL0040,uroporphyrinogen decarboxylase,532.9350883,-0.326166055,0.13826354,-2.359017098,0.018323412,0.157011171
sgRNA1640,WQ49_RS27545,WQ49_RS27545,BCAL2406,heptosyltransferase,233.3086392,0.421084353,0.17811421,2.364125537,0.018072687,0.157011171
sgRNA1893,WQ49_RS11590,WQ49_RS11590,BCAL0388,ubiquinone biosynthesis hydroxylase UbiH,270.1775679,-0.414009895,0.176108318,-2.350882108,0.018728967,0.157011171
sgRNA1950,WQ49_RS19205,WQ49_RS19205,BCAM0448,RND transporter,309.7151707,-0.380741077,0.161600124,-2.356069218,0.018469476,0.157011171
sgRNA1838,WQ49_RS01040 ,WQ49_RS01040 ,BCAL3269,#N/A,149.5971555,-0.524226441,0.223851368,-2.341850512,0.019188399,0.158225649
sgRNA1880,WQ49_RS09735,WQ49_RS09735,BCAS0305,hypothetical protein,121.3970278,0.536600254,0.233332709,2.299721525,0.021464002,0.17413537
sgRNA1571,WQ49_RS03420,WQ49_RS03420,WQ49_03425,lipoprotein,606.3821775,-0.300281742,0.131368483,-2.285797442,0.022266111,0.177775461
sgRNA1557,WQ49_RS00920,WQ49_RS00920,BCAL3296,4-hydroxybenzoate polyprenyl transferase,787.0421747,-0.266069437,0.116924971,-2.275557006,0.022872537,0.179763846
sgRNA1579,WQ49_RS05405,WQ49_RS05405,BCAM1950,LysR family transcriptional regulator,158.8674399,0.469750393,0.207109499,2.268125771,0.023321542,0.180472856
sgRNA1966,WQ49_RS23690,WQ49_RS23690,BCAL0507,diaminopimelate epimerase,290.8750019,-0.363453414,0.163083825,-2.228629447,0.02583857,0.193982101
sgRNA2055,WQ49_RS32790,WQ49_RS32790,BCAL1393,hypothetical protein,140.4091532,-0.495751946,0.22198628,-2.233254895,0.02553214,0.193982101
sgRNA1851,WQ49_RS03540,WQ49_RS03540,#N/A,#N/A,342.8727237,-0.345655435,0.155880076,-2.21744461,0.026592724,0.196707945
sgRNA1572,WQ49_RS03740,WQ49_RS03740,BCAM1610,short-chain dehydrogenase,434.6377389,0.313205437,0.142100309,2.204115102,0.02751625,0.197723913
sgRNA1597,WQ49_RS12990,WQ49_RS12990,BCAL0030,ATP synthase subunit A,1181.777567,0.238606368,0.107991174,2.209498788,0.027139967,0.197723913
sgRNA1407,WQ49_RS12400,rpoB,BCAL0226,DNA-directed RNA polymerase subunit beta',346.1583789,0.386294828,0.177914123,2.171243187,0.029912794,0.199752529
sgRNA1575,WQ49_RS04315,WQ49_RS04315,BCAM1723,hypothetical protein,494.5158158,-0.303246423,0.139791705,-2.169273367,0.030061936,0.199752529
sgRNA1583,WQ49_RS07680,WQ49_RS07670,BCAS0676,hypothetical protein,271.004233,-0.366105904,0.166916648,-2.193345648,0.028282485,0.199752529
sgRNA1595,WQ49_RS12800,WQ49_RS12800,BCAL3524,general secretion pathway protein GspC,1308.36425,-0.226222417,0.103439156,-2.187009508,0.02874183,0.199752529
sgRNA1678,WQ49_RS34105,WQ49_RS34105,BCAL1103,hypothetical protein,335.4780148,0.353949944,0.162403579,2.179446694,0.029298501,0.199752529
sgRNA1979,WQ49_RS25130,WQ49_RS25130,BCAL0798,peptidyl-tRNA hydrolase,97.18577565,-0.564538126,0.260431501,-2.167702927,0.030181297,0.199752529
sgRNA1511,WQ49_RS27050,hemC,BCAL2630,porphobilinogen deaminase,331.1745967,-0.349975448,0.162288928,-2.156496147,0.031044944,0.202507234
sgRNA1892,WQ49_RS11525,WQ49_RS11525,BCAL0403,hypothetical protein,365.8863091,-0.338805405,0.157442433,-2.151931978,0.031402712,0.202507234
sgRNA1945,WQ49_RS18465,WQ49_RS18465,BCAM0596,alcohol dehydrogenase,125.9451398,-0.485680983,0.232596193,-2.088086552,0.036790028,0.234245368
sgRNA2073,WQ49_RS34740,WQ49_RS34740,BCAL2896,sodium:proton antiporter,216.9003281,-0.383586168,0.184769495,-2.076025411,0.037891601,0.238243441
sgRNA1399,WQ49_RS21430,parA parB operon,BCAM0003,chromosome partitioning protein ParA,2396.916507,0.23374217,0.113631483,2.057019443,0.039684356,0.246434949
sgRNA1984,WQ49_RS25190,WQ49_RS25190,#N/A,#N/A,189.5564489,-0.394793944,0.192828155,-2.047387445,0.040620058,0.249169381
sgRNA1923,WQ49_RS16225,WQ49_RS16225,BCAM1046,hypothetical protein,197.7884148,0.386792063,0.190135109,2.034301106,0.041921246,0.254052851
sgRNA1700,0,alpha/beta hydrolase 7th gene op,BCAM2699,0,154.2060692,-0.427898827,0.210959809,-2.028342881,0.042525265,0.254645339
sgRNA1846,WQ49_RS02120 ,WQ49_RS02120 ,BCAL3055,N utilization substance protein B homolog,349.8367034,0.303594594,0.151123494,2.008917254,0.04454591,0.263606972
sgRNA1465,WQ49_RS23575,gatB,BCAL0484,glutamyl-tRNA(Gln) amidotransferase subunit A,936.1178206,-0.236977869,0.119821644,-1.977755108,0.04795634,0.279333559
sgRNA1680,WQ49_RS34550,WQ49_RS34550,BCAL2858,elongation factor P,1101.364323,-0.21086098,0.107050781,-1.969728547,0.048869489,0.279333559
sgRNA1896,WQ49_RS11910,WQ49_RS11910,BCAL0325,preprotein translocase subunit TatC,189.7700669,-0.382025474,0.193588059,-1.973393789,0.048450715,0.279333559
sgRNA1377,WQ49_RS01680,pyrB/Holliday junction DNA helicase,BCAL3141,Holliday junction DNA helicase,2372.919181,0.183301763,0.093413169,1.962268982,0.049731176,0.281064963
sgRNA1658,WQ49_RS29605,WQ49_RS29605,BCAL2016,2-C-methyl-D-erythritol 4-phosphate cytidylyltransferase,227.4814467,0.349876769,0.179634257,1.947717403,0.051448787,0.287541551
sgRNA2040,WQ49_RS30370,WQ49_RS30370,BCAL1866,competence protein ComL,417.8693847,-0.273018342,0.141944821,-1.92341179,0.054428355,0.300851236
sgRNA1857,WQ49_RS03985,WQ49_RS03985,BCAM1660,hypothetical protein,146.222179,-0.428368869,0.224353711,-1.909346038,0.056217467,0.302926238
sgRNA1918,WQ49_RS13990,WQ49_RS13990,pBCA002,chromosome partitioning protein ParB,648.7987157,-0.259591685,0.136056334,-1.907972067,0.056394827,0.302926238
sgRNA2060,WQ49_RS32970,WQ49_RS32970,BCAL1357,hypothetical protein,528.5942501,-0.258649675,0.135681064,-1.906306357,0.05661047,0.302926238
sgRNA1835,WQ49_RS00880 ,WQ49_RS00880 ,BCAL3306,preprotein translocase subunit SecD,266.1151351,0.314431855,0.167711028,1.874843046,0.060814319,0.321995817
sgRNA1982,WQ49_RS25150,WQ49_RS25150,BCAL0802,ipk,178.7264692,-0.367197067,0.19779309,-1.856470656,0.063386502,0.332118858
sgRNA1396,WQ49_RS21425,parA parB operon,BCAM0004,chromosome partitioning protein ParB,567.0264918,0.239382725,0.132404153,1.807969922,0.070611182,0.345521208
sgRNA1477,WQ49_RS00190,WQ49_RS00190,BCAL3443,octaprenyl diphosphate synthase,1444.2019,-0.195039161,0.108106185,-1.804144331,0.071208684,0.345521208
sgRNA1522,WQ49_RS31555,BCAL1635,BCAL1635,diguanylate cyclase,557.0470363,-0.238565803,0.130769495,-1.824323044,0.068103249,0.345521208
sgRNA1580,WQ49_RS05875,WQ49_RS05865,BCAM2042,lytic transglycosylase,695.2432273,0.217896316,0.120519417,1.80797685,0.070610104,0.345521208
sgRNA1587,WQ49_RS09345,WQ49_RS09340,BCAS0384,D-2-hydroxyacid dehydrogenase,275.0835041,0.302034723,0.165096238,1.829446434,0.067332757,0.345521208
sgRNA1608,WQ49_RS16220,WQ49_RS16220,BCAM1050,hypothetical protein,348.8094245,-0.283462268,0.156109583,-1.815790311,0.069402544,0.345521208
sgRNA1757,0,WQ49_RS04450 (WQ49_RS04445),BCAM1749,0,52.36322472,-0.624145156,0.346233382,-1.802671806,0.071439773,0.345521208
sgRNA1887,WQ49_RS10800,WQ49_RS10800,BCAS0100,ribokinase,421.5618253,-0.26528649,0.144653481,-1.833944727,0.066662199,0.345521208
sgRNA1362,WQ49_RS12990,F0F1 ATP synthase Operon,BCAL0030,ATP synthase subunit A,2656.006368,0.173769836,0.09767598,1.779043698,0.075232598,0.36039997
sgRNA1452,WQ49_RS28790,BCAL2169,BCAL2169,tryptophanyl-tRNA synthetase,1225.645743,-0.182355366,0.104125435,-1.751304716,0.079893436,0.368682553
sgRNA1781,0,WQ49_RS25680,BCAL0909,0,432.848729,-0.247642804,0.141356131,-1.751907065,0.07978979,0.368682553
sgRNA1980,WQ49_RS25140,WQ49_RS25140,BCAL0800,ribose-phosphate diphosphokinase,376.2609148,-0.259354847,0.147970157,-1.752751051,0.079644749,0.368682553
sgRNA1985,WQ49_RS25205,WQ49_RS25205,BCAL0814,ABC transporter,616.9691455,-0.229650209,0.131017658,-1.752818759,0.079633122,0.368682553
sgRNA1771,0,WQ49_RS12365,BCAL0233,0,163.1589062,-0.374577232,0.216140347,-1.733027809,0.083090726,0.379951229
sgRNA1606,WQ49_RS15060,WQ49_RS15055,BCAM1285,hypothetical protein,336.4817701,0.262801251,0.154268143,1.703535448,0.08846791,0.398764983
sgRNA1938,WQ49_RS16895,WQ49_RS16895,BCAM0917,DNA primase,1041.714493,0.185247253,0.108852946,1.70181202,0.088790613,0.398764983
sgRNA1698,0,hypothetical 5th gene op,BCAM1066,0,171.0557931,-0.33943582,0.201282502,-1.686365269,0.091725467,0.401691709
sgRNA1894,WQ49_RS11665,WQ49_RS11665,BCAL0374,prfA,219.9722253,0.314940737,0.185964652,1.693551614,0.090350519,0.401691709
sgRNA1995,WQ49_RS26375,WQ49_RS26375,BCAL2765,30S ribosomal protein S20,133.5187081,-0.3793141,0.225007987,-1.685780606,0.091838065,0.401691709
sgRNA1508,WQ49_RS11660,hemA,BCAL0375,glutamyl-tRNA reductase,753.4574687,-0.197960697,0.118742964,-1.667136226,0.09548732,0.403614472
sgRNA1609,WQ49_RS16915,WQ49_RS16915,BCAM0913,tRNA N6-adenosine threonylcarbamoyltransferase,286.5874436,-0.277102001,0.165533001,-1.673998531,0.094130888,0.403614472
sgRNA1762,0,WQ49_RS11915 (WQ49_RS11920),BCAL0324,0,132.8358354,-0.381638851,0.22735456,-1.678606539,0.093228751,0.403614472
sgRNA2058,WQ49_RS32905,WQ49_RS32905,BCAL1370,iron dicitrate transporter FecR,98.73233595,-0.437555018,0.262150745,-1.669096985,0.095098161,0.403614472
sgRNA1475,WQ49_RS00130,WQ49_RS00130,BCAL3453,secA,766.4034024,-0.194911392,0.117603752,-1.657356926,0.097447335,0.408466744
sgRNA1397,WQ49_RS21430,parA parB operon,BCAM0003,chromosome partitioning protein ParA,491.2891264,0.220264012,0.133780669,1.646456201,0.09966987,0.413669416
sgRNA2014,WQ49_RS28560,WQ49_RS28560,BCAL2212,bifunctional protein FolD,113.8807902,-0.395332565,0.240581183,-1.643239755,0.100333337,0.413669416
sgRNA1953,WQ49_RS20495,WQ49_RS20495,BCAM0186,#N/A,170.3902858,-0.330245095,0.201951238,-1.63527146,0.101992154,0.414834542
sgRNA2042,WQ49_RS31080,WQ49_RS31080,BCAL1730,precorrin-4 C11-methyltransferase,257.8871111,-0.280385089,0.171597564,-1.633968933,0.102265374,0.414834542
sgRNA1529,WQ49_RS32415,aroC,BCAL1467,chorismate synthase,110.7757215,-0.395735464,0.243440814,-1.625592102,0.104036456,0.418642701
sgRNA1877,WQ49_RS09335,WQ49_RS09335,0,#N/A,212.7082464,-0.318192833,0.196586782,-1.618587114,0.105536129,0.421306929
sgRNA1615,WQ49_RS20045,WQ49_RS20045,BCAM0279,nitroreductase,235.3924684,0.278030919,0.175570902,1.583581998,0.113288873,0.448695301
sgRNA1697,0,hypothetical,6.50704E+13,0,352.2639533,-0.260810876,0.165910149,-1.572000737,0.11595038,0.45564876
sgRNA1897,WQ49_RS12075,WQ49_RS12075,BCAL0292,2'-5' RNA ligase,89.26791281,-0.422448826,0.270407499,-1.562267423,0.118225003,0.460985864
sgRNA1614,WQ49_RS19375,WQ49_RS19375,BCAM0414,hypothetical protein,204.6828372,-0.287996757,0.186083893,-1.547671607,0.121701381,0.467474312
sgRNA1917,WQ49_RS13280,WQ49_RS13275,BCAL0086,Cro/Cl family transcriptional regulator,163.9765009,0.335610976,0.216875948,1.547479006,0.121747783,0.467474312
sgRNA2030,WQ49_RS29790,WQ49_RS29790,BCAL1983,intracellular septation protein A,222.3412805,-0.28680479,0.186989001,-1.533805669,0.125077468,0.476620957
sgRNA2081,WQ49_RS35020,WQ49_RS35020,BCAL2950,rpsA,516.015353,-0.243300858,0.159041068,-1.52979894,0.126066504,0.476777831
sgRNA1676,WQ49_RS32685,WQ49_RS32685,BCAL1413,glutaminyl-tRNA synthetase,614.0020427,-0.198466187,0.130845583,-1.516796996,0.129317946,0.482654122
sgRNA1863,WQ49_RS05300,WQ49_RS05300,BCAM1931,porin,346.8021913,-0.229722596,0.151539971,-1.515920814,0.129539377,0.482654122
sgRNA1687,0,LuxR Transcriptional Regulator,BCAM1545,0,168.8550289,-0.326254906,0.21669497,-1.505595196,0.132171122,0.488838784
sgRNA1517,WQ49_RS12265,secY,BCAL0253,50S ribosomal protein L15,1925.023336,-0.174108948,0.116255271,-1.497643473,0.134225906,0.489243699
sgRNA1669,WQ49_RS31200,WQ49_RS31195,BCAL1707,cobalamin biosynthesis protein CbiG,1158.639618,-0.166364271,0.110900082,-1.500127576,0.133581359,0.489243699
sgRNA1468,WQ49_RS29370,guaB,BCAL2063,inosine-5-monophosphate dehydrogenase,518.5802862,-0.21642749,0.146928665,-1.473010657,0.140748162,0.5021016
sgRNA1696,0,glycosyl trasnferase 5th gene op,BCAM2338,0,236.052094,-0.27388957,0.185160773,-1.479198672,0.139087224,0.5021016
sgRNA1856,WQ49_RS03830,WQ49_RS03830,BCAM1629,acetyl-CoA acetyltransferase,411.0644948,-0.213374529,0.144579554,-1.475827825,0.139990119,0.5021016
sgRNA1567,WQ49_RS02355,WQ49_RS02355,BCAL3011,DNA-directed RNA polymerase subunit omega,283.6347521,-0.242444622,0.166171422,-1.459003111,0.144564251,0.508502227
sgRNA1850,WQ49_RS03505,WQ49_RS03505,BCAM1566,sulfonate ABC transporter substrate-binding protein,231.7274037,-0.260752099,0.178398596,-1.461626404,0.143843615,0.508502227
sgRNA1446,0,BCAL1661,BCAL1661,0,391.9277817,-0.215616933,0.148792064,-1.44911581,0.147305243,0.514545399
sgRNA2044,WQ49_RS31945,WQ49_RS31945,BCAL1556,ribose-5-phosphate isomerase A,184.7376978,-0.28742515,0.199010123,-1.444274017,0.148661912,0.515703045
sgRNA1765,0,WQ49_RS12045 (WQ49_RS12050),BCAL0298,0,156.3077934,-0.302196005,0.210348651,-1.43664342,0.150819339,0.519603615
sgRNA1747,0,WQ49_RS01035,BCAL3270,0,180.6642144,-0.285449697,0.199380519,-1.431682982,0.152234569,0.520911484
sgRNA1931,WQ49_RS16525,WQ49_RS16525,BCAM0986,aspartate-semialdehyde dehydrogenase,171.6828504,0.285938797,0.201593665,1.418391776,0.156076415,0.526888839
sgRNA1986,WQ49_RS25500,WQ49_RS25500,BCAL0873,ubiquinone/menaquinone biosynthesis C-methyltransferase UbiE,242.2028462,-0.249085348,0.175575727,-1.418677585,0.155993035,0.526888839
sgRNA1534,WQ49_RS02220,trxB,BCAL3035,thioredoxin reductase,627.4986736,-0.181757812,0.128736073,-1.411863876,0.157990046,0.529793288
sgRNA2061,WQ49_RS33360,WQ49_RS33360,BCAL1269,glmM,138.9495651,-0.324674313,0.230825745,-1.406577562,0.15955269,0.531490088
sgRNA1752,0,WQ49_RS03550 (WQ49_RS03555),5.625E+13,0,174.2174648,0.277587514,0.200342343,1.385565871,0.165879506,0.548930206
sgRNA1616,WQ49_RS22430,WQ49_RS22425,BCAM2647,membrane protein,351.9070945,-0.210461276,0.153916328,-1.367374591,0.171507922,0.560184967
sgRNA1651,WQ49_RS28900,WQ49_RS28900,BCAL2146,aspartate kinase,567.9613635,0.184261668,0.134739193,1.367543206,0.171455104,0.560184967
sgRNA1643,WQ49_RS27870,WQ49_RS27870,BCAL2344,NADH-quinone oxidoreductase subunit A,466.9595258,0.186908543,0.137315405,1.361162227,0.173462428,0.562913557
sgRNA1852,WQ49_RS03595,WQ49_RS03595,BCAM1582,3-alpha-hydroxysteroid dehydrogenase,473.118498,-0.184266912,0.135742761,-1.357471376,0.174631482,0.563074587
sgRNA1861,WQ49_RS05100,WQ49_RS05100,BCAM1881,hypothetical protein,73.08362139,-0.397385472,0.295233792,-1.346002667,0.178301656,0.571246708
sgRNA1667,WQ49_RS30305,WQ49_RS30305,BCAL1879,RNA chaperone Hfq,1178.9149,-0.155911648,0.116511002,-1.338171026,0.180840692,0.575714354
sgRNA1404,WQ49_RS12400,rpoB,BCAL0226,DNA-directed RNA polymerase subunit beta',650.673791,0.163394145,0.123394936,1.324156003,0.185451239,0.583012334
sgRNA1415,WQ49_RS27300,parC/DNA topoisomerase IV subunit A/B,BCAL2454,DNA topoisomerase IV subunit A,185.2898661,0.258257048,0.19490385,1.325048465,0.185155077,0.583012334
sgRNA2062,WQ49_RS34140,WQ49_RS34140,BCAL1096,"exodeoxyribonuclease V, gamma subunit",177.5245721,0.263576157,0.199988437,1.317956982,0.187518049,0.585848314
sgRNA1342,WQ49_RS23255,BCAL0422,BCAL0422,DNA polymerase III subunit beta,347.6222327,-0.199112745,0.152971264,-1.301634953,0.193041205,0.596509643
sgRNA1343,WQ49_RS23255,BCAL0422,BCAL0422,DNA polymerase III subunit beta,1174.685331,-0.138432144,0.106982105,-1.293974766,0.195674137,0.596509643
sgRNA1483,WQ49_RS00345,WQ49_RS00345,BCAL3413,aroE,1677.042938,0.127650993,0.098155569,1.300496698,0.193430787,0.596509643
sgRNA1649,WQ49_RS28705,WQ49_RS28705,BCAL2186,cell division protein FtsX,640.8779422,-0.162224963,0.125065105,-1.29712411,0.194588487,0.596509643
sgRNA1881,WQ49_RS09765,WQ49_RS09765,BCAS0299,pilus assembly protein,440.8793326,-0.203881437,0.158196572,-1.288785429,0.197472693,0.598366052
sgRNA1441,WQ49_RS23480,fmt,BCAL0466,methionyl-tRNA formyltransferase,1694.000854,0.132934265,0.103514541,1.284208603,0.199068976,0.599590987
sgRNA1876,WQ49_RS08940,WQ49_RS08940,BCAS0600,#N/A,533.7643299,0.172766362,0.135999345,1.270347011,0.20396105,0.610669095
sgRNA1376,WQ49_RS01680,pyrB/Holliday junction DNA helicase,BCAL3141,Holliday junction DNA helicase,1791.258139,-0.124939902,0.09901612,-1.261813754,0.207015812,0.616147653
sgRNA1562,WQ49_RS01810,WQ49_RS01810,BCAL3113,phosphoglucomutase,623.6289724,-0.167380218,0.135295499,-1.237145505,0.216033069,0.637074308
sgRNA1837,WQ49_RS01005 ,WQ49_RS01005 ,BCAL3276,#N/A,312.2822419,0.195100109,0.157889687,1.235673548,0.216579934,0.637074308
sgRNA1599,WQ49_RS13000,WQ49_RS13000,BCAL0032,ATP synthase subunit b,741.773687,-0.150054564,0.12227574,-1.227181812,0.219754264,0.639888708
sgRNA1642,WQ49_RS27860,WQ49_RS27855,BCAL2345,preprotein translocase subunit SecG,269.2590861,0.204212164,0.1669849,1.222937903,0.221353151,0.639888708
sgRNA1952,WQ49_RS20055,WQ49_RS20055,BCAM0277,hypothetical protein,147.6873011,0.261683484,0.213567881,1.225294188,0.220464397,0.639888708
sgRNA1708,0,alpha/beta hydrolase 7th gene op,BCAM2699,0,157.4894226,0.262001259,0.215063685,1.218249654,0.223129116,0.64133683
sgRNA2045,WQ49_RS32160,WQ49_RS32160,BCAL1516,dihydrolipoamide succinyltransferase,166.3496655,-0.274708051,0.227921459,-1.205275064,0.228097132,0.651891237
sgRNA1872,WQ49_RS07525,WQ49_RS07525,BCAM2369,cytochrome C,308.1805323,-0.191184055,0.159068916,-1.201894497,0.229404407,0.651923258
sgRNA1902,WQ49_RS12235,WQ49_RS12235,BCAL0259,30S ribosomal protein S4,199.3880333,0.233711223,0.195239895,1.197046447,0.231288451,0.653584781
sgRNA1705,0,hypothetical,6.50704E+13,0,80.46777199,-0.35052259,0.293897365,-1.192670069,0.232998612,0.654739117
sgRNA1444,WQ49_RS28880,cysS,BCAL2150,cysteine--tRNA ligase,1244.321059,0.123054843,0.104291392,1.179913711,0.238034536,0.661670752
sgRNA1652,WQ49_RS29015,WQ49_RS29015,BCAL2126,glutamate--tRNA ligase,515.1354661,0.156740249,0.132857898,1.179758612,0.238096235,0.661670752
sgRNA2070,WQ49_RS34660,WQ49_RS34660,BCAL2880,rpmF,181.6934655,-0.23478278,0.199710634,-1.175614812,0.239748834,0.662602546
sgRNA1466,WQ49_RS24210,glmU,BCAL0612,bifunctional protein GlmU,393.8856517,0.167385742,0.144387643,1.159280247,0.246341971,0.670311358
sgRNA1789,0,WQ49_RS29230,BCAL2091,0,96.37766465,-0.3021986,0.261718874,-1.154668731,0.248226109,0.670311358
sgRNA1935,WQ49_RS16730,WQ49_RS16730,BCAM0946a,hypothetical protein,410.2958106,-0.169089466,0.145955268,-1.158501973,0.246659247,0.670311358
sgRNA2047,WQ49_RS32315,WQ49_RS32315,BCAL1486,phenylalanyl-tRNA synthetase subunit beta,141.0743529,0.253072525,0.218586175,1.157770038,0.246957894,0.670311358
sgRNA2074,WQ49_RS34830,WQ49_RS34830,BCAL2912,thyA,142.9112734,-0.259623093,0.225310223,-1.152291666,0.24920124,0.670311358
sgRNA1959,WQ49_RS22225,WQ49_RS22225,BCAM2688,N-acylglucosamine 2-epimerase,246.3221812,-0.206389612,0.179704298,-1.14849569,0.250763991,0.670927062
sgRNA2069,WQ49_RS34640,WQ49_RS34640,BCAL2876,fabG,214.8649398,0.208661186,0.183108162,1.139551531,0.254473188,0.67724875
sgRNA1981,WQ49_RS25150,WQ49_RS25150,BCAL0802,ipk,181.4844409,0.228800911,0.205158087,1.115241979,0.264746742,0.700882163
sgRNA1563,WQ49_RS01815,WQ49_RS01815,BCAL3112,glycosyl transferase family 1,739.3236782,0.146942226,0.133260731,1.102667119,0.270171751,0.707793701
sgRNA1776,0,WQ49_RS24070,BCAL0585,0,104.8929948,-0.274444686,0.24851521,-1.104337582,0.269446726,0.707793701
sgRNA1968,WQ49_RS23715,WQ49_RS23715,BCAL0512,membrane protein,147.3910091,-0.238250619,0.21874814,-1.089154948,0.276085562,0.715830091
sgRNA1983,WQ49_RS25185,WQ49_RS25185,BCAL0809,HPr kinase/phosphorylase,488.5873031,-0.151213775,0.138546756,-1.091427757,0.275084704,0.715830091
sgRNA1425,WQ49_RS26005,cbbA,BCAL2839,fructose-bisphosphate aldolase,412.9520962,0.159119766,0.147391816,1.07956988,0.28033376,0.719427965
sgRNA1623,WQ49_RS24810,WQ49_RS24810,BCAL0734,PTS fructose transporter subunit IIA,166.4406248,-0.226600974,0.209771134,-1.080229534,0.28003998,0.719427965
sgRNA1650,WQ49_RS28730,WQ49_RS28730,BCAL2181,pyrG,68.69763733,-0.344354568,0.320856858,-1.073234243,0.28316603,0.723007681
sgRNA1539,WQ49_RS26005,cbbA,BCAL2839,fructose-bisphosphate aldolase,351.3654856,0.162863106,0.152452452,1.068287876,0.285390676,0.725007626
sgRNA1653,WQ49_RS29105,WQ49_RS29105,BCAL2115A,tRNA threonylcarbamoyl adenosine modification protein YeaZ,2602.888212,0.096778093,0.091054036,1.062864396,0.287843451,0.72519817
sgRNA1915,WQ49_RS13265,WQ49_RS13265,BCAL0083a,hypothetical protein,276.4912073,0.178821226,0.168421208,1.061750046,0.288349173,0.72519817
sgRNA2035,WQ49_RS30025,WQ49_RS30025,BCAL1935,polysaccharide deacetylase,291.7153003,-0.175429583,0.168071992,-1.043776425,0.296588841,0.742209887
sgRNA1533,WQ49_RS02220,trxB,BCAL3035,thioredoxin reductase,399.4533208,0.148734429,0.14497243,1.02594975,0.304915271,0.755528971
sgRNA2026,WQ49_RS29180,WQ49_RS29180,BCAL2101,"2,3,4,5-tetrahydropyridine-2,6-dicarboxylate N-succinyltransferase",1195.106315,0.112448504,0.109514491,1.026791092,0.304518845,0.755528971
sgRNA1434,WQ49_RS12210,hemB,BCAL0264,delta-aminolevulinic acid dehydratase,479.0100925,0.13774498,0.134986772,1.020433168,0.30752307,0.758255414
sgRNA1528,WQ49_RS02150,hemL,BCAL3049,"glutamate-1-semialdehyde 2,1-aminomutase",77.0337684,-0.28960142,0.287061884,-1.008846651,0.313048184,0.768113349
sgRNA1367,WQ49_RS13015,F0F1 ATP synthase Operon,BCAL0035,ATP synthase subunit gamma,565.3804006,0.13508976,0.140385834,0.962274867,0.33591155,0.804104456
sgRNA1454,WQ49_RS28890,BCAL2148,BCAL2148,acetyl-CoA carboxylase carboxyltransferase subunit alpha,2203.656605,0.090351062,0.094413494,0.956971915,0.338581431,0.804104456
sgRNA1524,WQ49_RS29885,BCAL1963,BCAL1963,DNA polymerase III subunit delta',1385.945278,0.099012163,0.101804931,0.972567466,0.330768319,0.804104456
sgRNA1635,WQ49_RS26645,WQ49_RS26640,BCAL2710,ispH,205.1045611,0.185087078,0.194108615,0.953523253,0.34032502,0.804104456
sgRNA1743,0,WQ49_RS00050,BCAL3469,0,692.6180786,0.117604137,0.122654677,0.958823091,0.337647875,0.804104456
sgRNA1870,WQ49_RS07185,WQ49_RS07185,BCAM2303,methylamine utilization protein MauE,309.0511437,-0.155351721,0.161458175,-0.962179347,0.335959522,0.804104456
sgRNA1963,WQ49_RS23555,WQ49_RS23555,BCAL0480,rod shape-determining protein MreD,145.1208066,-0.210427919,0.220767106,-0.953166996,0.340505465,0.804104456
sgRNA2065,WQ49_RS34570,WQ49_RS34570,BCAL2862,pyridoxine 5'-phosphate synthase,94.16053071,-0.254670532,0.262937835,-0.968557957,0.332765789,0.804104456
sgRNA1624,WQ49_RS24980,WQ49_RS24980,BCAL0768,recombinase RecA,211.0987706,0.173860016,0.183075336,0.949663786,0.342283116,0.804525269
sgRNA1449,WQ49_RS25535,aspS,BCAL0880,aspartate--tRNA(Asp/Asn) ligase,1405.651934,0.095423065,0.101081224,0.944023646,0.345157565,0.805816749
sgRNA1679,WQ49_RS34545,WQ49_RS34545,BCAL2857,hypothetical protein,402.6806306,-0.142435015,0.151155992,-0.942304791,0.346036616,0.805816749
sgRNA1484,WQ49_RS00430,WQ49_RS00430,BCAL3396,thiamine monophosphate kinase,1258.256323,-0.098683621,0.105470483,-0.935651549,0.349452624,0.81002152
sgRNA1565,WQ49_RS02275,WQ49_RS02265,BCAL3025,cell division topological specificity factor,177.7021067,-0.195343445,0.209482678,-0.932504048,0.351076095,0.810051725
sgRNA1432,WQ49_RS00925,pyrroline-5-carboxylate reductase,BCAL3292,pyrroline-5-carboxylate reductase,621.0907142,-0.115694938,0.128093223,-0.90320889,0.366415041,0.813082822
sgRNA1440,WQ49_RS30045,arnA1,BCAL1931,aminotransferase DegT,985.2958144,0.101419341,0.112410398,0.90222384,0.366937973,0.813082822
sgRNA1450,WQ49_RS23690,diaminopimelate epimerase,BCAL0507,diaminopimelate epimerase,358.2736213,0.142705117,0.156872017,0.909691352,0.362985306,0.813082822
sgRNA1603,WQ49_RS14005,WQ49_RS14005,pBCA094,twitching motility protein PilT,273.3182437,0.154802864,0.167679084,0.923209147,0.355898223,0.813082822
sgRNA1873,WQ49_RS07630,WQ49_RS07630,BCAM2390,sarcosine oxidase delta subunit family protein,267.0366912,-0.162125527,0.175842909,-0.9219907,0.356533426,0.813082822
sgRNA1884,WQ49_RS10530,WQ49_RS10530,BCAS0151,hypothetical protein,272.8998567,-0.154221292,0.170661859,-0.903665835,0.366172621,0.813082822
sgRNA1976,WQ49_RS24695,WQ49_RS24695,BCAL0710,lipoyl synthase,175.2235726,-0.180935583,0.198166544,-0.913048081,0.361217255,0.813082822
sgRNA2049,WQ49_RS32335,WQ49_RS32335,1.63942E+13,translation initiation factor IF-3,238.0111949,-0.163337669,0.180033152,-0.907264398,0.364266996,0.813082822
sgRNA2056,WQ49_RS32790,WQ49_RS32790,BCAL1393,hypothetical protein,195.2909419,-0.176809661,0.195178266,-0.905888064,0.364995103,0.813082822
sgRNA1418,WQ49_RS00545,leuS,BCAL3373,leuS,327.6297575,0.137583669,0.159379296,0.863246806,0.388001784,0.818887947
sgRNA1420,WQ49_RS00555,leuS,BCAL3371,DNA polymerase III subunit delta,90.29618059,-0.230047617,0.266461836,-0.863341709,0.387949618,0.818887947
sgRNA1442,WQ49_RS27525,dnaE,BCAL2409,dnaE,1244.310213,0.091571792,0.103599644,0.88390064,0.376749851,0.818887947
sgRNA1507,WQ49_RS11660,hemA,BCAL0375,glutamyl-tRNA reductase,1054.699216,-0.097262063,0.109880583,-0.885161517,0.376069525,0.818887947
sgRNA1637,WQ49_RS26855,WQ49_RS26850,BCAL2670,diacylglyceryl transferase,951.7407101,-0.097491335,0.111782891,-0.872148986,0.383127105,0.818887947
sgRNA1659,WQ49_RS29725,WQ49_RS29725,BCAL1994,peptidase,1561.368072,-0.084815207,0.099156905,-0.855363595,0.392349891,0.818887947
sgRNA1677,WQ49_RS33435,WQ49_RS33435,BCAL1254,DNA polymerase III subunit epsilon,450.4736718,0.124227443,0.143781244,0.864003119,0.387586177,0.818887947
sgRNA1688,0,glycosyl trasnferase 5th gene op,BCAM2338,0,149.1840258,0.185131641,0.212717231,0.870318026,0.384126631,0.818887947
sgRNA1758,0,WQ49_RS09185 (WQ49_RS09185),BCAS0417,0,110.3431674,-0.214777843,0.250527595,-0.85730214,0.391277926,0.818887947
sgRNA1914,WQ49_RS13005,WQ49_RS13005,BCAL0033,ATP synthase subunit delta,399.3647073,0.126176026,0.145165831,0.869185439,0.384745711,0.818887947
sgRNA1943,WQ49_RS18035,WQ49_RS18035,BCAM0681,3-beta hydroxysteroid dehydrogenase,208.9206382,-0.166690078,0.194336329,-0.85774018,0.391035948,0.818887947
sgRNA1994,WQ49_RS26315,WQ49_RS26315,BCAL2777,N-acetylmuramoyl-L-alanine amidase,159.82492,-0.183926382,0.213193501,-0.862720399,0.388291214,0.818887947
sgRNA1998,WQ49_RS26400,WQ49_RS26400,BCAL2760,hypothetical protein,102.0497398,-0.220363474,0.253076764,-0.87073768,0.3838974,0.818887947
sgRNA2001,WQ49_RS26630,WQ49_RS26630,BCAL2714,rpmB,64.32650215,-0.280034653,0.321007441,-0.872361874,0.383010993,0.818887947
sgRNA1388,WQ49_RS20605,pyridine nucleotide-disulfide oxidoreductase,BCAM0905,0,323.4218375,-0.132449776,0.155860232,-0.849798401,0.395437179,0.821748363
sgRNA1883,WQ49_RS10355,WQ49_RS10355,BCAS0186,FMN-dependent NADH-azoreductase,541.264902,-0.120955741,0.142802668,-0.847013175,0.396987778,0.821748363
sgRNA1578,WQ49_RS05015,WQ49_RS05015,BCAM1863,hypothetical protein,119.866988,-0.199674823,0.239577936,-0.833444127,0.404594297,0.834061194
sgRNA1457,WQ49_RS29240,dxr,BCAL2089,uridylate kinase,798.7311682,0.10275889,0.124232574,0.827149326,0.40815243,0.834555578
sgRNA1619,WQ49_RS23700,WQ49_RS23700,BCAL0509,S-adenosylmethionine synthase,324.6956466,-0.136306312,0.164500041,-0.828609592,0.407325359,0.834555578
sgRNA1389,WQ49_RS20605,pyridine nucleotide-disulfide oxidoreductase,BCAM0905,0,551.3511218,0.105322828,0.130314266,0.808221781,0.418962921,0.837521059
sgRNA1488,WQ49_RS00605,WQ49_RS00605,BCAL3361,adenylosuccinate lyase,3409.936557,-0.072564878,0.089905104,-0.807127456,0.419593055,0.837521059
sgRNA1590,WQ49_RS10785,WQ49_RS10785,7.19946E+13,hypothetical protein,728.3906505,0.104989628,0.128243274,0.818675516,0.412971569,0.837521059
sgRNA1933,WQ49_RS16615,WQ49_RS16615,BCAM0970,sdhB,293.0884152,0.137829297,0.167846916,0.821160739,0.411554717,0.837521059
sgRNA1978,WQ49_RS25105,WQ49_RS25105,BCAL0793,cell division protein FtsY,332.9472667,-0.127631175,0.157193453,-0.811936966,0.416827802,0.837521059
sgRNA2066,WQ49_RS34590,WQ49_RS34590,BCAL2866,signal peptidase,246.466209,-0.140518894,0.172896831,-0.812732616,0.416371377,0.837521059
sgRNA1559,WQ49_RS01650,WQ49_RS01650,BCAL3147,molecular chaperone GroES,1004.264807,-0.089372478,0.11196869,-0.798191692,0.424759258,0.838471358
sgRNA2029,WQ49_RS29610,WQ49_RS29610,BCAL2015,"2-C-methyl-D-erythritol 2,4-cyclodiphosphate synthase",374.4059522,0.122419163,0.153473574,0.797656295,0.425069973,0.838471358
sgRNA2050,WQ49_RS32340,WQ49_RS32340,BCAL1481,threonine--tRNA ligase,180.4948877,-0.157354607,0.196857179,-0.79933385,0.424096856,0.838471358
sgRNA1385,WQ49_RS20605,pyridine nucleotide-disulfide oxidoreductase,BCAM0166,0,686.9788649,0.089333098,0.121909732,0.732780699,0.463692195,0.838613808
sgRNA1419,WQ49_RS00550,leuS,BCAL3372,hypothetical protein,224.4652979,0.127717234,0.182847015,0.69849231,0.484869366,0.838613808
sgRNA1436,WQ49_RS12260,secY,BCAL0254,secY,109.8526266,0.181825851,0.243869476,0.745586754,0.455917087,0.838613808
sgRNA1469,WQ49_RS34830,thyA,BCAL2912,thyA,248.6040538,0.127375846,0.176496802,0.721689259,0.470485547,0.838613808
sgRNA1515,WQ49_RS25500,ubiE,BCAL0873,ubiquinone/menaquinone biosynthesis C-methyltransferase UbiE,416.4697319,0.110019768,0.141843842,0.775640076,0.437961531,0.838613808
sgRNA1516,WQ49_RS12260,secY,BCAL0254,secY,835.560134,-0.088743791,0.114901844,-0.772344358,0.4399105,0.838613808
sgRNA1535,WQ49_RS34830,thyA,BCAL2912,thyA,246.5173274,-0.128864703,0.183690602,-0.701531281,0.48297152,0.838613808
sgRNA1536,WQ49_RS34830,thyA,BCAL2912,thyA,235.7359371,0.131288239,0.176633854,0.743279023,0.457312769,0.838613808
sgRNA1561,WQ49_RS01710,WQ49_RS01710,BCAL3135,"dTDP-glucose 4,6-dehydratase",1185.387337,-0.080569677,0.105449101,-0.76406225,0.444830147,0.838613808
sgRNA1574,WQ49_RS04135,WQ49_RS04135,BCAM1687,uroporphyrin-III C-methyltransferase,140.2319725,0.152628312,0.217795208,0.700788203,0.483435201,0.838613808
sgRNA1632,WQ49_RS26370,WQ49_RS26370,BCAL2766,hypothetical protein,407.501922,0.112896006,0.15649785,0.721390142,0.47066951,0.838613808
sgRNA1633,WQ49_RS26380,WQ49_RS26380,BCAL2764,membrane protein,332.4769425,0.130767334,0.165313662,0.79102557,0.42892907,0.838613808
sgRNA1636,WQ49_RS26820,WQ49_RS26825,BCAL2677,permease,134.065558,0.158909736,0.2267425,0.700837892,0.483404188,0.838613808
sgRNA1694,WQ49_RS00765,NUDIX hydrolase,BCAL3328,0,111.732413,-0.187461179,0.249082941,-0.75260545,0.451687042,0.838613808
sgRNA1699,0,SMC-Scp Complex subunit,BCAL1503,0,79.82857922,0.195417772,0.279958578,0.698023876,0.485162262,0.838613808
sgRNA1701,0,nusA [Control],BCAL1506,0,144.7230045,0.167096686,0.218035495,0.766373777,0.443453931,0.838613808
sgRNA1702,0,NUDIX hydrolase,BCAL3328,0,207.3741442,-0.144059271,0.191105211,-0.753821787,0.45095624,0.838613808
sgRNA1707,0,SMC-Scp Complex subunit,BCAL1503,0,83.9432463,0.208067933,0.288283844,0.721746771,0.470450181,0.838613808
sgRNA1744,0,WQ49_RS00885,BCAL3305,0,229.9181983,0.136125946,0.185490195,0.733871384,0.463027129,0.838613808
sgRNA1754,0,WQ49_RS03805 (WQ49_RS03870),BCAM1624,0,714.3341288,-0.087486459,0.122883818,-0.711944505,0.476499142,0.838613808
sgRNA1763,0,WQ49_RS11915 (WQ49_RS11920),BCAL0324,0,117.1868214,-0.186921371,0.241188594,-0.775000873,0.438339144,0.838613808
sgRNA1780,0,WQ49_RS25680,BCAL0909,0,613.0978805,-0.089978771,0.128620885,-0.699565789,0.484198514,0.838613808
sgRNA1795,0,WQ49_RS31805 (WQ49_RS31760),BCAL1585,0,186.7099041,-0.144852078,0.193185383,-0.749808685,0.453369937,0.838613808
sgRNA1796,0,WQ49_RS32625 (WQ49_RS32650),BCAL1424,0,187.6601878,-0.140971387,0.199443556,-0.706823471,0.479676187,0.838613808
sgRNA1831,WQ49_RS00720 ,WQ49_RS00720 ,BCAL3338,#N/A,316.2222631,0.127438266,0.168634237,0.755708142,0.449824201,0.838613808
sgRNA1853,WQ49_RS03680,WQ49_RS03680,#N/A,#N/A,160.1657167,0.159641165,0.213115514,0.749082797,0.453807303,0.838613808
sgRNA1864,WQ49_RS05330,WQ49_RS05330,BCAM1936,cysteine hydrolase,128.0133374,-0.170248543,0.22973774,-0.741056055,0.458659453,0.838613808
sgRNA1911,WQ49_RS12405,WQ49_RS12405,BCAL0225,rplL,309.2356704,-0.121998463,0.158548744,-0.769469754,0.441614493,0.838613808
sgRNA1922,WQ49_RS15155,WQ49_RS15155,BCAM1267,4-hydroxyproline 2-epimerase,211.6540919,0.135633952,0.189959535,0.714014971,0.475217922,0.838613808
sgRNA1932,WQ49_RS16580,WQ49_RS16580,BCAM0977,AsnC family transcriptional regulator,196.1756537,-0.144391595,0.202973495,-0.711381525,0.476847844,0.838613808
sgRNA1944,WQ49_RS18245,WQ49_RS18245,BCAM0639,LuxR family transcriptional regulator,286.4003766,-0.13198525,0.180394802,-0.731646637,0.464384275,0.838613808
sgRNA1946,WQ49_RS18590,WQ49_RS18590,BCAM0572,flagellin N-methylase,257.0539935,-0.120618022,0.170076304,-0.709199454,0.478200712,0.838613808
sgRNA1964,WQ49_RS23565,WQ49_RS23565,BCAL0482,rod shape-determining protein MreB,98.1413584,0.200860846,0.259925203,0.772764025,0.439662048,0.838613808
sgRNA2017,WQ49_RS28710,WQ49_RS28710,BCAL2185,ABC transporter ATP-binding protein,230.3261824,0.13967299,0.180106278,0.775503174,0.438042391,0.838613808
sgRNA2048,WQ49_RS32325,WQ49_RS32325,BCAL1484,rplT,141.2117195,0.175556542,0.221067734,0.794130102,0.427119695,0.838613808
sgRNA2077,WQ49_RS34940,WQ49_RS34940,BCAL2934,electron transfer flavoprotein subunit beta,148.0501347,0.161988706,0.22014094,0.735840896,0.46182753,0.838613808
sgRNA1794,0,WQ49_RS31805 (WQ49_RS31760),BCAL1585,0,108.6419875,-0.173692173,0.250038085,-0.694662868,0.487266604,0.839366786
sgRNA1792,0,WQ49_RS31735,WQ49_31765,0,151.3671533,0.156251095,0.226841562,0.688811581,0.490941847,0.839944724
sgRNA1834,WQ49_RS00745 ,WQ49_RS00745 ,BCAL3333,#N/A,238.9634712,0.121560633,0.175916457,0.691013421,0.489557107,0.839944724
sgRNA1422,WQ49_RS26005,cbbA,BCAL2839,fructose-bisphosphate aldolase,20.40396584,0.369753499,0.541279378,0.683110264,0.49453717,0.843227785
sgRNA1844,WQ49_RS01760,WQ49_RS01760,BCAL3123,acetyltransferase,45.31358253,0.247577901,0.365404484,0.677544782,0.498060367,0.846366096
sgRNA1646,WQ49_RS28490,WQ49_RS28490,BCAL2224,glnA,257.5832589,0.11323606,0.169295803,0.668865133,0.503581514,0.847162212
sgRNA1682,WQ49_RS35065,WQ49_RS35065,BCAL2959,ubiquinone biosynthesis O-methyltransferase,33.35437801,0.285088564,0.42311163,0.673790424,0.500444564,0.847162212
sgRNA1828,WQ49_RS00665 ,WQ49_RS00665 ,BCAL3348a,#N/A,267.9838832,0.11365819,0.169733329,0.669628002,0.503094959,0.847162212
sgRNA1532,WQ49_RS02150,hemL,BCAL3049,"glutamate-1-semialdehyde 2,1-aminomutase",325.6077186,-0.104769546,0.159429567,-0.65715255,0.511082832,0.855671343
sgRNA1625,WQ49_RS25115,WQ49_RS25115,BCAL0795,phosphopantetheine adenylyltransferase,303.97801,0.104101549,0.159165522,0.654045849,0.513082268,0.855671343
sgRNA1689,0,hypothetical,6.50704E+13,0,241.8404087,-0.114833384,0.177054848,-0.648575201,0.516612989,0.855671343
sgRNA2010,WQ49_RS27880,WQ49_RS27880,BCAL2342,NADH-quinone oxidoreductase subunit C,123.7013517,-0.154445048,0.238997703,-0.646219799,0.518137019,0.855671343
sgRNA2020,WQ49_RS28860,WQ49_RS28860,BCAL2154,"UDP-2,3-diacylglucosamine hydrolase",102.8308045,0.163677021,0.25371381,0.645124604,0.518846441,0.855671343
sgRNA2021,WQ49_RS28895,WQ49_RS28895,BCAL2147,tRNA(Ile)-lysidine synthetase,436.7059936,0.090001336,0.139196468,0.646577726,0.517905278,0.855671343
sgRNA1627,WQ49_RS25515,WQ49_RS25510,BCAL0876,ubiquinone biosynthesis protein UbiB,259.786746,-0.107054625,0.168635868,-0.634827135,0.525541164,0.863879757
sgRNA1391,WQ49_RS20605,pyridine nucleotide-disulfide oxidoreductase,BCAM0905,0,329.7691137,-0.096165745,0.154177702,-0.623733161,0.532802842,0.867707411
sgRNA1405,WQ49_RS12395,rpoB,BCAL0227,DNA-directed RNA polymerase subunit beta',502.6835853,0.084712428,0.135203934,0.626552978,0.530952299,0.867707411
sgRNA1421,WQ49_RS00550,leuS,BCAL3372,hypothetical protein,2771.313965,0.060338839,0.098031155,0.615506763,0.538220104,0.867707411
sgRNA1783,0,WQ49_RS26625 (WQ49_RS26630),BCAL2715,0,321.2406961,-0.096650303,0.156842042,-0.616227012,0.537744703,0.867707411
sgRNA1921,WQ49_RS15145,WQ49_RS15145,BCAM1268a,(2Fe-2S)-binding protein,160.5739908,-0.130393476,0.210575521,-0.619224285,0.535768616,0.867707411
sgRNA2053,WQ49_RS32665,WQ49_RS32665,BCAL1416,alanine--tRNA ligase,135.5458258,0.139533889,0.225082333,0.619923769,0.535307976,0.867707411
sgRNA1462,WQ49_RS02220,trxB,BCAL3035,thioredoxin reductase,624.4085368,-0.077485482,0.127381325,-0.608295463,0.54299153,0.869824011
sgRNA1471,WQ49_RS23545,rodA,BCAL0478,cell wall shape-determining protein,640.6694725,-0.084984935,0.139482787,-0.609286182,0.542334764,0.869824011
sgRNA1569,WQ49_RS02850,WQ49_RS02850,BCAM1437,MarR family transcriptional regulator,89.62172901,-0.161948267,0.268898375,-0.602265697,0.546997291,0.870211036
sgRNA1607,WQ49_RS15825,WQ49_RS15825,BCAM1131,LysR family transcriptional regulator,316.5578019,-0.099943612,0.167261126,-0.597530426,0.550153299,0.870211036
sgRNA1788,0,WQ49_RS29230,BCAL2091,0,110.4283451,-0.147458985,0.245958496,-0.59952792,0.548820897,0.870211036
sgRNA1859,WQ49_RS04205,WQ49_RS04205,BCAM1701,hypothetical protein,261.7034766,0.102270353,0.170172889,0.600979122,0.547853892,0.870211036
sgRNA1476,WQ49_RS00160,WQ49_RS00160,BCAL3448,dephospho-CoA kinase,419.8162757,-0.084018075,0.142080299,-0.591342184,0.55429117,0.874007707
sgRNA1605,WQ49_RS14675,WQ49_RS14675,BCAM1362,cell division protein,398.8833828,0.084418202,0.145182143,0.581464084,0.560927718,0.880456867
sgRNA1905,WQ49_RS12260,WQ49_RS12260,BCAL0254,secY,472.4332261,-0.078791805,0.135836617,-0.580048345,0.561882016,0.880456867
sgRNA1584,WQ49_RS08550,WQ49_RS08550,0,#N/A,121.7251359,-0.145860992,0.254199195,-0.573805878,0.566099171,0.884310196
sgRNA1568,WQ49_RS02650,WQ49_RS02650,BCAM1397A,farnesyl-diphosphate farnesyltransferase,408.3257149,0.07993118,0.142519913,0.560842189,0.574905123,0.889776237
sgRNA1591,WQ49_RS11285,WQ49_RS11285,BCAS0003,chromosome partitioning protein,370.5831724,0.094966575,0.168463501,0.563721957,0.572943372,0.889776237
sgRNA1620,WQ49_RS24230,WQ49_RS24230,BCAL0616,hypothetical protein,332.7430551,0.087543455,0.155530339,0.562870598,0.573523003,0.889776237
sgRNA1416,WQ49_RS27295,parC/DNA topoisomerase IV subunit A/B,BCAL2455,DNA topoisomerase IV subunit B,255.226411,0.093993027,0.170433568,0.551493629,0.581295333,0.891437659
sgRNA1448,WQ49_RS32320,pheS,BCAL1485,phenylalanine--tRNA ligase subunit alpha,761.0945272,-0.068316676,0.123443315,-0.553425482,0.579972094,0.891437659
sgRNA1746,0,WQ49_RS01035,BCAL3270,0,165.1911532,-0.119805226,0.215827624,-0.555096812,0.578828444,0.891437659
sgRNA1435,WQ49_RS25500,ubiE,BCAL0873,ubiquinone/menaquinone biosynthesis C-methyltransferase UbiE,1462.350863,0.062976676,0.115383448,0.545803379,0.5852011,0.891988343
sgRNA1906,WQ49_RS12320,WQ49_RS12320,BCAL0242,50S ribosomal protein L29,131.191525,0.122698441,0.223944542,0.547896547,0.58376294,0.891988343
sgRNA1967,WQ49_RS23695,WQ49_RS23695,BCAL0508,lauroyl acyltransferase,115.6634322,-0.137105393,0.254428224,-0.538876507,0.589972069,0.896543657
sgRNA1622,WQ49_RS24600,WQ49_RS24600,BCAL0691,"bifunctional protein RfaE, domain II",133.4658494,-0.121095521,0.2274475,-0.532410869,0.594441459,0.897910072
sgRNA1793,0,WQ49_RS31735,WQ49_31765,0,156.8957574,-0.113110404,0.21202828,-0.533468478,0.593709326,0.897910072
sgRNA1451,WQ49_RS00230,proS,BCAL3436,proline--tRNA ligase,1837.732148,0.051431643,0.098413709,0.522606486,0.601248126,0.904157856
sgRNA1585,WQ49_RS08710,WQ49_RS08710,7.79439E+13,#N/A,489.6043609,0.0716947,0.137536251,0.52127857,0.602172727,0.904157856
sgRNA1486,WQ49_RS00565,WQ49_RS00565,BCAL3369,membrane protein,1014.99781,-0.056913084,0.112762993,-0.504714203,0.613759584,0.912512504
sgRNA1601,WQ49_RS13045,WQ49_RS13045,BCAL0041,primosome assembly protein PriA,260.9460398,-0.085437762,0.169477977,-0.504123093,0.61417488,0.912512504
sgRNA1879,WQ49_RS09490,WQ49_RS09490,BCAS0355,xylose isomerase,222.7128824,-0.093494287,0.185754023,-0.503323081,0.614737142,0.912512504
sgRNA2036,WQ49_RS30050,WQ49_RS30050,BCAL1930,4-amino-4-deoxy-L-arabinose transferase,183.2603326,-0.102521488,0.203836911,-0.502958405,0.614993516,0.912512504
sgRNA1453,WQ49_RS30025,BCAL1935,BCAL1935,polysaccharide deacetylase,380.5514056,0.078536876,0.158911032,0.494219154,0.621151414,0.913564799
sgRNA1750,0,WQ49_RS03160,BCAM1502,0,108.7327984,-0.120666645,0.243701443,-0.49514128,0.620500397,0.913564799
sgRNA1871,WQ49_RS07270,WQ49_RS07270,BCAM2320,drug:proton antiporter,514.4087822,-0.066340225,0.133181538,-0.498118778,0.618400326,0.913564799
sgRNA1473,WQ49_RS00120,WQ49_RS00120,BCAL3455,UDP-3-O-[3-hydroxymyristoyl] N-acetylglucosaminedeacetylase,1158.474728,-0.050977461,0.108421456,-0.470178719,0.638227337,0.917223859
sgRNA1573,WQ49_RS04030,WQ49_RS04030,BCAM1668,hypothetical protein,343.5083761,0.079466201,0.167834374,0.473479892,0.635870844,0.917223859
sgRNA1576,WQ49_RS04585,WQ49_RS04585,BCAM1775,transglycosylase,457.1969026,0.06612561,0.140344541,0.471166245,0.637522021,0.917223859
sgRNA1628,WQ49_RS25605,WQ49_RS25605,BCAL0894,LPS-assembly protein LptD,145.7991674,-0.101122649,0.214537304,-0.471352288,0.637389182,0.917223859
sgRNA1848,WQ49_RS02600,WQ49_RS02600,BCAM1387,ABC transporter,246.8838927,0.090651918,0.1876688,0.483042028,0.629065895,0.917223859
sgRNA1907,WQ49_RS12320,WQ49_RS12320,BCAL0242,50S ribosomal protein L29,917.752335,-0.066308302,0.136637316,-0.485286915,0.627472836,0.917223859
sgRNA1975,WQ49_RS24610,WQ49_RS24610,BCAL0693,type III pantothenate kinase,84.35493067,0.132136755,0.278639249,0.474221614,0.635341882,0.917223859
sgRNA2016,WQ49_RS28680,WQ49_RS28680,BCAL2190,lysine--tRNA ligase,136.3572916,0.106165177,0.224672652,0.472532709,0.636546601,0.917223859
sgRNA1787,0,WQ49_RS28635,BCAL2199,0,235.0549092,-0.085402071,0.183107666,-0.466403583,0.640926647,0.918478928
sgRNA1751,0,WQ49_RS03160,BCAM1502,0,120.4778017,-0.110445001,0.239115048,-0.461890633,0.644159752,0.920489645
sgRNA1464,WQ49_RS30025,BCAL1935,BCAL1935,polysaccharide deacetylase,892.5781487,0.050993058,0.112188524,0.45453007,0.649447354,0.925416485
sgRNA1586,WQ49_RS09335,WQ49_RS09335,7.53894E+13,#N/A,352.1248893,-0.072294926,0.161502912,-0.447638527,0.654414093,0.929859573
sgRNA1423,WQ49_RS26005,cbbA,BCAL2839,fructose-bisphosphate aldolase,464.090644,0.063606639,0.145414573,0.437415853,0.66180979,0.930093707
sgRNA1445,WQ49_RS00060,murC,BCAL3467,"UDP-N-acetylmuramoylalanyl-D-glutamate--2, 6-diaminopimelate ligase",32116.41836,-0.036728225,0.083143297,-0.441746068,0.658672969,0.930093707
sgRNA1670,WQ49_RS31260,WQ49_RS31260,BCAL1695,peptide ABC transporter ATP-binding protein,625.131246,0.054144037,0.12442689,0.43514739,0.663455447,0.930093707
sgRNA1954,WQ49_RS20870,WQ49_RS20870,BCAM0115,TetR family transcriptional regulator,562.0680036,-0.057237969,0.131690765,-0.434639202,0.663824335,0.930093707
sgRNA1961,WQ49_RS23260,WQ49_RS23260,BCAL0423,chromosomal replication initiator protein DnaA,136.2818076,0.097745758,0.223307117,0.437718954,0.661590028,0.930093707
sgRNA1993,WQ49_RS26315,WQ49_RS26315,BCAL2777,N-acetylmuramoyl-L-alanine amidase,106.2578428,0.110096889,0.258770254,0.42546192,0.670499976,0.936837466
sgRNA1538,WQ49_RS23545,rodA,BCAL0478,cell wall shape-determining protein,214.7751105,0.075658122,0.181728637,0.416324709,0.677172414,0.938340838
sgRNA1675,WQ49_RS32510,WQ49_RS32510,BCAL1447,UTP--glucose-1-phosphate uridylyltransferase,685.0019365,-0.053131586,0.126115312,-0.421293699,0.673540631,0.938340838
sgRNA2034,WQ49_RS30025,WQ49_RS30025,BCAL1935,polysaccharide deacetylase,207.8473486,-0.077703832,0.186334678,-0.417012191,0.676669491,0.938340838
sgRNA2078,WQ49_RS34980,WQ49_RS34980,BCAL2942,cysteine synthase,241.2587692,0.071224694,0.174056791,0.409203764,0.682390133,0.942973178
sgRNA1882,WQ49_RS10095,WQ49_RS10095,BCAS0233,hypothetical protein,459.9889158,-0.061463546,0.153396163,-0.400685032,0.688652033,0.946426154
sgRNA2041,WQ49_RS30950,WQ49_RS30950,#N/A,#N/A,298.7442968,-0.065744198,0.163663049,-0.401704591,0.687901445,0.946426154
sgRNA1593,WQ49_RS11660,WQ49_RS11660,BCAL0375,glutamyl-tRNA reductase,489.2758198,0.053801882,0.137187484,0.392177775,0.694926864,0.947404389
sgRNA1971,WQ49_RS24220,WQ49_RS24220,BCAL0614,diguanylate cyclase,150.1220547,-0.083420943,0.212776307,-0.392059362,0.695014353,0.947404389
sgRNA2039,WQ49_RS30285,WQ49_RS30285,BCAL1883,histidine--tRNA ligase,1251.699236,0.041171742,0.103768356,0.396765872,0.69154012,0.947404389
sgRNA1604,WQ49_RS14200,WQ49_RS14200,8.01452E+13,#N/A,575.481808,-0.049064565,0.129390191,-0.379198492,0.704540471,0.952644777
sgRNA1626,WQ49_RS25270,WQ49_RS25265,BCAL0827,single-stranded DNA-binding protein,229.4882509,0.068485462,0.17841071,0.383864074,0.701079195,0.952644777
sgRNA2011,WQ49_RS27895,WQ49_RS27895,BCAL2339,"NADH oxidoreductase (quinone), F subunit",363.3169277,-0.057732125,0.15215941,-0.379418696,0.704376969,0.952644777
sgRNA1406,WQ49_RS12400,rpoB,BCAL0226,DNA-directed RNA polymerase subunit beta',192.7046011,0.060958825,0.190224883,0.320456632,0.748622201,0.953555647
sgRNA1424,WQ49_RS26005,cbbA,BCAL2839,fructose-bisphosphate aldolase,548.4919524,0.045977505,0.13697218,0.335670388,0.737119439,0.953555647
sgRNA1459,WQ49_RS02145,hemL,BCAL3050,diaminohydroxyphosphoribosylaminopyrimidine deaminase,122.4863412,0.088699812,0.236940909,0.374354148,0.708140851,0.953555647
sgRNA1463,WQ49_RS30170,BCAL1906,BCAL1906,UDP phosphate-alpha-4-amino-4-deoxy-L-arabinose arabinosyl transferase,97.73524099,0.08606594,0.255734861,0.336543637,0.736460951,0.953555647
sgRNA1478,WQ49_RS00200,WQ49_RS00200,BCAL3442,50S ribosomal protein L21,621.5133871,0.046172623,0.125479251,0.367970181,0.712895469,0.953555647
sgRNA1506,WQ49_RS27295,parC,BCAL2455,DNA topoisomerase IV subunit B,340.4566309,-0.056595182,0.155872513,-0.363086351,0.71654038,0.953555647
sgRNA1644,WQ49_RS27875,WQ49_RS27875,BCAL2343,NADH-quinone oxidoreductase subunit B,428.0145226,-0.054061715,0.153376595,-0.352476957,0.724480597,0.953555647
sgRNA1668,WQ49_RS30405,WQ49_RS30405,2.05076E+13,hypothetical protein,380.4403121,0.049636726,0.153492554,0.323381976,0.746405978,0.953555647
sgRNA1674,WQ49_RS32505,WQ49_RS32505,BCAL1448,valyl-tRNA synthetase,321.8110374,0.052397726,0.155815756,0.336280021,0.736659715,0.953555647
sgRNA1801,0,WQ49_RS35060,BCAL2958,0,155.3898279,-0.075298301,0.214905385,-0.350378848,0.726054398,0.953555647
sgRNA1843,WQ49_RS01720,WQ49_RS01720,BCAL3133,"dTDP-4-dehydrorhamnose 3,5-epimerase",216.7726843,-0.063021503,0.18615679,-0.33853991,0.734956357,0.953555647
sgRNA1860,WQ49_RS04300,WQ49_RS04300,BCAM1720,dihydrofolate reductase,219.7261315,-0.068081521,0.194860802,-0.349385408,0.726799986,0.953555647
sgRNA1865,WQ49_RS05400,WQ49_RS05400,BCAM1949,3-oxoacyl-ACP reductase,320.7518731,-0.052783707,0.155870926,-0.338637282,0.734882994,0.953555647
sgRNA1903,WQ49_RS12240,WQ49_RS12240,BCAL0258,30S ribosomal protein S11,152.0555086,-0.077406953,0.214923484,-0.360160516,0.7187271,0.953555647
sgRNA1908,WQ49_RS12375,WQ49_RS12375,BCAL0231,fusA,121.77344,0.082298754,0.232617726,0.353793993,0.723493275,0.953555647
sgRNA1936,WQ49_RS16825,WQ49_RS16825,BCAM0928,aminoglycoside phosphotransferase APH(3'),471.2693956,0.043527433,0.136535534,0.318799301,0.749878708,0.953555647
sgRNA1940,WQ49_RS17185,WQ49_RS17185,BCAM0857,exopolysaccharide biosynthesis protein,169.4802199,0.065611637,0.200690599,0.326929301,0.743721359,0.953555647
sgRNA1947,WQ49_RS18760,WQ49_RS18760,BCAM0539,rhodanese,136.0116071,-0.072876332,0.225116981,-0.323726499,0.746145107,0.953555647
sgRNA1948,WQ49_RS19165,WQ49_RS19165,BCAM0457,hypothetical protein,182.3367961,-0.064212769,0.197475105,-0.325168931,0.745053221,0.953555647
sgRNA1957,WQ49_RS21805,WQ49_RS21805,BCAM2769,KR domain protein,251.4064838,0.059731862,0.178109401,0.335366141,0.737348906,0.953555647
sgRNA2043,WQ49_RS31350,WQ49_RS31350,BCAL1676,multidrug transporter,115.7567416,-0.086235924,0.258845435,-0.333156055,0.739016488,0.953555647
sgRNA2052,WQ49_RS32540,WQ49_RS32540,BCAL1441,transcriptional regulator,94.52874743,-0.085862674,0.270262578,-0.317700935,0.750711802,0.953555647
sgRNA2080,WQ49_RS35005,WQ49_RS35005,BCAL2947,tetratricopeptide repeat protein,145.8907442,-0.080605861,0.216201276,-0.372827867,0.709276561,0.953555647
sgRNA2083,WQ49_RS35025,WQ49_RS35025,BCAL2951,cytidylate kinase,185.9238186,-0.071332335,0.196815271,-0.362432926,0.717028538,0.953555647
sgRNA1431,WQ49_RS11660,hemA,BCAL0375,glutamyl-tRNA reductase,240.7604863,0.058163823,0.19525328,0.297889094,0.765787812,0.954294196
sgRNA1456,WQ49_RS23460,BCAL0462,BCAL0462,DNA topoisomerase III,477.5005656,-0.044699188,0.143642769,-0.311183005,0.755661502,0.954294196
sgRNA1570,WQ49_RS03130,WQ49_RS03130,BCAM1495,universal stress protein A,748.5921649,0.035762742,0.120415598,0.296994269,0.766470885,0.954294196
sgRNA1592,WQ49_RS11570,WQ49_RS11570,BCAL0394,uracil-DNA glycosylase,240.6345625,0.054868136,0.176081492,0.311606492,0.7553396,0.954294196
sgRNA1655,WQ49_RS29205,WQ49_RS29205,BCAL2096,ligA,849.9267238,-0.03716539,0.123077441,-0.301967526,0.762676819,0.954294196
sgRNA1686,WQ49_RS00765,NUDIX hydrolase,BCAL3328,0,85.47207385,0.086218845,0.281261009,0.306543893,0.759190565,0.954294196
sgRNA1790,0,WQ49_RS30770 (WQ49_RS30765),BCAL1788,0,176.9105424,-0.061493313,0.201996531,-0.30442757,0.760802166,0.954294196
sgRNA1878,WQ49_RS09480,WQ49_RS09480,BCAS0357,sugar ABC transporter,197.7926425,-0.057820501,0.189394346,-0.305291589,0.760144082,0.954294196
sgRNA1612,WQ49_RS18210,WQ49_RS18210,BCAM0646,4-oxalocrotonate tautomerase,145.9090135,0.063148551,0.217061193,0.29092511,0.771108597,0.957697837
sgRNA1439,WQ49_RS34305,astD,BCAL1062,astD,503.8480288,-0.037607424,0.132739295,-0.283317942,0.776933125,0.962555078
sgRNA1664,WQ49_RS30265,WQ49_RS30265,BCAL1887,nucleoside diphosphate kinase,430.5574539,-0.088664529,0.31758514,-0.279183494,0.78010401,0.964108887
sgRNA1841,WQ49_RS01655,WQ49_RS01655,BCAL3146,groEL,247.9302391,-0.047604774,0.172092798,-0.276622697,0.782069835,0.964169429
sgRNA1375,WQ49_RS01680,pyrB/Holliday junction DNA helicase,BCAL3141,Holliday junction DNA helicase,824.9116423,0.029865513,0.122623205,0.243555153,0.807575365,0.970978464
sgRNA1460,WQ49_RS32415,aroC,BCAL1467,chorismate synthase,758.2548093,-0.030418431,0.120455576,-0.252528209,0.800632813,0.970978464
sgRNA1467,WQ49_RS00690,tyrZ,BCAL3344,tyrosyl-tRNA synthetase,392.1430181,0.037559707,0.152767585,0.245861755,0.805789251,0.970978464
sgRNA1521,WQ49_RS23690,diaminopimelate epimerase,BCAL0507,diaminopimelate epimerase,235.2147404,-0.042745811,0.183381685,-0.233097495,0.8156857,0.970978464
sgRNA1526,WQ49_RS00215,proB,BCAL3439,glutamate 5-kinase,297.3816068,0.04258295,0.162243857,0.262462632,0.792964791,0.970978464
sgRNA1555,WQ49_RS00670,WQ49_RS00670,BCAL3348,50S ribosomal protein L13,595.9839478,0.028947486,0.126131806,0.229501874,0.818478864,0.970978464
sgRNA1589,WQ49_RS10035,WQ49_RS10025,BCAS0244,hypothetical protein,178.3106887,-0.050063513,0.202402937,-0.247345782,0.80464063,0.970978464
sgRNA1618,WQ49_RS23510,WQ49_RS23500,BCAL0472,XRE family transcriptional regulator,416.5196795,0.034713208,0.15020948,0.231098649,0.817238165,0.970978464
sgRNA1692,0,alpha/beta hydrolase 7th gene op,BCAM2699,0,105.7863306,0.066290746,0.250812539,0.264303955,0.791545713,0.970978464
sgRNA1749,0,WQ49_RS02920,BCAM1451,0,64.3259447,0.074256031,0.311525014,0.23836298,0.811599578,0.970978464
sgRNA1753,0,WQ49_RS03550 (WQ49_RS03555),5.625E+13,0,168.6917504,-0.050806947,0.219678975,-0.23127815,0.817098721,0.970978464
sgRNA1791,0,WQ49_RS30770 (WQ49_RS30765),BCAL1788,0,82.01435809,0.064940651,0.281059025,0.231056986,0.817270531,0.970978464
sgRNA1799,0,WQ49_RS34895,BCAL2925,0,119.3900094,-0.056007942,0.243323236,-0.230179174,0.817952544,0.970978464
sgRNA1845,WQ49_RS01825,WQ49_RS01825,BCAL3110,3-deoxy-D-manno-octulosonic acid transferase,99.26058673,0.061643837,0.253729864,0.242950657,0.808043623,0.970978464
sgRNA1916,WQ49_RS13270,WQ49_RS13270,BCAL0084,transcriptional regulator,189.6448459,0.050674642,0.200608059,0.252605215,0.8005733,0.970978464
sgRNA2071,WQ49_RS34660,WQ49_RS34660,BCAL2880,rpmF,31.03720411,-0.110891386,0.458624515,-0.241791231,0.808941934,0.970978464
sgRNA1839,WQ49_RS01050,WQ49_RS01050,BCAL3267,panB,330.6404566,-0.034884376,0.154682757,-0.22552207,0.821573158,0.972355996
sgRNA1992,WQ49_RS26290,WQ49_RS26290,BCAL2782,pyridoxine/pyridoxamine 5'-phosphate oxidase,260.8232696,-0.040029214,0.180824449,-0.221370584,0.824803895,0.973888167
sgRNA1829,WQ49_RS00675 ,WQ49_RS00675 ,BCAL3347,#N/A,189.7822944,-0.041659163,0.193260618,-0.215559505,0.829331124,0.976940411
sgRNA1378,WQ49_RS01680,pyrB/Holliday junction DNA helicase,BCAL3141,Holliday junction DNA helicase,2123.365351,-0.016967661,0.10994203,-0.154332799,0.877347337,0.977646752
sgRNA1390,WQ49_RS20605,pyridine nucleotide-disulfide oxidoreductase,BCAM0905,0,283.8045651,-0.02147428,0.181860704,-0.118080922,0.90600354,0.977646752
sgRNA1408,WQ49_RS12400,rpoB,BCAL0226,DNA-directed RNA polymerase subunit beta',549.7336922,-0.011279687,0.129644257,-0.087004912,0.930667608,0.977646752
sgRNA1443,WQ49_RS06135,cblA,BCAM2095,Cro/Cl family transcriptional regulator,40.20902091,0.068795611,0.390387907,0.176223724,0.860118183,0.977646752
sgRNA1455,WQ49_RS29880,BCAL1964,BCAL1964,tmk,488.7829314,-0.024512501,0.134978692,-0.181602742,0.855894497,0.977646752
sgRNA1458,WQ49_RS00210,proB,BCAL3440,obgE,425.3660487,0.015820052,0.146747866,0.107804308,0.914150926,0.977646752
sgRNA1487,WQ49_RS00580,WQ49_RS00580,BCAL3366,2-dehydro-3-deoxyphosphogluconate aldolase,2081.863445,-0.015228813,0.104135143,-0.146240857,0.883731253,0.977646752
sgRNA1530,WQ49_RS32415,aroC,BCAL1467,chorismate synthase,829.0443555,-0.010790369,0.114377263,-0.094340154,0.924838954,0.977646752
sgRNA1537,WQ49_RS34830,thyA,BCAL2912,thyA,268.440672,-0.032819518,0.179039649,-0.183308659,0.85455584,0.977646752
sgRNA1564,WQ49_RS02245,WQ49_RS02245,BCAL3030,serine--tRNA ligase,251.9662819,-0.023845182,0.175856216,-0.135594761,0.892141648,0.977646752
sgRNA1596,WQ49_RS12975,WQ49_RS12960,BCAL0027,chromosome partitioning protein ParB,109.7762926,0.036167325,0.243638827,0.148446476,0.881990424,0.977646752
sgRNA1641,WQ49_RS27805,WQ49_RS27805,BCAL2356,phosphatidylserine decarboxylase proenzyme,731.8986327,-0.011725233,0.121571117,-0.096447522,0.923165151,0.977646752
sgRNA1645,WQ49_RS27890,WQ49_RS27890,BCAL2340,NADH dehydrogenase subunit E,710.7204489,0.015123765,0.125260535,0.120738471,0.903898186,0.977646752
sgRNA1663,WQ49_RS30205,WQ49_RS30205,BCAL1899,DNA polymerase III subunit gamma/tau,1585.410204,0.011630185,0.105473893,0.110266004,0.912198418,0.977646752
sgRNA1693,0,nusA [Control],BCAL1506,0,78.99695235,-0.04375625,0.281768616,-0.155291427,0.876591574,0.977646752
sgRNA1703,0,LuxR Transcriptional Regulator,BCAM1545,0,71.93940439,0.030242291,0.293835409,0.102922555,0.918024436,0.977646752
sgRNA1742,0,WQ49_RS00050,BCAL3469,0,429.3274084,0.013661581,0.141143807,0.096791927,0.922891635,0.977646752
sgRNA1759,0,WQ49_RS09185 (WQ49_RS09185),BCAS0417,0,91.85172271,0.041268225,0.264013581,0.156310995,0.87578789,0.977646752
sgRNA1774,0,WQ49_RS23945 (WQ49_RS23940),BCAL0558,0,202.98003,-0.040135121,0.19834836,-0.202346623,0.839645754,0.977646752
sgRNA1777,0,WQ49_RS24070,BCAL0585,0,165.7875305,-0.029573638,0.21030847,-0.14062029,0.888169919,0.977646752
sgRNA1778,0,WQ49_RS25525,BCAL0878,0,36.09665188,0.051374466,0.409362102,0.125498833,0.900128649,0.977646752
sgRNA1779,0,WQ49_RS25525,BCAL0878,0,70.88783853,-0.044205809,0.296031764,-0.149327925,0.881294882,0.977646752
sgRNA1786,0,WQ49_RS28635,BCAL2199,0,164.4825136,-0.026551153,0.204158746,-0.130051508,0.896525675,0.977646752
sgRNA1800,0,WQ49_RS35060,BCAL2958,0,187.218142,0.045348742,0.213786375,0.212121761,0.832012043,0.977646752
sgRNA1849,WQ49_RS02800,WQ49_RS02800,BCAM1427,lysine transporter LysE,197.1469289,-0.029508384,0.188409387,-0.15661844,0.875545569,0.977646752
sgRNA1858,WQ49_RS04000,WQ49_RS04000,BCAM1662,hypothetical protein,163.4505302,0.031457826,0.205353849,0.153188393,0.878249711,0.977646752
sgRNA1886,WQ49_RS10800,WQ49_RS10800,BCAS0100,ribokinase,160.9092562,-0.037225361,0.214372105,-0.173648343,0.862141837,0.977646752
sgRNA1890,WQ49_RS11295,WQ49_RS11295,BCAS0001,initiator RepB protein,195.1137681,0.034967184,0.195273745,0.179067515,0.857884689,0.977646752
sgRNA1900,WQ49_RS12225,WQ49_RS12225,BCAL0261,50S ribosomal protein L17,136.4043478,-0.039321268,0.22080486,-0.178081532,0.858658945,0.977646752
sgRNA1904,WQ49_RS12260,WQ49_RS12260,BCAL0254,secY,178.6435617,0.038576293,0.212585691,0.18146232,0.856004706,0.977646752
sgRNA1910,WQ49_RS12385,WQ49_RS12385,BCAL0229,30S ribosomal protein S12,138.3206251,-0.02044063,0.219198486,-0.093251694,0.925703608,0.977646752
sgRNA1929,WQ49_RS16480,WQ49_RS16480,BCAM0995,folylpolyglutamate synthase,346.5459021,0.013081918,0.151740415,0.086212482,0.931297509,0.977646752
sgRNA1941,WQ49_RS17425,WQ49_RS17425,BCAM0808,hypothetical protein,31.66466963,0.038856778,0.435117173,0.089301872,0.928842007,0.977646752
sgRNA1960,WQ49_RS22415,WQ49_RS22415,BCAM2650,trans-2-enoyl-CoA reductase,52.81939527,-0.071556734,0.346855493,-0.206301287,0.836555573,0.977646752
sgRNA1965,WQ49_RS23690,WQ49_RS23690,BCAL0507,diaminopimelate epimerase,131.8695168,-0.018855854,0.224094583,-0.08414239,0.932943222,0.977646752
sgRNA1969,WQ49_RS23835,WQ49_RS23835,BCAL0536,ferredoxin--NADP reductase,70.23173562,-0.043124244,0.301885685,-0.142849583,0.886408977,0.977646752
sgRNA1970,WQ49_RS24155,WQ49_RS24155,BCAL0601,glutamine amidotransferase,148.4859234,-0.018024906,0.213130601,-0.084572116,0.932601568,0.977646752
sgRNA1974,WQ49_RS24610,WQ49_RS24610,BCAL0693,type III pantothenate kinase,101.8459537,0.033467272,0.254596024,0.131452455,0.895417396,0.977646752
sgRNA1990,WQ49_RS25830,WQ49_RS25830,BCAL0938a,hypothetical protein,254.0104988,-0.021077756,0.171228947,-0.123096919,0.902030351,0.977646752
sgRNA1999,WQ49_RS26570,WQ49_RS26570,BCAL2726,phosphopantothenate synthase,160.8107393,0.029129727,0.207871387,0.140133415,0.88855458,0.977646752
sgRNA2000,WQ49_RS26570,WQ49_RS26570,BCAL2726,phosphopantothenate synthase,572.8294856,0.013503315,0.155105517,0.087058899,0.930624695,0.977646752
sgRNA2004,WQ49_RS26950,WQ49_RS26950,BCAL2650,segregation and condensation protein A,217.2978213,0.034828421,0.186816809,0.186430875,0.852106882,0.977646752
sgRNA2006,WQ49_RS27330,WQ49_RS27330,BCAL2448,hypothetical protein,145.4656847,0.018684234,0.218437773,0.085535728,0.931835493,0.977646752
sgRNA2009,WQ49_RS27810,WQ49_RS27810,BCAL2355,CDP-diacylglycerol--serine O-phosphatidyltransferase,119.7298226,-0.038394916,0.240498742,-0.159647058,0.873159108,0.977646752
sgRNA2013,WQ49_RS28135,WQ49_RS28135,BCAL2292,transporter MotA/TolQ/ExbB proton channel familyprotein,108.9871416,0.043799098,0.252729978,0.173303929,0.862412536,0.977646752
sgRNA2028,WQ49_RS29245,WQ49_RS29245,BCAL2088,ribosome-recycling factor,589.3081905,0.025770689,0.129879037,0.198420697,0.842715925,0.977646752
sgRNA2031,WQ49_RS29870,WQ49_RS29870,BCAL1966,folate-binding protein,259.1950922,-0.033437487,0.170166091,-0.196499117,0.844219524,0.977646752
sgRNA2038,WQ49_RS30200,WQ49_RS30200,BCAL1900,thioredoxin,73.94870181,0.038199841,0.296080502,0.129018427,0.897343068,0.977646752
sgRNA2051,WQ49_RS32500,WQ49_RS32500,BCAL1449,DNA-dependent helicase,273.7500187,0.028015733,0.171911724,0.16296581,0.870545354,0.977646752
sgRNA2063,WQ49_RS34300,WQ49_RS34300,BCAL1063,N-succinylarginine dihydrolase,344.6332027,0.020352876,0.162285442,0.125414057,0.90019576,0.977646752
sgRNA2064,WQ49_RS34535,WQ49_RS34535,BCAL2853,CDP-diacylglycerol--glycerol-3-phosphate 3-phosphatidyltransferase,133.8232947,0.02210599,0.227481002,0.097177303,0.922585592,0.977646752
sgRNA2067,WQ49_RS34630,WQ49_RS34630,BCAL2874,3-oxoacyl-ACP synthase,94.30620313,-0.047716331,0.259896563,-0.183597391,0.85432931,0.977646752
sgRNA2076,WQ49_RS34905,WQ49_RS34905,BCAL2927,16S rRNA processing protein RimM,307.4301017,0.034455182,0.171552096,0.200843843,0.84082068,0.977646752
sgRNA1997,WQ49_RS26395,WQ49_RS26395,BCAL2761,3-deoxy-manno-octulosonate cytidylyltransferase,102.3608993,-0.020904289,0.256673503,-0.081443113,0.935089563,0.977858733
sgRNA1482,WQ49_RS00305,WQ49_RS00305,BCAL3421,acetyl-CoA carboxylase biotin carboxylase,470.1973872,0.010511932,0.136138032,0.077215247,0.938452313,0.977870529
sgRNA1755,0,WQ49_RS03805 (WQ49_RS03870),BCAM1624,0,75.50434126,0.02216602,0.289598113,0.076540622,0.938988997,0.977870529
sgRNA1617,WQ49_RS23265,WQ49_RS23265,BCAL0423a,50S ribosomal protein L34,1063.475941,0.007113689,0.110843238,0.064177929,0.948828551,0.986075953
sgRNA1417,WQ49_RS27300,parC/DNA topoisomerase IV subunit A/B,BCAL2454,DNA topoisomerase IV subunit A,267.7389023,0.008213478,0.166615211,0.049296085,0.960683339,0.988747692
sgRNA1481,WQ49_RS00265,WQ49_RS00265,BCAL3429,ribonucleoside-diphosphate reductase subunit alpha,1923.196892,-0.004657792,0.095814127,-0.048612792,0.961227875,0.988747692
sgRNA1654,WQ49_RS29195,WQ49_RS29195,BCAL2098,chromosome partitioning protein Smc,47.52930733,-0.020494675,0.377662038,-0.054267235,0.956722253,0.988747692
sgRNA1920,WQ49_RS14960,WQ49_RS14960,BCAM1305,Fis family transcriptional regulator,366.6942476,0.008152651,0.152427924,0.053485284,0.957345255,0.988747692
sgRNA2054,WQ49_RS32735,WQ49_RS32735,BCAL1403A,hypothetical protein,74.11356967,0.016722626,0.315757831,0.05296029,0.957763547,0.988747692
sgRNA1447,WQ49_RS24690,lipA,BCAL0709,lipoyl(octanoyl) transferase,439.4390594,-0.006350534,0.14378586,-0.044166612,0.964771596,0.98911605
sgRNA1611,WQ49_RS18170,WQ49_RS18170,BCAM0654,AraC family transcriptional regulator,148.1947246,0.008846036,0.217014365,0.040762442,0.967485281,0.98911605
sgRNA1662,WQ49_RS30075,WQ49_RS30065,BCAL1925,threonine synthase,934.6573962,-0.004791599,0.11620328,-0.04123463,0.967108846,0.98911605
sgRNA1797,0,WQ49_RS32625 (WQ49_RS32650),BCAL1424,0,33.09570463,-0.016318409,0.466167229,-0.035005483,0.972075368,0.991792921
sgRNA1474,WQ49_RS00125,WQ49_RS00125,BCAL3454,hypothetical protein,404.2166958,0.001722772,0.145759689,0.011819259,0.990569815,0.998123915
sgRNA1621,WQ49_RS24420,WQ49_RS24420,BCAL0655,copper homeostasis protein CutC,137.5237665,-0.004211354,0.220768312,-0.019075901,0.984780556,0.998123915
sgRNA1639,WQ49_RS27090,WQ49_RS27090,BCAL2622,inorganic pyrophosphatase,113.8600945,0.004033589,0.273269582,0.014760477,0.988223271,0.998123915
sgRNA1666,WQ49_RS30300,WQ49_RS30300,BCAL1880,ribosome-associated GTPase EngA,1469.122148,-0.000805095,0.115655915,-0.006961124,0.994445872,0.998123915
sgRNA1691,0,SMC-Scp Complex subunit,BCAL1503,0,114.4105904,0.001296755,0.262302063,0.004943745,0.996055478,0.998123915
sgRNA1706,0,hypothetical 5th gene op,BCAM1066,0,133.6568352,-0.000959769,0.226119075,-0.004244529,0.996613366,0.998123915
sgRNA1934,WQ49_RS16615,WQ49_RS16615,BCAM0970,sdhB,146.0845521,0.00075795,0.223961845,0.003384283,0.997299738,0.998123915
sgRNA1937,WQ49_RS16885,WQ49_RS16885,BCAM0918,#N/A,446.535812,-0.003250965,0.140927129,-0.023068414,0.981595701,0.998123915
sgRNA1977,WQ49_RS25075,WQ49_RS25075,BCAL0787,DNA-directed RNA polymerase sigma-70 factor,177.2595307,-0.004405951,0.207889882,-0.021193678,0.983091157,0.998123915
sgRNA2075,WQ49_RS34865,WQ49_RS34865,BCAL2919,oligoribonuclease,189.9619599,-0.000450581,0.191628309,-0.002351326,0.998123915,0.998123915
sgRNA1338,WQ49_RS23255,BCAL0422,BCAL0422,DNA polymerase III subunit beta,5.043337054,0.400307089,1.066164271,0.375464738,0.707314866,NA
sgRNA1364,WQ49_RS13000,F0F1 ATP synthase Operon,BCAL0032,ATP synthase subunit b,5.043337054,0.400307089,1.066164271,0.375464738,0.707314866,NA
sgRNA1374,WQ49_RS01680,pyrB/Holliday junction DNA helicase,BCAL3141,Holliday junction DNA helicase,5.043337054,0.400307089,1.066164271,0.375464738,0.707314866,NA
sgRNA1398,WQ49_RS21425,parA parB operon,BCAM0004,chromosome partitioning protein ParB,14.54681108,0.31124191,0.63802971,0.487817269,0.625679279,NA
sgRNA1414,WQ49_RS27295,parC/DNA topoisomerase IV subunit A/B,BCAL2455,DNA topoisomerase IV subunit B,5.47907515,0.136867664,1.022954222,0.13379647,0.893563519,NA
sgRNA1433,WQ49_RS27050,hemC,BCAL2630,porphobilinogen deaminase,5.043337054,0.400307089,1.066164271,0.375464738,0.707314866,NA
sgRNA1437,WQ49_RS00270,nrdB,BCAL3428,ribonucleotide-diphosphate reductase subunit beta,5.47907515,0.136867664,1.022954222,0.13379647,0.893563519,NA
sgRNA1438,WQ49_RS26970,metG,BCAL2646,methionine--tRNA ligase,5.533593397,0.411743124,1.019136713,0.404011669,0.686204138,NA
sgRNA1461,WQ49_RS01015,hemH,BCAL3274,ferrochelatase,5.043337054,0.400307089,1.066164271,0.375464738,0.707314866,NA
sgRNA1470,WQ49_RS29240,pyrH,BCAL2089,uridylate kinase,5.320859732,0.535377733,1.040495745,0.514541012,0.606873795,NA
sgRNA1472,WQ49_RS00035,WQ49_RS00035,BCAL3472,"2-nonaprenyl-3-methyl-6-methoxy-1,4-benzoquinol hydroxylase",5.043337054,0.400307089,1.066164271,0.375464738,0.707314866,NA
sgRNA1479,WQ49_RS00210,WQ49_RS00210,BCAL3440,obgE,5.043337054,0.400307089,1.066164271,0.375464738,0.707314866,NA
sgRNA1485,WQ49_RS00465,WQ49_RS00465,BCAL3389,transketolase,6.487742561,0.17754918,0.941672856,0.188546562,0.850448218,NA
sgRNA1510,0,BCAL3292,BCAL3292,0,7.13307408,0.620209438,0.907921434,0.68310915,0.494537874,NA
sgRNA1512,WQ49_RS27050,hemC,BCAL2630,porphobilinogen deaminase,5.043337054,0.400307089,1.066164271,0.375464738,0.707314866,NA
sgRNA1513,WQ49_RS12210,hemB,BCAL0264,delta-aminolevulinic acid dehydratase,5.793232116,0.529858707,0.998208676,0.530809559,0.595550755,NA
sgRNA1525,WQ49_RS00210,obgE,BCAL3440,obgE,5.043337054,0.400307089,1.066164271,0.375464738,0.707314866,NA
sgRNA1531,WQ49_RS02145,hemL,BCAL3050,diaminohydroxyphosphoribosylaminopyrimidine deaminase,5.043337054,0.400307089,1.066164271,0.375464738,0.707314866,NA
sgRNA1558,WQ49_RS01025,WQ49_RS01025,BCAL3272,protein GrpE,5.043337054,0.400307089,1.066164271,0.375464738,0.707314866,NA
sgRNA1566,WQ49_RS02350,WQ49_RS02345,BCAL3012,guanylate kinase,6.93196022,0.215803147,0.912205993,0.236572823,0.812988206,NA
sgRNA1577,WQ49_RS04805,WQ49_RS04805,BCAM1819,urea transporter,5.043337054,0.400307089,1.066164271,0.375464738,0.707314866,NA
sgRNA1581,WQ49_RS06240,WQ49_RS06220,BCAM2117,LysR family transcriptional regulator,5.043337054,0.400307089,1.066164271,0.375464738,0.707314866,NA
sgRNA1582,WQ49_RS07585,WQ49_RS07585,BCAM2381,#N/A,5.043337054,0.400307089,1.066164271,0.375464738,0.707314866,NA
sgRNA1588,WQ49_RS09555,WQ49_RS09555,BCAS0342,sulfonate ABC transporter substrate-binding protein,5.320859732,0.535377733,1.040495745,0.514541012,0.606873795,NA
sgRNA1594,WQ49_RS12205,WQ49_RS12205,BCAL0265,GTP-binding protein,5.043337054,0.400307089,1.066164271,0.375464738,0.707314866,NA
sgRNA1598,WQ49_RS12995,WQ49_RS12995,BCAL0031,F0F1 ATP synthase subunit C,6.052004464,0.400286252,0.975144043,0.410489358,0.681447008,NA
sgRNA1610,WQ49_RS17870,WQ49_RS17870,BCAM0716,hypothetical protein,5.043337054,0.400307089,1.066164271,0.375464738,0.707314866,NA
sgRNA1613,WQ49_RS18505,WQ49_RS18505,BCAM0588,MarR family transcriptional regulator,5.47907515,0.136867664,1.022954222,0.13379647,0.893563519,NA
sgRNA1629,WQ49_RS26025,WQ49_RS26010,BCAL2835,translation factor Sua5,5.774481786,0.277122163,0.998597283,0.277511433,0.781387428,NA
sgRNA1630,WQ49_RS26350,WQ49_RS26350,BCAL2770,glycerol-3-phosphate acyltransferase,5.043337054,0.400307089,1.066164271,0.375464738,0.707314866,NA
sgRNA1631,WQ49_RS26360,WQ49_RS26360,BCAL2768,UDP-N-acetylmuramate dehydrogenase,5.043337054,0.400307089,1.066164271,0.375464738,0.707314866,NA
sgRNA1634,WQ49_RS26415,WQ49_RS26415,BCAL2757,superoxide dismutase,5.043337054,0.400307089,1.066164271,0.375464738,0.707314866,NA
sgRNA1638,WQ49_RS26990,WQ49_RS26990,BCAL2642,dcd,5.043337054,0.400307089,1.066164271,0.375464738,0.707314866,NA
sgRNA1647,WQ49_RS28645,WQ49_RS28640,BCAL2197,Fe-S cluster assembly scaffold IscU,5.043337054,0.400307089,1.066164271,0.375464738,0.707314866,NA
sgRNA1660,WQ49_RS29975,WQ49_RS29975,BCAL1945,30S ribosomal protein S6,5.043337054,0.400307089,1.066164271,0.375464738,0.707314866,NA
sgRNA1671,WQ49_RS31470,WQ49_RS31470,BCAL1651,LexA repressor,5.756597828,0.271993452,0.998714847,0.272343454,0.785357947,NA
sgRNA1672,WQ49_RS31685,WQ49_RS31685,BCAL1611,dihydroorotate dehydrogenase,5.043337054,0.400307089,1.066164271,0.375464738,0.707314866,NA
sgRNA1673,WQ49_RS31780,WQ49_RS31760,BCAL1590,hypothetical protein,5.533593397,0.411743124,1.019136713,0.404011669,0.686204138,NA
sgRNA1681,WQ49_RS34755,WQ49_RS34755,BCAL2899,ferredoxin,5.043337054,0.400307089,1.066164271,0.375464738,0.707314866,NA
sgRNA1690,0,hypothetical 5th gene op,BCAM1066,0,5.043337054,0.400307089,1.066164271,0.375464738,0.707314866,NA
sgRNA1704,0,glycosyl trasnferase 5th gene op,BCAM2338,0,10.25336909,0.346759105,0.753857216,0.459979818,0.645530707,NA
sgRNA1745,0,WQ49_RS00885,BCAL3305,0,5.043337054,0.400307089,1.066164271,0.375464738,0.707314866,NA
sgRNA1748,0,WQ49_RS02920,BCAM1451,0,5.515709438,0.406539103,1.019299815,0.398841535,0.69000997,NA
sgRNA1756,0,WQ49_RS04450 (WQ49_RS04445),BCAM1749,0,5.043337054,0.400307089,1.066164271,0.375464738,0.707314866,NA
sgRNA1760,0,WQ49_RS10495,BCAS0158,0,5.043337054,0.400307089,1.066164271,0.375464738,0.707314866,NA
sgRNA1761,0,WQ49_RS10495,BCAS0158,0,17.23444977,0.262626671,0.589825352,0.445261754,0.656130604,NA
sgRNA1764,0,WQ49_RS12045 (WQ49_RS12050),BCAL0298,0,5.043337054,0.400307089,1.066164271,0.375464738,0.707314866,NA
sgRNA1766,0,WQ49_RS12280 (WQ49_RS12310),BCAL0250,0,5.043337054,0.400307089,1.066164271,0.375464738,0.707314866,NA
sgRNA1767,0,WQ49_RS12280 (WQ49_RS12310),BCAL0250,0,5.043337054,0.400307089,1.066164271,0.375464738,0.707314866,NA
sgRNA1768,0,WQ49_RS12315 (WQ49_RS12360),BCAL0243,0,5.043337054,0.400307089,1.066164271,0.375464738,0.707314866,NA
sgRNA1769,0,WQ49_RS12315 (WQ49_RS12360),BCAL0243,0,5.043337054,0.400307089,1.066164271,0.375464738,0.707314866,NA
sgRNA1770,0,WQ49_RS12365,BCAL0233,0,5.043337054,0.400307089,1.066164271,0.375464738,0.707314866,NA
sgRNA1773,0,WQ49_RS18705,BCAM0549,0,5.043337054,0.400307089,1.066164271,0.375464738,0.707314866,NA
sgRNA1775,0,WQ49_RS23945 (WQ49_RS23940),BCAL0558,0,5.043337054,0.400307089,1.066164271,0.375464738,0.707314866,NA
sgRNA1782,0,WQ49_RS26625 (WQ49_RS26630),BCAL2715,0,5.47907515,0.136867664,1.022954222,0.13379647,0.893563519,NA
sgRNA1785,0,WQ49_RS27920 (WQ49_RS27890),BCAL2334,0,5.23818676,0.271597339,1.044305541,0.260074594,0.794806235,NA
sgRNA1830,WQ49_RS00675 ,WQ49_RS00675 ,BCAL3347,#N/A,5.043337054,0.400307089,1.066164271,0.375464738,0.707314866,NA
sgRNA1840,WQ49_RS01655,WQ49_RS01655,BCAL3146,groEL,5.33874369,0.540653118,1.04028935,0.519714172,0.603262808,NA
sgRNA1842,WQ49_RS01715,WQ49_RS01715,BCAL3134,glucose-1-phosphate thymidylyltransferase,5.57963208,0.394017628,1.019397247,0.3865202,0.699111445,NA
sgRNA1855,WQ49_RS03710,WQ49_RS03710,BCAM1604,hypothetical protein,5.043337054,0.400307089,1.066164271,0.375464738,0.707314866,NA
sgRNA1862,WQ49_RS05100,WQ49_RS05100,BCAM1881,hypothetical protein,5.533593397,0.411743124,1.019136713,0.404011669,0.686204138,NA
sgRNA1867,WQ49_RS05475,WQ49_RS05475,#N/A,#N/A,18.05098351,0.032237606,0.581224572,0.055464974,0.955768034,NA
sgRNA1868,WQ49_RS05900,WQ49_RS05900,BCAM2047,mucin,5.043337054,0.400307089,1.066164271,0.375464738,0.707314866,NA
sgRNA1869,WQ49_RS06135,WQ49_RS06135,BCAM2095,Cro/Cl family transcriptional regulator,5.043337054,0.400307089,1.066164271,0.375464738,0.707314866,NA
sgRNA1874,WQ49_RS07685,WQ49_RS07685,BCAM2400a,hypothetical protein,5.043337054,0.400307089,1.066164271,0.375464738,0.707314866,NA
sgRNA1885,WQ49_RS10745,WQ49_RS10745,BCAS0109,succinylglutamate desuccinylase/aspartoacylase,5.043337054,0.400307089,1.066164271,0.375464738,0.707314866,NA
sgRNA1889,WQ49_RS11290,WQ49_RS11290,BCAS0002,chromosome partitioning protein ParB,5.043337054,0.400307089,1.066164271,0.375464738,0.707314866,NA
sgRNA1895,WQ49_RS11880,WQ49_RS11880,BCAL0331,glutathione S-transferase,5.515709438,0.406539103,1.019299815,0.398841535,0.69000997,NA
sgRNA1898,WQ49_RS12135,WQ49_RS12135,BCAL0280,3-dehydroquinate synthase,5.997486218,0.148614926,0.981612931,0.151398704,0.879661212,NA
sgRNA1899,WQ49_RS12225,WQ49_RS12225,BCAL0261,50S ribosomal protein L17,5.043337054,0.400307089,1.066164271,0.375464738,0.707314866,NA
sgRNA1909,WQ49_RS12380,WQ49_RS12380,BCAL0230,30S ribosomal protein S7,5.043337054,0.400307089,1.066164271,0.375464738,0.707314866,NA
sgRNA1919,WQ49_RS14425,WQ49_RS14425,pBCA002,chromosome partitioning protein ParB,5.043337054,0.400307089,1.066164271,0.375464738,0.707314866,NA
sgRNA1928,WQ49_RS16475,WQ49_RS16475,BCAM0996,sporulation protein,5.043337054,0.400307089,1.066164271,0.375464738,0.707314866,NA
sgRNA1930,WQ49_RS16485,WQ49_RS16485,BCAM0994,acetyl-CoA carboxylase carboxyltransferase subunit beta,14.74701644,-0.196912616,0.635994457,-0.30961373,0.756854714,NA
sgRNA1942,WQ49_RS17865,WQ49_RS17865,4.66522E+13,hypothetical protein,5.043337054,0.400307089,1.066164271,0.375464738,0.707314866,NA
sgRNA1949,WQ49_RS19165,WQ49_RS19165,BCAM0457,hypothetical protein,5.043337054,0.400307089,1.066164271,0.375464738,0.707314866,NA
sgRNA1951,WQ49_RS19265,WQ49_RS19265,BCAM0436,RND transporter MFP subunit,5.043337054,0.400307089,1.066164271,0.375464738,0.707314866,NA
sgRNA1955,WQ49_RS21220,WQ49_RS21220,BCAM0045,hypothetical protein,5.533593397,0.411743124,1.019136713,0.404011669,0.686204138,NA
sgRNA1956,WQ49_RS21425,WQ49_RS21425,BCAM0004,chromosome partitioning protein ParB,11.04082327,0.263049715,0.727784107,0.361439214,0.717771138,NA
sgRNA1958,WQ49_RS22125,WQ49_RS22125,#N/A,#N/A,18.17298885,-0.166169659,0.570925149,-0.291053318,0.771010542,NA
sgRNA1962,WQ49_RS23465,WQ49_RS23465,BCAL0463,thioredoxin,5.043337054,0.400307089,1.066164271,0.375464738,0.707314866,NA
sgRNA1973,WQ49_RS24540,WQ49_RS24540,BCAL0679,argS,5.043337054,0.400307089,1.066164271,0.375464738,0.707314866,NA
sgRNA1987,WQ49_RS25615,WQ49_RS25615,BCAL0896,pdxA,5.043337054,0.400307089,1.066164271,0.375464738,0.707314866,NA
sgRNA1988,WQ49_RS25645,WQ49_RS25645,BCAL0902,"D,D-heptose 1,7-bisphosphate phosphatase",5.043337054,0.400307089,1.066164271,0.375464738,0.707314866,NA
sgRNA1989,WQ49_RS25645,WQ49_RS25645,BCAL0902,"D,D-heptose 1,7-bisphosphate phosphatase",8.745965772,0.146604382,0.815823019,0.179701208,0.857387145,NA
sgRNA1991,WQ49_RS25970,WQ49_RS25970,BCAL0967,ADP-heptose--LPS heptosyltransferase,5.320859732,0.535377733,1.040495745,0.514541012,0.606873795,NA
sgRNA1996,WQ49_RS26390,WQ49_RS26390,BCAL2762,adenylate kinase,5.320859732,0.535377733,1.040495745,0.514541012,0.606873795,NA
sgRNA2002,WQ49_RS26815,WQ49_RS26815,BCAL2678,permease,5.043337054,0.400307089,1.066164271,0.375464738,0.707314866,NA
sgRNA2003,WQ49_RS26945,WQ49_RS26945,BCAL2651,pantothenate synthetase,5.043337054,0.400307089,1.066164271,0.375464738,0.707314866,NA
sgRNA2005,WQ49_RS27300,WQ49_RS27300,BCAL2454,DNA topoisomerase IV subunit A,5.043337054,0.400307089,1.066164271,0.375464738,0.707314866,NA
sgRNA2008,WQ49_RS27565,WQ49_RS27565,BCAL2402,LPS biosynthesis,5.043337054,0.400307089,1.066164271,0.375464738,0.707314866,NA
sgRNA2012,WQ49_RS27895,WQ49_RS27895,BCAL2339,"NADH oxidoreductase (quinone), F subunit",5.043337054,0.400307089,1.066164271,0.375464738,0.707314866,NA
sgRNA2018,WQ49_RS28735,WQ49_RS28735,BCAL2180,2-dehydro-3-deoxyphosphooctonate aldolase,5.857154758,0.517311565,0.995384984,0.519710035,0.603265692,NA
sgRNA2019,WQ49_RS28790,WQ49_RS28790,BCAL2169,tryptophanyl-tRNA synthetase,5.043337054,0.400307089,1.066164271,0.375464738,0.707314866,NA
sgRNA2022,WQ49_RS29115,WQ49_RS29115,BCAL2114,DNA polymerase,14.54147176,-0.145702426,0.639844546,-0.227715352,0.819867537,NA
sgRNA2023,WQ49_RS29130,WQ49_RS29130,BCAL2111,MFS transporter,5.33874369,0.540653118,1.04028935,0.519714172,0.603262808,NA
sgRNA2027,WQ49_RS29245,WQ49_RS29245,BCAL2088,ribosome-recycling factor,6.365295059,0.522604171,0.960824707,0.543912087,0.586501971,NA
sgRNA2033,WQ49_RS29980,WQ49_RS29980,BCAL1944,primosomal replication protein N,5.043337054,0.400307089,1.066164271,0.375464738,0.707314866,NA
sgRNA2057,WQ49_RS32905,WQ49_RS32905,BCAL1370,iron dicitrate transporter FecR,5.043337054,0.400307089,1.066164271,0.375464738,0.707314866,NA
sgRNA2068,WQ49_RS34635,WQ49_RS34635,BCAL2875,acyl carrier protein,5.043337054,0.400307089,1.066164271,0.375464738,0.707314866,NA
sgRNA2079,WQ49_RS35000,WQ49_RS35000,BCAL2946,UDP-glucose 6-dehydrogenase,5.043337054,0.400307089,1.066164271,0.375464738,0.707314866,NA
sgRNA2082,WQ49_RS35025,WQ49_RS35025,BCAL2951,cytidylate kinase,5.043337054,0.400307089,1.066164271,0.375464738,0.707314866,NA
sgRNA2773,WQ49_RS28900,WQ49_RS28900,BCAL2146,0,5.043337054,0.400307089,1.066164271,0.375464738,0.707314866,NA
sgRNA2774,WQ49_RS28900,0,BCAL2146,0,5.043337054,0.400307089,1.066164271,0.375464738,0.707314866,NA
sgRNA2775,WQ49_RS13375,0,BCAL0105,0,5.043337054,0.400307089,1.066164271,0.375464738,0.707314866,NA
sgRNA2776,WQ49_RS13375,0,BCAL0105,0,5.043337054,0.400307089,1.066164271,0.375464738,0.707314866,NA
sgRNA144,0,0,BCAL3467,murC (ftsZ),5.043337054,0.400307089,1.066164271,0.375464738,0.707314866,NA