sgRNA,Locus_tag,Gene,Old_locus_tag,KEGG,COG,baseMean,log2FoldChange,lfcSE,stat,pvalue,padj,drug,Mean,Z_scores
1339,WQ49_RS23255,BCAL0422,BCAL0422,DNA Replication,"Replication, recombination and repair",446.1339163,-0.542840409,0.147380132,-3.683267214,0.000230264,0.002353805,Novo,-0.081573892,-3.129774074
1340,WQ49_RS23255,BCAL0422,BCAL0422,DNA Replication,"Replication, recombination and repair",295.1408207,-0.428358798,0.166758272,-2.568740928,0.010206873,0.051219946,Novo,,-2.07956644
1341,WQ49_RS23255,BCAL0422,BCAL0422,DNA Replication,"Replication, recombination and repair",429.563825,-0.54161542,0.235666838,-2.298225001,0.021548986,0.089519804,Novo,,-1.952084268
1342,WQ49_RS23255,BCAL0422,BCAL0422,DNA Replication,"Replication, recombination and repair",335.0118909,-0.321397772,0.126305492,-2.544606462,0.010940096,0.053919043,Novo,,-1.8987605
1343,WQ49_RS23255,BCAL0422,BCAL0422,DNA Replication,"Replication, recombination and repair",911.2372769,-0.129726933,0.105542314,-1.229146192,0.219016999,0.452799189,Novo,,-0.456243937
1350,WQ49_RS23250,gyrB,BCAL0421,DNA Replication,"Replication, recombination and repair",276.0102135,-6.919433832,0.660560411,-10.47509617,1.12E-25,1.03E-23,Novo,,-10.35160422
1351,WQ49_RS23250,gyrB,BCAL0421,DNA Replication,"Replication, recombination and repair",132.5412064,-5.723365647,0.667127313,-8.579120562,9.56E-18,5.28E-16,Novo,,-8.456844213
1352,WQ49_RS23250,gyrB,BCAL0421,DNA Replication,"Replication, recombination and repair",572.691791,-6.9270558,0.502254556,-13.79192228,2.85E-43,3.15E-41,Novo,,-13.62950685
1353,WQ49_RS23250,gyrB,BCAL0421,DNA Replication,"Replication, recombination and repair",619.3758536,-6.784952738,0.451355399,-15.0323952,4.50E-51,6.22E-49,Novo,,-14.85166424
1354,WQ49_RS23250,gyrB,BCAL0421,DNA Replication,"Replication, recombination and repair",245.7471507,-6.807516965,0.65902893,-10.3296178,5.18E-25,4.08E-23,Novo,,-10.20583888
1355,WQ49_RS23250,gyrB,BCAL0421,DNA Replication,"Replication, recombination and repair",68.31182551,-5.377244195,0.865217064,-6.214907702,5.14E-10,2.18E-08,Novo,,-6.120626283
1362,WQ49_RS12990,F0F1 ATP synthase Operon,BCAL0030,Metabolic pathways,Energy production and conversion,1692.623514,0.627133844,0.114304604,5.486514305,4.10E-08,1.33E-06,Novo,,6.200167906
1363,WQ49_RS12995,F0F1 ATP synthase Operon,BCAL0031,Metabolic pathways,Energy production and conversion,1655.974772,0.487670599,0.103810369,4.697706043,2.63E-06,5.38E-05,Novo,,5.483503192
1365,WQ49_RS13005,F0F1 ATP synthase Operon,BCAL0033,Metabolic pathways,Energy production and conversion,929.010912,0.348087693,0.094428365,3.686262003,0.000227572,0.002353805,Novo,,4.550132646
1366,WQ49_RS13010,F0F1 ATP synthase Operon,BCAL0034,ATP biosynthesis,Energy production and conversion,881.9331628,0.614806774,0.120498397,5.102198766,3.36E-07,8.06E-06,Novo,,5.77916953
1367,WQ49_RS13015,F0F1 ATP synthase Operon,BCAL0035,ATP biosynthesis,Energy production and conversion,644.233347,0.254345406,0.116228641,2.188319529,0.028646335,0.113760986,Novo,,2.890159378
1375,WQ49_RS01680,pyrB/Holliday junction DNA helicase,BCAL3141,Ribosome biogenesis,"Replication, recombination and repair",1020.437874,0.032857115,0.095293784,0.344798095,0.730246166,0.909922987,Novo,,1.200823418
1376,WQ49_RS01680,pyrB/Holliday junction DNA helicase,BCAL3141,Ribosome biogenesis,"Replication, recombination and repair",2449.464716,-0.002525937,0.07588571,-0.033286072,0.97344646,0.998777781,Novo,,1.041671155
1377,WQ49_RS01680,pyrB/Holliday junction DNA helicase,BCAL3141,Ribosome biogenesis,"Replication, recombination and repair",3212.60549,0.054375586,0.082132235,0.662049264,0.50793965,0.747540976,Novo,,1.655251169
1378,WQ49_RS01680,pyrB/Holliday junction DNA helicase,BCAL3141,Ribosome biogenesis,"Replication, recombination and repair",2907.309798,0.003076606,0.075451239,0.040776086,0.967474405,0.996354237,Novo,,1.121923243
1384,WQ49_RS20605,pyridine nucleotide-disulfide oxidoreductase,BCAM0166,Others,Energy production and conversion,14244.06833,0.485632989,0.203842149,2.38239732,0.017200328,0.077824435,Novo,,2.782578993
1385,WQ49_RS20605,pyridine nucleotide-disulfide oxidoreductase,BCAM0166,Others,Energy production and conversion,894.9559004,0.457668749,0.107238241,4.267775608,1.97E-05,0.00034057,Novo,,5.028454742
1388,WQ49_RS20605,pyridine nucleotide-disulfide oxidoreductase,BCAM0905,Others,Energy production and conversion,453.5748086,-0.015632597,0.122482289,-0.127631492,0.898440608,0.972263688,Novo,,0.538374121
1389,WQ49_RS20605,pyridine nucleotide-disulfide oxidoreductase,BCAM0905,Others,Energy production and conversion,772.383683,-0.066857196,0.110975635,-0.602449318,0.54687509,0.778028479,Novo,,0.132611959
1390,WQ49_RS20605,pyridine nucleotide-disulfide oxidoreductase,BCAM0905,Others,Energy production and conversion,391.2220577,-0.02385944,0.11907163,-0.200378879,0.841184277,0.958181259,Novo,,0.48470364
1391,WQ49_RS20605,pyridine nucleotide-disulfide oxidoreductase,BCAM0905,Others,Energy production and conversion,461.202911,0.123243087,0.112582576,1.094690588,0.273652214,0.521781299,Novo,,1.819260008
1396,WQ49_RS21425,parA parB operon,BCAM0004,Chromosome and associated proteins,Transcription,639.3150323,0.146816804,0.105457163,1.392193763,0.163863731,0.382473576,Novo,,2.165720093
1397,WQ49_RS21430,parA parB operon,BCAM0003,Chromosome and associated proteins,"Cell cycle control, cell division, chromosome partitioning",686.4226707,-0.069496222,0.113236888,-0.613724231,0.539397574,0.771366478,Novo,,0.10665844
1398,WQ49_RS21425,parA parB operon,BCAM0004,Chromosome and associated proteins,Transcription,10.02545912,-0.144860755,0.641550833,-0.225797782,0.821358702,0.946534454,Novo,,-0.098646685
1399,WQ49_RS21430,parA parB operon,BCAM0003,Chromosome and associated proteins,"Cell cycle control, cell division, chromosome partitioning",2648.379783,-0.001661139,0.089333649,-0.018594775,0.985164371,1,Novo,,0.894542586
1404,WQ49_RS12400,rpoB,BCAL0226,Metabolic pathways,Transcription,417.5239161,0.155080833,0.113908217,1.361454312,0.173370162,0.397096803,Novo,,2.077591343
1405,WQ49_RS12395,rpoB,BCAL0227,Metabolic pathways,Transcription,280.2186836,0.103711897,0.144703291,0.716721062,0.473546227,0.732205931,Novo,,1.280453175
1406,WQ49_RS12400,rpoB,BCAL0226,Metabolic pathways,Transcription,187.1893737,-0.103288165,0.157621326,-0.655293084,0.512279072,0.748090074,Novo,,-0.137762277
1407,WQ49_RS12400,rpoB,BCAL0226,Metabolic pathways,Transcription,360.1015624,0.366490728,0.155786578,2.352517994,0.018646788,0.081690688,Novo,,2.876143926
1408,WQ49_RS12400,rpoB,BCAL0226,Metabolic pathways,Transcription,279.8430096,0.288828103,0.155048683,1.862822029,0.06248731,0.199280284,Novo,,2.388939959
1410,WQ49_RS35055,gyrA,BCAL2957,DNA Replication,"Replication, recombination and repair",899.9290844,-7.299067402,0.397508079,-18.36206052,2.64E-75,7.30E-73,Novo,,-18.15684735
1411,WQ49_RS35055,gyrA,BCAL2957,DNA Replication,"Replication, recombination and repair",1330.407068,-7.700605388,0.375023632,-20.5336537,1.08E-93,5.95E-91,Novo,,-20.31613703
1412,WQ49_RS35055,gyrA,BCAL2957,DNA Replication,"Replication, recombination and repair",161.0533767,-5.593429106,0.608337486,-9.19461521,3.76E-20,2.60E-18,Novo,,-9.060522056
1413,WQ49_RS35055,gyrA,BCAL2957,DNA Replication,"Replication, recombination and repair",1067.044644,-7.139551324,0.399733836,-17.86076306,2.38E-71,4.39E-69,Novo,,-17.65669254
1414,WQ49_RS27295,parC/DNA topoisomerase IV subunit A/B,BCAL2455,DNA Replication,"Replication, recombination and repair",0.584014979,0.378523235,2.83152913,0.133681561,0.893654386,0.972263688,Novo,,0.162490692
1415,WQ49_RS27300,parC/DNA topoisomerase IV subunit A/B,BCAL2454,DNA Replication,"Replication, recombination and repair",241.1487962,-0.208354313,0.141250738,-1.475067077,0.140194511,0.337936113,Novo,,-0.897555814
1416,WQ49_RS27295,parC/DNA topoisomerase IV subunit A/B,BCAL2455,DNA Replication,"Replication, recombination and repair",362.5715081,0.093042533,0.144012825,0.646071158,0.518233273,0.754788302,Novo,,1.212506071
1417,WQ49_RS27300,parC/DNA topoisomerase IV subunit A/B,BCAL2454,DNA Replication,"Replication, recombination and repair",370.1074227,-0.142597081,0.123332076,-1.156204334,0.247597587,0.488120958,Novo,,-0.494787655
1418,WQ49_RS00545,leuS,BCAL3373,Aminoacyl-tRNA biosynthesis,"Translation, ribosomal structure and biogenesis",425.3773508,0.061974405,0.12499415,0.495818447,0.620022509,0.836624259,Novo,,1.148440126
1419,WQ49_RS00550,leuS,BCAL3372,Others,Cell wall/membrane/envelope biogenesis,167.005768,-0.121301833,0.169054518,-0.717530858,0.473046603,0.732205931,Novo,,-0.235000765
1420,WQ49_RS00555,leuS,BCAL3371,DNA Replication,"Replication, recombination and repair",116.2318216,-0.156041432,0.191393371,-0.815291725,0.414905344,0.679770127,Novo,,-0.38908108
1421,WQ49_RS00550,leuS,BCAL3372,Others,Cell wall/membrane/envelope biogenesis,1369.377498,-0.361014419,0.114928515,-3.141208411,0.001682523,0.012722636,Novo,,-2.431429016
1422,WQ49_RS26005,cbbA,BCAL2839,Biosynthesis of amino acids,Carbohydrate transport and metabolism,22.39126401,-0.055243692,0.420590862,-0.131347818,0.895500166,0.972263688,Novo,,0.062602882
1423,WQ49_RS26005,cbbA,BCAL2839,Biosynthesis of amino acids,Carbohydrate transport and metabolism,368.7948144,0.515061148,0.125008034,4.120224366,3.79E-05,0.000535728,Novo,,4.772773562
1424,WQ49_RS26005,cbbA,BCAL2839,Biosynthesis of amino acids,Carbohydrate transport and metabolism,552.8288225,0.318333775,0.116238387,2.738628635,0.006169602,0.036576427,Novo,,3.440409641
1425,WQ49_RS26005,cbbA,BCAL2839,Biosynthesis of amino acids,Carbohydrate transport and metabolism,351.7869403,0.314993177,0.129482184,2.432714426,0.014986115,0.069511036,Novo,,3.062715323
1431,WQ49_RS11660,hemA,BCAL0375,Biosynthesis of secondary metabolites,Coenzyme transport and metabolism,357.0733337,-0.066048639,0.129182484,-0.511281697,0.609153819,0.830254094,Novo,,0.120180788
1432,WQ49_RS00925,pyrroline-5-carboxylate reductase,BCAL3292,Arginine and proline metabolism,Amino acid transport and metabolism,780.7141828,-0.034139227,0.106452836,-0.320698144,0.748439154,0.917790148,Novo,,0.445593251
1434,WQ49_RS12210,hemB,BCAL0264,Biosynthesis of secondary metabolites,Coenzyme transport and metabolism,574.9679323,0.115450573,0.115217962,1.002018877,0.316334476,0.573195529,Novo,,1.710015187
1435,WQ49_RS25500,ubiE,BCAL0873,Biosynthesis of secondary metabolites,Coenzyme transport and metabolism,2434.698797,0.198014043,0.106520047,1.85893686,0.063036089,0.199280284,Novo,,2.624744744
1436,WQ49_RS12260,secY,BCAL0254,Bacterial secretion system,"Intracellular trafficking, secretion, and vesicular transport",61.11460781,0.61144107,0.259260291,2.358406169,0.018353599,0.081049493,Novo,,2.673047072
1437,WQ49_RS00270,nrdB,BCAL3428,adenosine deoxyribonucleotides de novo biosynthesis,Nucleotide transport and metabolism,0.424127232,0,3.105468094,0,1,1,Novo,,0.026267825
1438,WQ49_RS26970,metG,BCAL2646,Aminoacyl-tRNA biosynthesis,"Translation, ribosomal structure and biogenesis",0.737232205,0.390044137,2.551089571,0.152893157,0.878482533,0.972263688,Novo,,0.184869255
1439,WQ49_RS34305,astD,BCAL1062,Arginine and proline metabolism,Energy production and conversion,590.1736943,0.187394605,0.102153254,1.83444577,0.066587851,0.208030357,Novo,,2.632990004
1440,WQ49_RS30045,arnA1,BCAL1931,Others,Cell wall/membrane/envelope biogenesis,795.2166186,0.173456348,0.106106677,1.634735467,0.102104514,0.273600446,Novo,,2.403526784
1441,WQ49_RS23480,fmt,BCAL0466,Aminoacyl-tRNA biosynthesis,"Translation, ribosomal structure and biogenesis",1692.635491,0.275276249,0.095354689,2.886866394,0.003890994,0.024974753,Novo,,3.742344951
1442,WQ49_RS27525,dnaE,BCAL2409,DNA Replication,"Replication, recombination and repair",768.4067136,0.306722205,0.112269652,2.732013506,0.006294856,0.036576427,Novo,,3.458602489
1443,WQ49_RS06135,cblA,BCAM2095,Others,Transcription,64.75381709,0.476809528,0.249849194,1.908389297,0.056340919,0.185283904,Novo,,2.234881813
1444,WQ49_RS28880,cysS,BCAL2150,Aminoacyl-tRNA biosynthesis,"Translation, ribosomal structure and biogenesis",877.2874212,0.471265796,0.105241879,4.47793027,7.54E-06,0.000138681,Novo,,5.253038933
1445,WQ49_RS00060,murC,BCAL3467,Lysine biosynthesis,Cell wall/membrane/envelope biogenesis,17479.27737,0.513428557,0.197303497,2.602227352,0.009262043,0.048232525,Novo,,3.015671074
1446,0,BCAL1661,BCAL1661,Others,Carbohydrate transport and metabolism,571.4467198,-0.032496221,0.112817618,-0.288042077,0.77331453,0.923960218,Novo,,0.435017791
1447,WQ49_RS24690,lipA,BCAL0709,lipoate biosynthesis and incorporation (yeast),Coenzyme transport and metabolism,560.1082482,0.029973864,0.110644035,0.270903573,0.786465197,0.935622389,Novo,,1.00816783
1448,WQ49_RS32320,pheS,BCAL1485,Aminoacyl-tRNA biosynthesis,"Translation, ribosomal structure and biogenesis",553.7717306,0.232616953,0.112035315,2.07628241,0.037867839,0.143171556,Novo,,2.804391152
1449,WQ49_RS25535,aspS,BCAL0880,Aminoacyl-tRNA biosynthesis,"Translation, ribosomal structure and biogenesis",813.5309607,0.441433292,0.104552303,4.222128834,2.42E-05,0.000381678,Novo,,5.002349738
1450,WQ49_RS23690,diaminopimelate epimerase,BCAL0507,Biosynthesis of amino acids,Amino acid transport and metabolism,546.6824517,0.062737895,0.109537059,0.572754973,0.56681061,0.796130934,Novo,,1.317469986
1451,WQ49_RS00230,proS,BCAL3436,Aminoacyl-tRNA biosynthesis,"Translation, ribosomal structure and biogenesis",1085.199716,0.591293819,0.097849455,6.0428933,1.51E-09,5.57E-08,Novo,,6.876560608
1452,WQ49_RS28790,BCAL2169,BCAL2169,Aminoacyl-tRNA biosynthesis,"Translation, ribosomal structure and biogenesis",655.5812808,0.209871989,0.111515394,1.882000147,0.059835996,0.193154793,Novo,,2.613503564
1453,WQ49_RS30025,BCAL1935,BCAL1935,Others,Carbohydrate transport and metabolism,566.9631858,0.194570897,0.107140181,1.81604039,0.069364177,0.212716808,Novo,,2.57741573
1454,WQ49_RS28890,BCAL2148,BCAL2148,Biosynthesis of antibiotics,Lipid transport and metabolism,1189.372074,0.493403942,0.098820102,4.992951124,5.95E-07,1.31E-05,Novo,,5.818429848
1455,WQ49_RS29880,BCAL1964,BCAL1964,Metabolic pathways,Nucleotide transport and metabolism,477.5202159,0.469150715,0.114293034,4.104805848,4.05E-05,0.000544803,Novo,,4.81853169
1456,WQ49_RS23460,BCAL0462,BCAL0462,DNA Replication,"Replication, recombination and repair",542.847812,0.314401226,0.11547378,2.722706619,0.006474953,0.03723098,Novo,,3.42913445
1457,WQ49_RS29240,dxr,BCAL2089,Metabolic pathways,Nucleotide transport and metabolism,687.7693271,0.679077716,0.118789478,5.716648697,1.09E-08,3.75E-07,Novo,,6.40335844
1458,WQ49_RS00210,proB,BCAL3440,Ribosome biogenesis biogenesis,General function prediction only,420.0164733,0.274529098,0.13807858,1.988209164,0.046788562,0.163463836,Novo,,2.578987924
1459,WQ49_RS02145,hemL,BCAL3050,Metabolic pathways,Coenzyme transport and metabolism,147.3326929,0.709046766,0.179705097,3.945613002,7.96E-05,0.000976379,Novo,,4.399544991
1460,WQ49_RS32415,aroC,BCAL1467,Biosynthesis of amino acids,Amino acid transport and metabolism,946.4146416,0.37705034,0.088771755,4.24741336,2.16E-05,0.000351093,Novo,,5.166330551
1462,WQ49_RS02220,trxB,BCAL3035,Pyrimidine metabolism,"Posttranslational modification, protein turnover, chaperones",691.2537309,0.328340867,0.101821011,3.224686783,0.001261106,0.009964836,Novo,,4.025836679
1463,WQ49_RS30170,BCAL1906,BCAL1906,Others,Cell wall/membrane/envelope biogenesis,100.7277219,-0.48028512,0.208299555,-2.305742421,0.021125029,0.089519804,Novo,,-1.914124244
1464,WQ49_RS30025,BCAL1935,BCAL1935,Others,Carbohydrate transport and metabolism,735.9128259,0.081179823,0.116683415,0.695727177,0.486599702,0.74405273,Novo,,1.394831603
1465,WQ49_RS23575,gatB,BCAL0484,Aminoacyl-tRNA biosynthesis,"Translation, ribosomal structure and biogenesis",547.0579866,0.403562105,0.113671121,3.550260636,0.00038485,0.00360063,Novo,,4.26789139
1466,WQ49_RS24210,glmU,BCAL0612,Amino sugar and nucleotide sugar metabolism,Cell wall/membrane/envelope biogenesis,332.0586283,0.122284297,0.127879745,0.956244457,0.338948744,0.601606774,Novo,,1.594139786
1467,WQ49_RS00690,tyrZ,BCAL3344,Aminoacyl-tRNA biosynthesis,"Translation, ribosomal structure and biogenesis",386.2224892,0.215637318,0.128431806,1.679002461,0.093151564,0.258527214,Novo,,2.314155814
1468,WQ49_RS29370,guaB,BCAL2063,adenosine nucleotides degradation I,Nucleotide transport and metabolism,334.8951859,0.470099834,0.127491702,3.687297504,0.000226648,0.002353805,Novo,,4.327134379
1469,WQ49_RS34830,thyA,BCAL2912,folate transformations II,Nucleotide transport and metabolism,357.7018269,0.203454485,0.150266008,1.353962131,0.17574846,0.399231069,Novo,,1.89682537
1470,WQ49_RS29240,pyrH,BCAL2089,Metabolic pathways,Nucleotide transport and metabolism,0.068823878,0,5.770684076,0,1,1,Novo,,0.014135914
1471,WQ49_RS23545,rodA,BCAL0478,Peptidoglycan biosynthesis,"Cell cycle control, cell division, chromosome partitioning",738.151441,0.116691724,0.120026927,0.972212872,0.330944658,0.591202108,Novo,,1.651842802
1473,WQ49_RS00120,WQ49_RS00120,BCAL3455,Lipopolysaccharide biosynthesis,Cell wall/membrane/envelope biogenesis,1331.289718,-0.468525463,0.093022327,-5.036699036,4.74E-07,1.09E-05,Novo,,-4.159770937
1474,WQ49_RS00125,WQ49_RS00125,BCAL3454,Others,#N/A,581.7904098,0.033113481,0.111076642,0.298113807,0.765616304,0.920741176,Novo,,1.032506659
1475,WQ49_RS00130,WQ49_RS00130,BCAL3453,Bacterial secretion system,"Intracellular trafficking, secretion, and vesicular transport",755.3137859,0.200830145,0.112719499,1.781680605,0.074801331,0.224403994,Novo,,2.505369877
1476,WQ49_RS00160,WQ49_RS00160,BCAL3448,coenzyme A biosynthesis II (eukaryotic),Coenzyme transport and metabolism,562.8120317,-0.140980798,0.113201708,-1.245394618,0.212986731,0.443499733,Novo,,-0.524788072
1477,WQ49_RS00190,WQ49_RS00190,BCAL3443,Biosynthesis of secondary metabolites,Coenzyme transport and metabolism,1369.933264,0.013138894,0.092663176,0.141791968,0.887244328,0.972263688,Novo,,1.022118928
1478,WQ49_RS00200,WQ49_RS00200,BCAL3442,Ribosome biogenesis biogenesis,"Translation, ribosomal structure and biogenesis",704.7999977,0.204326528,0.105415822,1.938290894,0.052587743,0.178088552,Novo,,2.712120579
1479,WQ49_RS00210,WQ49_RS00210,BCAL3440,Ribosome biogenesis biogenesis,General function prediction only,0.055253319,-0.994640647,5.7669399,-0.172472865,0.863065792,0.968317718,Novo,,-0.158327774
1480,WQ49_RS00245,WQ49_RS00245,BCAL3433,Bacterial secretion system,"Intracellular trafficking, secretion, and vesicular transport",184.9576504,0.274072475,0.157889652,1.735848239,0.082590672,0.241179382,Novo,,2.252499526
1481,WQ49_RS00265,WQ49_RS00265,BCAL3429,adenosine deoxyribonucleotides de novo biosynthesis,Nucleotide transport and metabolism,731.0257166,0.327655987,0.124884878,2.623664237,0.008698949,0.047061373,Novo,,3.27685695
1482,WQ49_RS00305,WQ49_RS00305,BCAL3421,Fatty acid biosynthesis,Lipid transport and metabolism,480.5864755,0.337995495,0.13241762,2.552496378,0.010695402,0.053187946,Novo,,3.168531406
1483,WQ49_RS00345,WQ49_RS00345,BCAL3413,Biosynthesis of amino acids,Amino acid transport and metabolism,2207.425635,0.05374463,0.080368815,0.668724929,0.503670962,0.747540976,Novo,,1.683719267
1484,WQ49_RS00430,WQ49_RS00430,BCAL3396,Metabolic pathways,Coenzyme transport and metabolism,1003.646587,0.14977866,0.102939956,1.455009953,0.145666506,0.348086196,Novo,,2.247451447
1485,WQ49_RS00465,WQ49_RS00465,BCAL3389,Biosynthesis of amino acids,Carbohydrate transport and metabolism,1.313416901,1.981340528,2.043199992,0.969724225,0.332183972,0.591501783,Novo,,1.0096488
1486,WQ49_RS00565,WQ49_RS00565,BCAL3369,Biosynthesis of secondary metabolites/cofactors,Function unknown,1202.476684,0.129251396,0.093323958,1.384975509,0.166059956,0.385147461,Novo,,2.259069299
1487,WQ49_RS00580,WQ49_RS00580,BCAL3366,"3,6-anhydro-&alpha;-L-galactopyranose degradation",Carbohydrate transport and metabolism,2656.170547,-0.214086267,0.082778053,-2.586268442,0.009702134,0.050052128,Novo,,-1.600815306
1488,WQ49_RS00605,WQ49_RS00605,BCAL3361,adenosine ribonucleotides <i>de novo</i> biosynthesis,Nucleotide transport and metabolism,2732.190537,0.244421691,0.091179826,2.680655388,0.007347814,0.04092334,Novo,,3.575303863
1506,WQ49_RS27295,parC,BCAL2455,Others,"Replication, recombination and repair",501.7776289,-0.02993401,0.112628011,-0.265777663,0.790410447,0.936280186,Novo,,0.45849946
1507,WQ49_RS11660,hemA,BCAL0375,Biosynthesis of secondary metabolites,Coenzyme transport and metabolism,1482.361798,-0.32856381,0.114424314,-2.871451007,0.004085921,0.025629869,Novo,,-2.158544025
1508,WQ49_RS11660,hemA,BCAL0375,Biosynthesis of secondary metabolites,Coenzyme transport and metabolism,1122.546064,-0.02773217,0.084223916,-0.329267168,0.741953758,0.916238197,Novo,,0.639268796
1509,0,BCAL3292,BCAL3292,Others,Amino acid transport and metabolism,1063.809858,-0.285633782,0.096695173,-2.953961116,0.003137235,0.020864505,Novo,,-2.110342046
1510,0,BCAL3292,BCAL3292,Others,Amino acid transport and metabolism,1.328626406,0.422363789,1.803481721,0.234193551,0.814834721,0.942033314,Novo,,0.27942489
1511,WQ49_RS27050,hemC,BCAL2630,Biosynthesis of secondary metabolites,Coenzyme transport and metabolism,607.8121984,-0.063151154,0.126625352,-0.498724406,0.617973548,0.83608186,Novo,,0.145490126
1513,WQ49_RS12210,hemB,BCAL0264,Biosynthesis of secondary metabolites,Coenzyme transport and metabolism,0.598273566,-1.004669701,2.717292009,-0.36973196,0.711582216,0.894745748,Novo,,-0.339711671
1514,WQ49_RS25500,ubiE,BCAL0873,Biosynthesis of secondary metabolites,Coenzyme transport and metabolism,649.987981,0.004734471,0.109735145,0.043144529,0.965586324,0.996268506,Novo,,0.786515233
1515,WQ49_RS25500,ubiE,BCAL0873,Biosynthesis of secondary metabolites,Coenzyme transport and metabolism,630.7790279,0.212906254,0.111922499,1.90226502,0.057136516,0.186623414,Novo,,2.631107684
1516,WQ49_RS12260,secY,BCAL0254,Bacterial secretion system,"Intracellular trafficking, secretion, and vesicular transport",412.2374776,0.405982384,0.11876695,3.418311098,0.00063011,0.005520967,Novo,,4.105151097
1517,WQ49_RS12265,secY,BCAL0253,Ribosome biogenesis,"Translation, ribosomal structure and biogenesis",920.7433461,0.307330146,0.101091924,3.040105803,0.002364951,0.01711705,Novo,,3.847033682
1518,WQ49_RS31415,BCAL1661,BCAL1661,Others,Carbohydrate transport and metabolism,586.0476995,-0.406357001,0.118865789,-3.418620316,0.000629395,0.005520967,Novo,,-2.732351433
1519,WQ49_RS31415,BCAL1661,BCAL1661,Others,Carbohydrate transport and metabolism,183.0681558,-0.319693521,0.153367392,-2.084494738,0.037115188,0.142274889,Novo,,-1.552609237
1520,WQ49_RS24690,lipA,BCAL0709,lipoate biosynthesis and incorporation (yeast),Coenzyme transport and metabolism,675.1614804,-0.306227864,0.102208383,-2.996112986,0.002734451,0.018867712,Novo,,-2.197999468
1521,WQ49_RS23690,diaminopimelate epimerase,BCAL0507,Biosynthesis of amino acids,Amino acid transport and metabolism,345.3610598,0.059187011,0.137740257,0.429700164,0.667413764,0.868897164,Novo,,1.021930017
1522,WQ49_RS31555,BCAL1635,BCAL1635,Others,Signal transduction mechanisms,788.5618473,-0.140664234,0.100695771,-1.396922956,0.162436741,0.381553536,Novo,,-0.58682049
1523,WQ49_RS31555,BCAL1635,BCAL1635,Others,Signal transduction mechanisms,678.9078039,-0.551076003,0.131805027,-4.180993832,2.90E-05,0.000440884,Novo,,-3.562095645
1524,WQ49_RS29885,BCAL1963,BCAL1963,DNA Replication,"Replication, recombination and repair",1194.826251,0.494701202,0.094050372,5.259960063,1.44E-07,3.79E-06,Novo,,6.127302639
1526,WQ49_RS00215,proB,BCAL3439,Arginine and proline metabolism,Amino acid transport and metabolism,359.1957126,0.126954406,0.133205751,0.953070007,0.340554602,0.601773671,Novo,,1.565460175
1527,WQ49_RS02145,hemL,BCAL3050,Metabolic pathways,Coenzyme transport and metabolism,613.0357384,0.084994703,0.104869807,0.810478297,0.417665334,0.679770127,Novo,,1.588336999
1528,WQ49_RS02150,hemL,BCAL3049,Biosynthesis of secondary metabolites,Coenzyme transport and metabolism,101.842355,-0.316773485,0.205586758,-1.540826307,0.123359065,0.306730648,Novo,,-1.144040576
1529,WQ49_RS32415,aroC,BCAL1467,Biosynthesis of amino acids,Amino acid transport and metabolism,119.2782667,-0.11632998,0.194857699,-0.59699966,0.550507608,0.781135139,Novo,,-0.178366511
1530,WQ49_RS32415,aroC,BCAL1467,Biosynthesis of amino acids,Amino acid transport and metabolism,1054.768853,0.385306513,0.092952786,4.145185221,3.40E-05,0.000493225,Novo,,5.02276938
1532,WQ49_RS02150,hemL,BCAL3049,Biosynthesis of secondary metabolites,Coenzyme transport and metabolism,440.4383611,0.044595555,0.139826821,0.318934196,0.749776412,0.917790148,Novo,,0.902326508
1533,WQ49_RS02220,trxB,BCAL3035,Pyrimidine metabolism,"Posttranslational modification, protein turnover, chaperones",628.3346512,-0.0701335,0.103517312,-0.677505038,0.498085575,0.747540976,Novo,,0.110516701
1534,WQ49_RS02220,trxB,BCAL3035,Pyrimidine metabolism,"Posttranslational modification, protein turnover, chaperones",816.0052748,-0.270542552,0.11315225,-2.390960435,0.016804364,0.076661229,Novo,,-1.670038911
1535,WQ49_RS34830,thyA,BCAL2912,folate transformations II,Nucleotide transport and metabolism,365.421783,-0.127897521,0.127739258,-1.001238954,0.316711298,0.573195529,Novo,,-0.362642069
1536,WQ49_RS34830,thyA,BCAL2912,folate transformations II,Nucleotide transport and metabolism,356.0197264,0.043545858,0.136980823,0.317897475,0.750562708,0.917790148,Novo,,0.913410705
1537,WQ49_RS34830,thyA,BCAL2912,folate transformations II,Nucleotide transport and metabolism,417.1907174,-0.267114354,0.117233369,-2.278483996,0.022697757,0.093501208,Novo,,-1.582659137
1538,WQ49_RS23545,rodA,BCAL0478,Peptidoglycan biosynthesis,"Cell cycle control, cell division, chromosome partitioning",319.2529735,0.036516941,0.124819956,0.292556915,0.76986085,0.923086035,Novo,,0.94608937
1539,WQ49_RS26005,cbbA,BCAL2839,Biosynthesis of amino acids,Carbohydrate transport and metabolism,498.8915468,-0.074711857,0.109665734,-0.681268928,0.49570134,0.747540976,Novo,,0.062572282
1555,WQ49_RS00670,WQ49_RS00670,BCAL3348,Ribosome biogenesis,"Translation, ribosomal structure and biogenesis",562.4346868,0.137761171,0.122288478,1.126526176,0.259942867,0.502845836,Novo,,1.793587322
1556,WQ49_RS00680,WQ49_RS00680,BCAL3346,Others,Function unknown,208.4302337,0.178150366,0.152771166,1.166125586,0.243563673,0.485335653,Novo,,1.700086898
1557,WQ49_RS00920,WQ49_RS00920,BCAL3296,Biosynthesis of secondary metabolites,Coenzyme transport and metabolism,798.7657732,-0.078460406,0.116578775,-0.67302479,0.50093152,0.747540976,Novo,,0.026707147
1559,WQ49_RS01650,WQ49_RS01650,BCAL3147,Chaperones and folding catalysts,"Posttranslational modification, protein turnover, chaperones",1403.770159,-0.044013977,0.107441222,-0.409656336,0.682058065,0.881618381,Novo,,0.349585698
1560,WQ49_RS01680,WQ49_RS01675,BCAL3141,Ribosome biogenesis,"Replication, recombination and repair",565.4573817,-0.405265375,0.110689806,-3.661270998,0.000250967,0.002518797,Novo,,-2.924311603
1561,WQ49_RS01710,WQ49_RS01710,BCAL3135,Acarbose and validamycin biosynthesis,Cell wall/membrane/envelope biogenesis,1837.702455,-0.141628231,0.093149919,-1.520433212,0.128402133,0.317838463,Novo,,-0.644706288
1562,WQ49_RS01810,WQ49_RS01810,BCAL3113,Amino sugar and nucleotide sugar metabolism,Carbohydrate transport and metabolism,1074.55922,-0.215658957,0.105908573,-2.03627478,0.041722771,0.152469349,Novo,,-1.266045426
1563,WQ49_RS01815,WQ49_RS01815,BCAL3112,Lipopolysaccharide biosynthesis,Cell wall/membrane/envelope biogenesis,967.612001,0.239571641,0.106546123,2.248525198,0.02454272,0.09961457,Novo,,3.014145665
1564,WQ49_RS02245,WQ49_RS02245,BCAL3030,Aminoacyl-tRNA biosynthesis,"Translation, ribosomal structure and biogenesis",224.081907,0.29786592,0.16825562,1.770317803,0.076674214,0.22754928,Novo,,2.255139006
1565,WQ49_RS02275,WQ49_RS02265,BCAL3025,Chromosome and associated proteins,"Cell cycle control, cell division, chromosome partitioning",277.6525224,-0.097994622,0.147741191,-0.663285719,0.507147581,0.747540976,Novo,,-0.111145238
1566,WQ49_RS02350,WQ49_RS02345,BCAL3012,Purine metabolism,Nucleotide transport and metabolism,1.761765302,1.180135652,1.43775134,0.820820415,0.411748568,0.678463313,Novo,,0.87755755
1567,WQ49_RS02355,WQ49_RS02355,BCAL3011,Metabolic pathways,Transcription,316.1238273,0.198220263,0.142498193,1.39103703,0.164214198,0.382473576,Novo,,1.963492656
1568,WQ49_RS02650,WQ49_RS02650,BCAM1397A,Biosynthesis of secondary metabolites/cofactors,Lipid transport and metabolism,374.027729,-0.013736891,0.119491482,-0.114961261,0.908475828,0.974881117,Novo,,0.567714115
1569,WQ49_RS02850,WQ49_RS02850,BCAM1437,Others,Transcription,164.0234063,0.11562908,0.173333829,0.667088939,0.504715325,0.747540976,Novo,,1.137706202
1570,WQ49_RS03130,WQ49_RS03130,BCAM1495,Others,Signal transduction mechanisms,1095.156566,-0.014014229,0.10107611,-0.138650257,0.889726527,0.972263688,Novo,,0.668403875
1571,WQ49_RS03420,WQ49_RS03420,WQ49_03425,Others,#N/A,689.976754,0.011437997,0.106954013,0.106943136,0.914834092,0.974881117,Novo,,0.86964376
1572,WQ49_RS03740,WQ49_RS03740,BCAM1610,Others,"Secondary metabolites biosynthesis, transport and catabolism",639.495575,0.154470578,0.108047703,1.429651663,0.15281702,0.362038605,Novo,,2.184632009
1573,WQ49_RS04030,WQ49_RS04030,BCAM1668,Others,#N/A,585.8437566,0.033864654,0.108880167,0.311026841,0.755780217,0.917790148,Novo,,1.060234843
1574,WQ49_RS04135,WQ49_RS04135,BCAM1687,Biosynthesis of secondary metabolites,Coenzyme transport and metabolism,207.2417136,0.121914254,0.152589173,0.798970538,0.424307496,0.679770127,Novo,,1.333568704
1575,WQ49_RS04315,WQ49_RS04315,BCAM1723,Others,Signal transduction mechanisms,687.2081099,-0.245899038,0.103435335,-2.37732143,0.017438884,0.07826231,Novo,,-1.588675148
1576,WQ49_RS04585,WQ49_RS04585,BCAM1775,Others,Function unknown,614.5318027,-0.051970791,0.108903071,-0.477220618,0.633205031,0.842443563,Novo,,0.271829809
1577,WQ49_RS04805,WQ49_RS04805,BCAM1819,Others,Amino acid transport and metabolism,0.190135949,0.338659885,4.780360119,0.070844011,0.943521904,0.986409263,Novo,,0.087908393
1578,WQ49_RS05015,WQ49_RS05015,BCAM1863,Others,#N/A,194.6532139,-0.176698208,0.160651654,-1.099884152,0.271382601,0.520149985,Novo,,-0.592115385
1579,WQ49_RS05405,WQ49_RS05405,BCAM1950,Others,Transcription,225.638331,0.233462373,0.157691476,1.48050091,0.138739618,0.337375635,Novo,,1.997801492
1580,WQ49_RS05875,WQ49_RS05865,BCAM2042,Bacterial secretion system,#N/A,918.0649428,0.224233055,0.097404692,2.302076524,0.021330857,0.089519804,Novo,,3.139550473
1583,WQ49_RS07680,WQ49_RS07670,BCAS0676,Others,#N/A,392.7789319,-0.271282934,0.124955684,-2.171033164,0.029928666,0.118004453,Novo,,-1.518210583
1584,WQ49_RS08550,WQ49_RS08550,0,Others,#N/A,304.9951562,0.181314325,0.175041121,1.035838456,0.300277513,0.557282383,Novo,,1.501865476
1585,WQ49_RS08710,WQ49_RS08710,7.79E+13,Others,#N/A,496.3932661,0.503808151,0.118563668,4.249262507,2.14E-05,0.000351093,Novo,,4.93728012
1586,WQ49_RS09335,WQ49_RS09335,7.54E+13,Others,#N/A,545.1596319,0.091981596,0.113765269,0.808520885,0.418790788,0.679770127,Novo,,1.525557755
1587,WQ49_RS09345,WQ49_RS09340,BCAS0384,"Glycine, serine and threonine metabolism",Coenzyme transport and metabolism,393.1846257,0.012856375,0.120167438,0.106987175,0.914799154,0.974881117,Novo,,0.785822418
1588,WQ49_RS09555,WQ49_RS09555,BCAS0342,ABC transporters,Inorganic ion transport and metabolism,0.844264333,0,2.54850559,0,1,1,Novo,,0.03200852
1589,WQ49_RS10035,WQ49_RS10025,BCAS0244,Others,#N/A,295.9685756,-0.128355457,0.14079946,-0.911618959,0.361969338,0.618597755,Novo,,-0.332256709
1590,WQ49_RS10785,WQ49_RS10785,7.20E+13,Others,#N/A,1039.619253,0.108761187,0.101681801,1.069622941,0.284789065,0.536530934,Novo,,1.871869665
1591,WQ49_RS11285,WQ49_RS11285,BCAS0003,Others,"Cell cycle control, cell division, chromosome partitioning",569.5392164,-0.072165276,0.113094294,-0.638098294,0.523409697,0.75832586,Novo,,0.083192667
1592,WQ49_RS11570,WQ49_RS11570,BCAL0394,Base excision repair,"Replication, recombination and repair",422.5808192,0.220134331,0.138058281,1.594502914,0.110823438,0.288559142,Novo,,2.185368538
1593,WQ49_RS11660,WQ49_RS11660,BCAL0375,Biosynthesis of secondary metabolites,Coenzyme transport and metabolism,569.295006,0.247282661,0.118876741,2.080160164,0.037510845,0.142799906,Novo,,2.766365819
1595,WQ49_RS12800,WQ49_RS12800,BCAL3524,Bacterial secretion system,#N/A,1224.157368,0.243469096,0.087746477,2.774687999,0.005525469,0.03351713,Novo,,3.704342329
1596,WQ49_RS12975,WQ49_RS12960,BCAL0027,Chromosome and associated proteins,Transcription,153.0143893,0.145430822,0.173927622,0.836157136,0.403066509,0.666145847,Novo,,1.305167701
1597,WQ49_RS12990,WQ49_RS12990,BCAL0030,Metabolic pathways,Energy production and conversion,793.9295244,0.532458294,0.1042735,5.106362541,3.28E-07,8.06E-06,Novo,,5.888669573
1598,WQ49_RS12995,WQ49_RS12995,BCAL0031,Metabolic pathways,Energy production and conversion,0.654275333,-0.558852056,2.398305633,-0.233019532,0.815746239,0.942033314,Novo,,-0.199006397
1599,WQ49_RS13000,WQ49_RS13000,BCAL0032,Metabolic pathways,Energy production and conversion,407.4351779,0.673207501,0.125556549,5.361787219,8.24E-08,2.42E-06,Novo,,6.011485643
1600,WQ49_RS13040,WQ49_RS13040,BCAL0040,Biosynthesis of secondary metabolites/cofactors,Coenzyme transport and metabolism,619.1913138,0.007156876,0.106396634,0.067266004,0.94636994,0.986610318,Novo,,0.833962178
1601,WQ49_RS13045,WQ49_RS13045,BCAL0041,Homologous recombination,"Replication, recombination and repair",394.4251564,-0.220561012,0.133600542,-1.650899077,0.098759184,0.267230734,Novo,,-1.040318531
1602,WQ49_RS13280,WQ49_RS13280,BCAL0086,Others,#N/A,278.6123793,-0.548514891,0.147590903,-3.716454609,0.000202038,0.002230499,Novo,,-3.163751897
1603,WQ49_RS14005,WQ49_RS14005,pBCA094,Others,Function unknown,378.6077467,-0.104995101,0.138392057,-0.758678665,0.448044802,0.703482494,Novo,,-0.1692381
1604,WQ49_RS14200,WQ49_RS14200,8.01E+13,Others,#N/A,824.0234686,-0.013499182,0.107477445,-0.125600142,0.90004845,0.972263688,Novo,,0.633386009
1605,WQ49_RS14675,WQ49_RS14675,BCAM1362,beta-Lactam resistance,Cell wall/membrane/envelope biogenesis,397.9137654,0.673806739,0.125719754,5.35959322,8.34E-08,2.42E-06,Novo,,6.008448231
1606,WQ49_RS15060,WQ49_RS15055,BCAM1285,Others,#N/A,460.1134112,0.202529179,0.116835485,1.733456052,0.083014642,0.241179382,Novo,,2.431650542
1607,WQ49_RS15825,WQ49_RS15825,BCAM1131,Others,Transcription,442.2059327,0.103765703,0.1159426,0.894974777,0.370800571,0.626776411,Novo,,1.59854613
1608,WQ49_RS16220,WQ49_RS16220,BCAM1050,Others,#N/A,478.3523299,-0.396848305,0.107503604,-3.691488372,0.000222946,0.002353805,Novo,,-2.93268691
1609,WQ49_RS16915,WQ49_RS16915,BCAM0913,Others,"Posttranslational modification, protein turnover, chaperones",390.5600173,-0.19799596,0.123489502,-1.603342446,0.10885907,0.286143842,Novo,,-0.942768949
1611,WQ49_RS18170,WQ49_RS18170,BCAM0654,Others,Transcription,239.07717,-0.179041199,0.153816206,-1.163994381,0.244426289,0.485335653,Novo,,-0.633660847
1612,WQ49_RS18210,WQ49_RS18210,BCAM0646,Others,General function prediction only,250.8262057,0.060194657,0.147683821,0.407591409,0.683573672,0.881618381,Novo,,0.959946375
1613,WQ49_RS18505,WQ49_RS18505,BCAM0588,Others,Transcription,0.281816661,-1.070416979,3.876540379,-0.276126874,0.78245062,0.932856895,Novo,,-0.255083912
1614,WQ49_RS19375,WQ49_RS19375,BCAM0414,Others,#N/A,286.708205,-0.199900466,0.147301265,-1.35708588,0.174753924,0.398612257,Novo,,-0.80329639
1615,WQ49_RS20045,WQ49_RS20045,BCAM0279,Others,#N/A,363.6875474,0.078261117,0.142852828,0.547844368,0.583798771,0.807814107,Novo,,1.118878862
1616,WQ49_RS22430,WQ49_RS22425,BCAM2647,Others,Function unknown,511.4917801,-0.18325689,0.113433369,-1.615546575,0.106192383,0.281818246,Novo,,-0.896411693
1617,WQ49_RS23265,WQ49_RS23265,BCAL0423a,Ribosome biogenesis,#N/A,761.2973247,0.217976546,0.130048458,1.676117885,0.093715104,0.258653688,Novo,,2.303375551
1618,WQ49_RS23510,WQ49_RS23500,BCAL0472,Others,Signal transduction mechanisms,490.8212042,-0.199530636,0.113769014,-1.753822312,0.079460959,0.233835516,Novo,,-1.036809049
1619,WQ49_RS23700,WQ49_RS23700,BCAL0509,2'-deoxymugineic acid phytosiderophore biosynthesis,Coenzyme transport and metabolism,415.6824253,-0.331035885,0.124144594,-2.666534841,0.007663766,0.041885138,Novo,,-2.00944709
1620,WQ49_RS24230,WQ49_RS24230,BCAL0616,Others,Function unknown,459.802511,0.386488518,0.121273888,3.186906297,0.001438034,0.011180204,Novo,,3.859548145
1621,WQ49_RS24420,WQ49_RS24420,BCAL0655,Others,Inorganic ion transport and metabolism,236.3129529,0.185989409,0.16259561,1.143877186,0.252674574,0.494597037,Novo,,1.645575185
1622,WQ49_RS24600,WQ49_RS24600,BCAL0691,Lipopolysaccharide biosynthesis,Cell wall/membrane/envelope biogenesis,166.3214771,0.029427357,0.186374553,0.157893644,0.874540607,0.972263688,Novo,,0.595581573
1623,WQ49_RS24810,WQ49_RS24810,BCAL0734,Ascorbate and aldarate metabolism,Carbohydrate transport and metabolism,158.4411102,0.166872981,0.182775116,0.912996173,0.361244554,0.618597755,Novo,,1.359303603
1624,WQ49_RS24980,WQ49_RS24980,BCAL0768,Others,Function unknown,405.779396,-0.07644265,0.123487502,-0.619031473,0.535895625,0.768349053,Novo,,0.041552721
1625,WQ49_RS25115,WQ49_RS25115,BCAL0795,Metabolic pathways,Coenzyme transport and metabolism,270.0570516,0.172311244,0.137820047,1.250262555,0.211203652,0.443499733,Novo,,1.842149541
1626,WQ49_RS25270,WQ49_RS25265,BCAL0827,DNA Replication,"Replication, recombination and repair",320.8337985,0.157739265,0.140593407,1.121953503,0.26188221,0.503689826,Novo,,1.702164866
1627,WQ49_RS25515,WQ49_RS25510,BCAL0876,Biosynthesis of secondary metabolites,General function prediction only,271.7059655,0.091825746,0.133278081,0.688978599,0.490836735,0.747540976,Novo,,1.30103642
1628,WQ49_RS25605,WQ49_RS25605,BCAL0894,Others,Cell wall/membrane/envelope biogenesis,118.7413613,-0.371060134,0.194475596,-1.908003582,0.056390753,0.185283904,Novo,,-1.488547908
1629,WQ49_RS26025,WQ49_RS26010,BCAL2835,Others,"Translation, ribosomal structure and biogenesis",0.675019245,2.865330699,2.473991435,1.158181333,0.246790044,0.488120958,Novo,,1.191153918
1632,WQ49_RS26370,WQ49_RS26370,BCAL2766,Others,#N/A,494.351776,0.219780444,0.129631793,1.695420844,0.089995615,0.254756816,Novo,,2.324694653
1633,WQ49_RS26380,WQ49_RS26380,BCAL2764,Peptidoglycan biosynthesis,General function prediction only,374.7366774,0.143913048,0.120293059,1.196353711,0.231558557,0.468206313,Novo,,1.874480054
1635,WQ49_RS26645,WQ49_RS26640,BCAL2710,Biosynthesis of antibiotics,Cell wall/membrane/envelope biogenesis,253.9126752,0.325359395,0.141591618,2.297871864,0.021569083,0.089519804,Novo,,2.873992776
1636,WQ49_RS26820,WQ49_RS26825,BCAL2677,ABC transporters,General function prediction only,112.269309,0.135060029,0.217657007,0.620517716,0.534916994,0.768349053,Novo,,0.995299549
1637,WQ49_RS26855,WQ49_RS26850,BCAL2670,lipoprotein posttranslational modification,Cell wall/membrane/envelope biogenesis,1209.566279,0.007219741,0.090597389,0.079690386,0.936483506,0.983586118,Novo,,0.98009042
1639,WQ49_RS27090,WQ49_RS27090,BCAL2622,Oxidative phosphorylation,Energy production and conversion,170.8024635,0.101467059,0.175709729,0.577469781,0.563622146,0.793672002,Novo,,1.041723484
1640,WQ49_RS27545,WQ49_RS27545,BCAL2406,Others,Cell wall/membrane/envelope biogenesis,343.0674709,0.207716682,0.150660782,1.378704395,0.167985914,0.387984203,Novo,,1.920145182
1641,WQ49_RS27805,WQ49_RS27805,BCAL2356,Glycerophospholipid metabolism,Lipid transport and metabolism,627.1873507,0.172679024,0.110264065,1.566049862,0.117336945,0.299861081,Novo,,2.305854728
1642,WQ49_RS27860,WQ49_RS27855,BCAL2345,Bacterial secretion system,"Intracellular trafficking, secretion, and vesicular transport",248.3264589,0.352743469,0.153259,2.301616676,0.021356799,0.089519804,Novo,,2.833878353
1643,WQ49_RS27870,WQ49_RS27870,BCAL2344,Metabolic pathways,Energy production and conversion,370.1621465,0.425203163,0.140649331,3.02314387,0.002501633,0.017703863,Novo,,3.603124531
1644,WQ49_RS27875,WQ49_RS27875,BCAL2343,Metabolic pathways,Energy production and conversion,300.9230666,0.312882334,0.13842345,2.26032753,0.023800931,0.097319361,Novo,,2.849634416
1645,WQ49_RS27890,WQ49_RS27890,BCAL2340,Metabolic pathways,Energy production and conversion,371.7584024,0.284010147,0.122256602,2.32306593,0.020175611,0.087007322,Novo,,2.990300998
1646,WQ49_RS28490,WQ49_RS28490,BCAL2224,"Alanine, aspartate and glutamate metabolism",Amino acid transport and metabolism,345.3241215,-0.084215565,0.127581492,-0.660092334,0.509194578,0.747540976,Novo,,-0.020705769
1648,WQ49_RS28655,WQ49_RS28655,BCAL2195,Others,"Posttranslational modification, protein turnover, chaperones",726.4490694,0.47196779,0.100905215,4.677337909,2.91E-06,5.73E-05,Novo,,5.485758879
1649,WQ49_RS28705,WQ49_RS28705,BCAL2186,ABC transporters,Cell wall/membrane/envelope biogenesis,559.0366803,0.186314357,0.110306663,1.689058048,0.091208306,0.25578494,Novo,,2.428577219
1650,WQ49_RS28730,WQ49_RS28730,BCAL2181,Metabolic pathways,Nucleotide transport and metabolism,125.2624831,0.223182698,0.196346799,1.136676022,0.255673747,0.496943338,Novo,,1.552134245
1651,WQ49_RS28900,WQ49_RS28900,BCAL2146,2-Oxocarboxylic acid metabolism,Amino acid transport and metabolism,745.5410969,0.135222955,0.094168484,1.435968271,0.15101137,0.359302915,Novo,,2.302222978
1652,WQ49_RS29015,WQ49_RS29015,BCAL2126,Aminoacyl-tRNA biosynthesis,"Translation, ribosomal structure and biogenesis",504.645641,0.105575466,0.115494644,0.914115681,0.360656064,0.618597755,Novo,,1.620415895
1653,WQ49_RS29105,WQ49_RS29105,BCAL2115A,Others,"Posttranslational modification, protein turnover, chaperones",1600.008196,0.320309436,0.103755754,3.087148651,0.002020865,0.014873567,Novo,,3.873359429
1654,WQ49_RS29195,WQ49_RS29195,BCAL2098,Others,"Cell cycle control, cell division, chromosome partitioning",55.02819892,-0.053585065,0.276667652,-0.19368027,0.846426242,0.958181259,Novo,,0.101164074
1655,WQ49_RS29205,WQ49_RS29205,BCAL2096,Base excision repair,"Replication, recombination and repair",794.853614,-0.128367532,0.095250612,-1.347681964,0.177760696,0.40194035,Novo,,-0.49126865
1656,WQ49_RS29235,WQ49_RS29235,BCAL2090,Others,"Translation, ribosomal structure and biogenesis",1082.152746,0.043642854,0.092018847,0.474281691,0.635299046,0.842443563,Novo,,1.360772829
1657,WQ49_RS29380,WQ49_RS29380,BCAL2061,Drug metabolism - other enzymes,Nucleotide transport and metabolism,1125.041613,0.355079014,0.113705422,3.122797568,0.001791409,0.013362944,Novo,,3.840211838
1658,WQ49_RS29605,WQ49_RS29605,BCAL2016,Biosynthesis of antibiotics,Lipid transport and metabolism,323.9958123,0.183063985,0.138149556,1.325114535,0.185133166,0.409407585,Novo,,1.915589772
1659,WQ49_RS29725,WQ49_RS29725,BCAL1994,Others,"Posttranslational modification, protein turnover, chaperones",1131.235785,0.343262736,0.099517426,3.449272635,0.000562099,0.005086534,Novo,,4.268967185
1661,WQ49_RS29995,WQ49_RS29995,BCAL1941,DNA Replication,"Replication, recombination and repair",1072.387822,-0.265315126,0.136118164,-1.949152986,0.051277158,0.174722166,Novo,,-1.349865649
1662,WQ49_RS30075,WQ49_RS30065,BCAL1925,Biosynthesis of amino acids,Amino acid transport and metabolism,1155.721733,0.173009448,0.101678071,1.701541403,0.08884137,0.252785754,Novo,,2.503817557
1663,WQ49_RS30205,WQ49_RS30205,BCAL1899,DNA Replication,"Replication, recombination and repair",1210.195119,0.432426873,0.105962465,4.080943883,4.49E-05,0.000589499,Novo,,4.850781506
1664,WQ49_RS30265,WQ49_RS30265,BCAL1887,Biosynthesis of antibiotics,Nucleotide transport and metabolism,583.3154618,-0.129185835,0.135734863,-0.951751323,0.341223114,0.601773671,Novo,,-0.350771661
1665,WQ49_RS30280,WQ49_RS30280,BCAL1884,Biosynthesis of antibiotics,Lipid transport and metabolism,1392.098791,0.286021136,0.101097575,2.829159201,0.004667048,0.028624559,Novo,,3.636041975
1666,WQ49_RS30300,WQ49_RS30300,BCAL1880,Others,General function prediction only,1100.139162,0.170475191,0.12873341,1.324249784,0.185420102,0.409407585,Novo,,1.957915062
1667,WQ49_RS30305,WQ49_RS30305,BCAL1879,RNA degradation,General function prediction only,567.8319972,0.206138838,0.11558244,1.783478863,0.074508386,0.224403994,Novo,,2.489242579
1668,WQ49_RS30405,WQ49_RS30405,2.05E+13,Others,#N/A,519.3668987,-0.057569407,0.1229991,-0.468047386,0.639750703,0.844838249,Novo,,0.19515984
1669,WQ49_RS31200,WQ49_RS31195,BCAL1707,Metabolic pathways,#N/A,1532.569636,-0.20647211,0.082775168,-2.494372594,0.012618002,0.061097692,Novo,,-1.508885109
1670,WQ49_RS31260,WQ49_RS31260,BCAL1695,ABC transporters,"Secondary metabolites biosynthesis, transport and catabolism",826.6049996,0.314249977,0.09385592,3.348216904,0.000813333,0.006802424,Novo,,4.217356458
1671,WQ49_RS31470,WQ49_RS31470,BCAL1651,Others,Signal transduction mechanisms,0.08237342,0,5.770684076,0,1,1,Novo,,0.014135914
1672,WQ49_RS31685,WQ49_RS31685,BCAL1611,Metabolic pathways,Nucleotide transport and metabolism,0.062320166,-1.088618033,5.761433893,-0.188949149,0.850132672,0.958181259,Novo,,-0.17479054
1673,WQ49_RS31780,WQ49_RS31760,BCAL1590,Others,#N/A,0.740135812,-1.123956575,2.360716339,-0.476108271,0.633997245,0.842443563,Novo,,-0.441553551
1674,WQ49_RS32505,WQ49_RS32505,BCAL1448,Aminoacyl-tRNA biosynthesis,"Translation, ribosomal structure and biogenesis",236.9156485,0.427512154,0.149109909,2.867094201,0.004142597,0.02569341,Novo,,3.414166444
1675,WQ49_RS32510,WQ49_RS32510,BCAL1447,Amino sugar and nucleotide sugar metabolism,Cell wall/membrane/envelope biogenesis,1129.426225,-0.02641304,0.102209367,-0.258420933,0.796082063,0.93860327,Novo,,0.5396849
1676,WQ49_RS32685,WQ49_RS32685,BCAL1413,Aminoacyl-tRNA biosynthesis,"Translation, ribosomal structure and biogenesis",339.8974258,0.485026133,0.134215109,3.613796817,0.000301746,0.002974349,Novo,,4.221581536
1677,WQ49_RS33435,WQ49_RS33435,BCAL1254,DNA Replication,"Replication, recombination and repair",495.4134331,0.155392617,0.117185503,1.326039595,0.184826583,0.409407585,Novo,,2.02214867
1678,WQ49_RS34105,WQ49_RS34105,BCAL1103,Others,#N/A,621.2202858,0.343392945,0.109130916,3.146614717,0.001651725,0.012663221,Novo,,3.894101271
1679,WQ49_RS34545,WQ49_RS34545,BCAL2857,Others,Function unknown,577.1791436,-0.530618844,0.118841949,-4.464912003,8.01E-06,0.000142633,Novo,,-3.778505454
1680,WQ49_RS34550,WQ49_RS34550,BCAL2858,Others,"Translation, ribosomal structure and biogenesis",1347.356239,-0.275580766,0.093977495,-2.93241234,0.003363399,0.022102334,Novo,,-2.064397162
1682,WQ49_RS35065,WQ49_RS35065,BCAL2959,Biosynthesis of secondary metabolites,Coenzyme transport and metabolism,33.84126375,0.739579652,0.417382726,1.771946001,0.076403521,0.22754928,Novo,,1.967387467
1685,WQ49_RS32205,nusA [Control],BCAL1506,Others,Transcription,563.6064972,0.195299298,0.137697943,1.418316738,0.156098312,0.368231915,Novo,,2.010728579
1686,WQ49_RS00765,NUDIX hydrolase,BCAL3328,protein SAMPylation and SAMP-mediated thiolation,Nucleotide transport and metabolism,110.9322217,0.415641901,0.207460317,2.003476647,0.045126152,0.1586601,Novo,,2.396679035
1687,0,LuxR Transcriptional Regulator,BCAM1545,Others,Signal transduction mechanisms,232.3382312,-0.069479657,0.150092506,-0.462912235,0.643427277,0.84766553,Novo,,0.080578538
1688,0,glycosyl trasnferase 5th gene op,BCAM2338,Others,Carbohydrate transport and metabolism,219.2673512,0.081048807,0.150801151,0.537454834,0.590953475,0.81348209,Novo,,1.078391637
1689,0,hypothetical,6.51E+13,Others,#N/A,342.9115638,-0.25188708,0.133117146,-1.89222116,0.05846152,0.189827995,Novo,,-1.279423375
1691,0,SMC-Scp Complex subunit,BCAL1503,Others,Transcription,249.4614983,0.419780947,0.166151791,2.526490645,0.011520846,0.056278821,Novo,,3.017450697
1692,0,alpha/beta hydrolase 7th gene op,BCAM2699,Others,Lipid transport and metabolism,188.3971402,0.301734238,0.176196773,1.712484476,0.086807423,0.249571341,Novo,,2.175454886
1693,0,nusA [Control],BCAL1506,Others,Transcription,58.34140361,0.52970018,0.267920131,1.977082414,0.048032315,0.165711488,Novo,,2.281553346
1694,WQ49_RS00765,NUDIX hydrolase,BCAL3328,Others,Nucleotide transport and metabolism,175.8446303,-0.306035094,0.181230089,-1.688654983,0.091285567,0.25578494,Novo,,-1.238542685
1695,0,LuxR Transcriptional Regulator,BCAM1545,Others,Signal transduction mechanisms,142.5077389,-0.30489202,0.181618565,-1.678749194,0.093200934,0.258527214,Novo,,-1.22959967
1696,0,glycosyl trasnferase 5th gene op,BCAM2338,Others,Carbohydrate transport and metabolism,324.9222228,0.010275335,0.140052971,0.073367487,0.94151369,0.986177527,Novo,,0.655817767
1697,0,hypothetical,6.51E+13,Others,#N/A,538.5445403,-0.056179203,0.128591728,-0.436880384,0.662198098,0.864145036,Novo,,0.197483066
1698,0,hypothetical 5th gene op,BCAM1066,Others,Function unknown,268.9664752,-0.204985006,0.138148326,-1.483803761,0.137860989,0.337298517,Novo,,-0.893323267
1699,0,SMC-Scp Complex subunit,BCAL1503,Others,Transcription,125.243574,0.606083668,0.208979658,2.900204138,0.003729197,0.024217844,Novo,,3.290547835
1700,0,alpha/beta hydrolase 7th gene op,BCAM2699,Others,Lipid transport and metabolism,237.4436048,-0.406562901,0.16550238,-2.456538091,0.014028293,0.067335806,Novo,,-1.963651572
1701,0,nusA [Control],BCAL1506,Others,Transcription,243.2495051,0.013393773,0.161782283,0.082788875,0.934019415,0.983586118,Novo,,0.587009056
1702,0,NUDIX hydrolase,BCAL3328,Others,Nucleotide transport and metabolism,352.1894624,-0.011608926,0.1406358,-0.082546026,0.93421252,0.983586118,Novo,,0.497490439
1703,0,LuxR Transcriptional Regulator,BCAM1545,Others,Signal transduction mechanisms,113.4406083,-0.193092499,0.204542004,-0.944023695,0.34515754,0.605035668,Novo,,-0.545211273
1704,0,glycosyl trasnferase 5th gene op,BCAM2338,Others,Carbohydrate transport and metabolism,5.680034235,-0.701129347,0.872209669,-0.803854133,0.421481222,0.679770127,Novo,,-0.710328579
1705,0,hypothetical,6.51E+13,Others,#N/A,134.7302088,-0.223747491,0.214643025,-1.042416781,0.29721849,0.554272319,Novo,,-0.662372322
1706,0,hypothetical 5th gene op,BCAM1066,Others,Function unknown,190.2694939,0.258824484,0.157742241,1.640806428,0.100837603,0.271523693,Novo,,2.157940529
1707,0,SMC-Scp Complex subunit,BCAL1503,Others,Transcription,120.5931859,0.198387339,0.20157414,0.984190428,0.325021891,0.584404183,Novo,,1.388874739
1708,0,alpha/beta hydrolase 7th gene op,BCAM2699,Others,Lipid transport and metabolism,209.8531963,0.209194198,0.16006512,1.306931822,0.191235867,0.417241893,Novo,,1.81656123
1742,0,WQ49_RS00050,BCAL3469,Others,"Cell cycle control, cell division, chromosome partitioning",278.0228467,0.547677333,0.143737153,3.810269804,0.000138815,0.00163034,Novo,,4.377791078
1743,0,WQ49_RS00050,BCAL3469,Others,"Cell cycle control, cell division, chromosome partitioning",454.1197744,0.57296439,0.137174839,4.176891293,2.96E-05,0.000440884,Novo,,4.771562246
1744,0,WQ49_RS00885,BCAL3305,Others,"Intracellular trafficking, secretion, and vesicular transport",219.2361577,0.469513475,0.145625846,3.224108133,0.001263657,0.009964836,Novo,,3.784268944
1745,0,WQ49_RS00885,BCAL3305,Others,"Intracellular trafficking, secretion, and vesicular transport",0.151405568,0,5.708518758,0,1,1,Novo,,0.014289853
1746,0,WQ49_RS01035,BCAL3270,Others,"Posttranslational modification, protein turnover, chaperones",190.9288487,0.190424849,0.161569796,1.178591874,0.238560729,0.480604096,Novo,,1.683475176
1747,0,WQ49_RS01035,BCAL3270,Others,"Posttranslational modification, protein turnover, chaperones",115.708272,-0.079882458,0.20194087,-0.395573507,0.692419684,0.887311908,Novo,,0.008375887
1748,0,WQ49_RS02920,BCAM1451,Others,#N/A,1.340279742,-0.29615789,1.571924487,-0.188404654,0.850559451,0.958181259,Novo,,-0.136510373
1749,0,WQ49_RS02920,BCAM1451,Others,#N/A,109.0501658,-0.028382036,0.203855382,-0.139226325,0.889271307,0.972263688,Novo,,0.260929369
1750,0,WQ49_RS03160,BCAM1502,Others,#N/A,160.3973005,0.124841811,0.164005926,0.761203046,0.446535799,0.703482494,Novo,,1.258586854
1751,0,WQ49_RS03160,BCAM1502,Others,#N/A,199.752163,-0.085046821,0.155104649,-0.548318965,0.583472907,0.807814107,Novo,,-0.022390873
1752,0,WQ49_RS03550 (WQ49_RS03555),5.63E+13,Others,#N/A,254.7779541,-0.075219139,0.152308909,-0.493859088,0.6214057,0.836624259,Novo,,0.041722792
1753,0,WQ49_RS03550 (WQ49_RS03555),5.63E+13,Others,#N/A,241.9165691,-0.195852696,0.150799668,-1.298760791,0.194026034,0.420009298,Novo,,-0.75781867
1754,0,WQ49_RS03805 (WQ49_RS03870),BCAM1624,Others,Lipid transport and metabolism,896.4078514,-0.171399089,0.111126205,-1.54238228,0.122980725,0.306730648,Novo,,-0.808316967
1755,0,WQ49_RS03805 (WQ49_RS03870),BCAM1624,Others,Lipid transport and metabolism,128.1256091,0.101143162,0.192285537,0.526005041,0.598884705,0.822349147,Novo,,0.950238155
1756,0,WQ49_RS04450 (WQ49_RS04445),BCAM1749,Others,#N/A,0.381336576,-0.999935645,3.339134141,-0.299459561,0.764589422,0.920741176,Novo,,-0.275029907
1757,0,WQ49_RS04450 (WQ49_RS04445),BCAM1749,Others,#N/A,80.87501377,0.096639354,0.240699191,0.401494304,0.688056231,0.885331095,Novo,,0.740398193
1758,0,WQ49_RS09185 (WQ49_RS09185),BCAS0417,Others,#N/A,175.2409922,-0.118072467,0.194731162,-0.606335759,0.544291817,0.77635422,Novo,,-0.187430581
1759,0,WQ49_RS09185 (WQ49_RS09185),BCAS0417,Others,#N/A,147.0507696,-0.243392806,0.195172339,-1.247066091,0.212373265,0.443499733,Novo,,-0.829107826
1761,0,WQ49_RS10495,BCAS0158,Others,#N/A,13.74955874,-0.130820827,0.543777947,-0.240577661,0.809882466,0.942033314,Novo,,-0.09056442
1762,0,WQ49_RS11915 (WQ49_RS11920),BCAL0324,Others,"Intracellular trafficking, secretion, and vesicular transport",159.3056018,-0.378115894,0.17766387,-2.128265547,0.033315073,0.129506481,Novo,,-1.669118214
1763,0,WQ49_RS11915 (WQ49_RS11920),BCAL0324,Others,"Intracellular trafficking, secretion, and vesicular transport",137.8852697,-0.189187978,0.187423591,-1.009413902,0.312776174,0.573005594,Novo,,-0.574175777
1765,0,WQ49_RS12045 (WQ49_RS12050),BCAL0298,Others,Coenzyme transport and metabolism,186.9087456,-0.098006804,0.164736158,-0.594931954,0.551888957,0.781135139,Novo,,-0.099752916
1769,0,WQ49_RS12315 (WQ49_RS12360),BCAL0243,Others,"Translation, ribosomal structure and biogenesis",0.069269684,0,5.770684076,0,1,1,Novo,,0.014135914
1771,0,WQ49_RS12365,BCAL0233,Others,"Translation, ribosomal structure and biogenesis",102.9310535,0.179232341,0.223435141,0.802167197,0.422456249,0.679770127,Novo,,1.167257002
1772,0,WQ49_RS18705,BCAM0549,Others,"Posttranslational modification, protein turnover, chaperones",2084.651554,-0.40543837,0.103786388,-3.9064696,9.37E-05,0.001123853,Novo,,-3.120490884
1774,0,WQ49_RS23945 (WQ49_RS23940),BCAL0558,Others,"Translation, ribosomal structure and biogenesis",316.8655016,0.296343937,0.149842964,1.977696714,0.047962931,0.165711488,Novo,,2.522092594
1776,0,WQ49_RS24070,BCAL0585,Others,#N/A,178.0741133,-0.033913075,0.169578277,-0.199984786,0.84149248,0.958181259,Novo,,0.281054966
1777,0,WQ49_RS24070,BCAL0585,Others,#N/A,238.5820895,-0.011655929,0.148073998,-0.078716921,0.937257786,0.983586118,Novo,,0.472182585
1778,0,WQ49_RS25525,BCAL0878,Others,Function unknown,19.38786124,0.107027724,0.45591014,0.234756182,0.814397979,0.942033314,Novo,,0.413681556
1779,0,WQ49_RS25525,BCAL0878,Others,Function unknown,56.65852767,0.344540035,0.275964084,1.248495928,0.211849499,0.443499733,Novo,,1.544091975
1780,0,WQ49_RS25680,BCAL0909,Others,General function prediction only,854.5844594,0.007694926,0.094973458,0.081021859,0.935424569,0.983586118,Novo,,0.939934377
1781,0,WQ49_RS25680,BCAL0909,Others,General function prediction only,611.3707241,0.087218968,0.103863326,0.839747501,0.401049975,0.664803562,Novo,,1.625143997
1782,0,WQ49_RS26625 (WQ49_RS26630),BCAL2715,Others,"Translation, ribosomal structure and biogenesis",0.073879288,0,5.770684076,0,1,1,Novo,,0.014135914
1783,0,WQ49_RS26625 (WQ49_RS26630),BCAL2715,Others,"Translation, ribosomal structure and biogenesis",278.9952665,-0.122551491,0.150986298,-0.81167293,0.416979332,0.679770127,Novo,,-0.271399454
1785,0,WQ49_RS27920 (WQ49_RS27890),BCAL2334,Others,Energy production and conversion,0.083093121,1.927372209,5.762174362,0.334486964,0.738012126,0.913414111,Novo,,0.348643754
1786,0,WQ49_RS28635,BCAL2199,Others,Transcription,237.521962,-0.146197519,0.156735978,-0.93276299,0.350942354,0.611104667,Novo,,-0.412308827
1787,0,WQ49_RS28635,BCAL2199,Others,Transcription,183.8394081,0.387085048,0.163957622,2.360884734,0.018231396,0.081049493,Novo,,2.858415077
1788,0,WQ49_RS29230,BCAL2091,Others,"Translation, ribosomal structure and biogenesis",92.20638199,0.10096071,0.226474525,0.445792786,0.655746933,0.859791704,Novo,,0.805982931
1789,0,WQ49_RS29230,BCAL2091,Others,"Translation, ribosomal structure and biogenesis",115.5549813,-0.353455448,0.201654102,-1.752780845,0.079639632,0.233835516,Novo,,-1.348257003
1790,0,WQ49_RS30770 (WQ49_RS30765),BCAL1788,Others,"Intracellular trafficking, secretion, and vesicular transport",259.038356,0.006652525,0.14801789,0.044944058,0.964151899,0.996268506,Novo,,0.596052387
1791,0,WQ49_RS30770 (WQ49_RS30765),BCAL1788,Others,"Intracellular trafficking, secretion, and vesicular transport",116.2448019,-0.113877656,0.207925956,-0.547683695,0.58390911,0.807814107,Novo,,-0.155361862
1792,0,WQ49_RS31735,WQ49_31765,Others,#N/A,206.4823998,0.057326612,0.170375515,0.336472126,0.736514868,0.913414111,Novo,,0.815260949
1793,0,WQ49_RS31735,WQ49_31765,Others,#N/A,249.6828247,0.137442514,0.146947693,0.935315902,0.349625522,0.610738254,Novo,,1.490437867
1794,0,WQ49_RS31805 (WQ49_RS31760),BCAL1585,Others,"Replication, recombination and repair",178.0575855,0.026702003,0.162893696,0.163922876,0.869791858,0.971913169,Novo,,0.664702798
1795,0,WQ49_RS31805 (WQ49_RS31760),BCAL1585,Others,"Replication, recombination and repair",303.8133186,-0.008453518,0.13318153,-0.063473653,0.949389339,0.986610318,Novo,,0.549027888
1796,0,WQ49_RS32625 (WQ49_RS32650),BCAL1424,Others,Amino acid transport and metabolism,296.620087,-0.014728878,0.132948616,-0.110786244,0.911785854,0.974881117,Novo,,0.502788343
1797,0,WQ49_RS32625 (WQ49_RS32650),BCAL1424,Others,Amino acid transport and metabolism,25.02513697,-0.294747037,0.419485183,-0.702639922,0.482280176,0.741556149,Novo,,-0.508178007
1798,0,WQ49_RS34895,BCAL2925,Others,"Translation, ribosomal structure and biogenesis",167.0997903,-0.202392521,0.177723597,-1.138805001,0.254784495,0.496943338,Novo,,-0.679811971
1799,0,WQ49_RS34895,BCAL2925,Others,"Translation, ribosomal structure and biogenesis",138.2981913,-0.21996006,0.180592531,-1.217990902,0.22322743,0.459781871,Novo,,-0.766289542
1800,0,WQ49_RS35060,BCAL2958,Others,Cell wall/membrane/envelope biogenesis,242.8956322,-0.370147438,0.143464743,-2.580058568,0.009878356,0.050489375,Novo,,-2.011459686
1801,0,WQ49_RS35060,BCAL2958,Others,Cell wall/membrane/envelope biogenesis,200.9873299,-0.264328582,0.155096587,-1.704283676,0.088328103,0.252627528,Novo,,-1.178328246
1828,WQ49_RS00665 ,WQ49_RS00665 ,BCAL3348a,Others,#N/A,403.6863255,-0.029359667,0.124409808,-0.235991575,0.813439208,0.942033314,Novo,,0.419695412
1829,WQ49_RS00675 ,WQ49_RS00675 ,BCAL3347,Others,"Translation, ribosomal structure and biogenesis",233.4064414,0.249865908,0.155304152,1.608881051,0.107642354,0.284299422,Novo,,2.134133537
1830,WQ49_RS00675 ,WQ49_RS00675 ,BCAL3347,Others,"Translation, ribosomal structure and biogenesis",0.062320166,-1.088618033,5.761433893,-0.188949149,0.850132672,0.958181259,Novo,,-0.17479054
1831,WQ49_RS00720 ,WQ49_RS00720 ,BCAL3338,Others,"Replication, recombination and repair",412.5479835,-0.045238989,0.121467183,-0.372437953,0.709566801,0.894745748,Novo,,0.299133495
1832,WQ49_RS00725 ,WQ49_RS00725 ,BCAL3337,Others,"Replication, recombination and repair",940.7164036,-0.445143762,0.092250012,-4.825406,1.40E-06,2.97E-05,Novo,,-3.941136282
1833,WQ49_RS00745 ,WQ49_RS00745 ,BCAL3333,Others,Energy production and conversion,604.9329145,-0.441284265,0.117470085,-3.756567183,0.00017226,0.001963658,Novo,,-3.062144494
1834,WQ49_RS00745 ,WQ49_RS00745 ,BCAL3333,Others,Energy production and conversion,397.8695707,0.089576776,0.122357768,0.732089004,0.464114245,0.721664967,Novo,,1.398772399
1835,WQ49_RS00880 ,WQ49_RS00880 ,BCAL3306,Others,"Intracellular trafficking, secretion, and vesicular transport",249.2670266,0.58555817,0.162311277,3.607624686,0.000309013,0.002992547,Novo,,4.110201547
1836,WQ49_RS00880 ,WQ49_RS00880 ,BCAL3306,Others,"Intracellular trafficking, secretion, and vesicular transport",1022.857337,0.041069039,0.116217664,0.353380354,0.723803312,0.903935358,Novo,,1.055286498
1837,WQ49_RS01005 ,WQ49_RS01005 ,BCAL3276,Others,Carbohydrate transport and metabolism,422.2803193,0.415390394,0.118198796,3.514336928,0.000440853,0.00405585,Novo,,4.204478408
1838,WQ49_RS01040 ,WQ49_RS01040 ,BCAL3269,Others,"Posttranslational modification, protein turnover, chaperones",138.3523245,0.039070436,0.194335773,0.201046029,0.840662583,0.958181259,Novo,,0.620803497
1839,WQ49_RS01050,WQ49_RS01050,BCAL3267,Biosynthesis of secondary metabolites,Coenzyme transport and metabolism,498.0521535,-0.328774147,0.110449393,-2.976694922,0.002913738,0.019856584,Novo,,-2.238131405
1840,WQ49_RS01655,WQ49_RS01655,BCAL3146,RNA degradation,"Posttranslational modification, protein turnover, chaperones",0.341216382,1.845709028,3.427840575,0.538446578,0.590268777,0.81348209,Novo,,0.562244036
1841,WQ49_RS01655,WQ49_RS01655,BCAL3146,RNA degradation,"Posttranslational modification, protein turnover, chaperones",377.8145093,0.141122768,0.116900954,1.20719945,0.227355342,0.465569522,Novo,,1.905002926
1842,WQ49_RS01715,WQ49_RS01715,BCAL3134,Acarbose and validamycin biosynthesis,Cell wall/membrane/envelope biogenesis,0.341870677,-1.062799999,3.440204055,-0.308935163,0.757370848,0.917790148,Novo,,-0.285223228
1843,WQ49_RS01720,WQ49_RS01720,BCAL3133,Biosynthesis of secondary metabolites/cofactors,Cell wall/membrane/envelope biogenesis,341.2105839,-0.05850861,0.123378993,-0.474218574,0.635344049,0.842443563,Novo,,0.186946589
1844,WQ49_RS01760,WQ49_RS01760,BCAL3123,Others,Cell wall/membrane/envelope biogenesis,69.26903909,-0.380817823,0.260027612,-1.464528403,0.143049628,0.343319108,Novo,,-1.150815981
1845,WQ49_RS01825,WQ49_RS01825,BCAL3110,Lipopolysaccharide biosynthesis,Cell wall/membrane/envelope biogenesis,144.3833845,-0.126789141,0.188475414,-0.672709178,0.501132327,0.747540976,Novo,,-0.239899984
1846,WQ49_RS02120 ,WQ49_RS02120 ,BCAL3055,Others,Transcription,338.0283404,0.242672549,0.130613816,1.857939358,0.063177626,0.199280284,Novo,,2.482481959
1847,WQ49_RS02145,WQ49_RS02145,BCAL3050,Metabolic pathways,Coenzyme transport and metabolism,672.0436847,0.10661603,0.124100171,0.859112677,0.390278354,0.65167624,Novo,,1.516435641
1848,WQ49_RS02600,WQ49_RS02600,BCAM1387,Sulfur metabolism,Inorganic ion transport and metabolism,334.2158905,0.016722106,0.129897635,0.12873295,0.897568962,0.972263688,Novo,,0.756718917
1849,WQ49_RS02800,WQ49_RS02800,BCAM1427,Others,Amino acid transport and metabolism,318.2536142,0.017730341,0.139353252,0.127233062,0.898755938,0.972263688,Novo,,0.712607935
1850,WQ49_RS03505,WQ49_RS03505,BCAM1566,Others,Inorganic ion transport and metabolism,332.8153646,-0.383307997,0.129344205,-2.963472507,0.003041892,0.020477129,Novo,,-2.332799553
1851,WQ49_RS03540,WQ49_RS03540,#N/A,Others,#N/A,491.0889153,-0.220954337,0.107157262,-2.06196326,0.039211234,0.146247305,Novo,,-1.300709279
1852,WQ49_RS03595,WQ49_RS03595,BCAM1582,Metabolic pathways,Lipid transport and metabolism,656.8154123,-0.218246651,0.111112081,-1.964202708,0.049506589,0.169736876,Novo,,-1.23004409
1853,WQ49_RS03680,WQ49_RS03680,#N/A,Others,#N/A,321.9676847,0.182572666,0.137228876,1.330424551,0.18337843,0.409407585,Novo,,1.924861337
1854,WQ49_RS03705,WQ49_RS03705,BCAM1603,Others,#N/A,964.5020999,-0.560192268,0.091768108,-6.104432976,1.03E-09,4.07E-08,Novo,,-5.215519676
1856,WQ49_RS03830,WQ49_RS03830,BCAM1629,Benzoate degradation,Lipid transport and metabolism,632.4017505,0.21435653,0.128428235,1.669076357,0.095102248,0.261121589,Novo,,2.304247371
1857,WQ49_RS03985,WQ49_RS03985,BCAM1660,Others,#N/A,213.1890496,-0.260712911,0.160575878,-1.623611923,0.104458659,0.278556424,Novo,,-1.115603542
1858,WQ49_RS04000,WQ49_RS04000,BCAM1662,Others,#N/A,308.4698864,-0.104104817,0.137385812,-0.757755224,0.448597532,0.703482494,Novo,,-0.163997463
1859,WQ49_RS04205,WQ49_RS04205,BCAM1701,Others,#N/A,393.899771,-0.070451548,0.124117546,-0.567619574,0.570293313,0.797507123,Novo,,0.089611373
1860,WQ49_RS04300,WQ49_RS04300,BCAM1720,Others,Energy production and conversion,277.6733203,-0.037206516,0.139297189,-0.267101703,0.789390856,0.936280186,Novo,,0.318508766
1861,WQ49_RS05100,WQ49_RS05100,BCAM1881,Others,#N/A,144.6319468,0.019437197,0.174885248,0.111142576,0.911503287,0.974881117,Novo,,0.57758496
1862,WQ49_RS05100,WQ49_RS05100,BCAM1881,Others,#N/A,0.438184615,0.423815666,3.080798523,0.137566823,0.890582777,0.972263688,Novo,,0.164044989
1863,WQ49_RS05300,WQ49_RS05300,BCAM1931,Others,Cell wall/membrane/envelope biogenesis,570.3760405,-0.095516949,0.112112273,-0.851975849,0.394227496,0.655462584,Novo,,-0.124366911
1864,WQ49_RS05330,WQ49_RS05330,BCAM1936,Others,"Secondary metabolites biosynthesis, transport and catabolism",205.5429516,0.177592902,0.167694713,1.059025057,0.289588368,0.541873828,Novo,,1.545467896
1865,WQ49_RS05400,WQ49_RS05400,BCAM1949,Biosynthesis of unsaturated fatty acids,Lipid transport and metabolism,562.7179511,0.00593703,0.109756795,0.054092599,0.956861389,0.990970894,Novo,,0.797316673
1866,WQ49_RS05400,WQ49_RS05400,BCAM1949,Biosynthesis of unsaturated fatty acids,Lipid transport and metabolism,638.8509738,-0.380268655,0.116889903,-3.253220712,0.001141048,0.009262627,Novo,,-2.555351266
1867,WQ49_RS05475,WQ49_RS05475,#N/A,Others,#N/A,20.07126556,0.061306484,0.423603482,0.144726111,0.884927123,0.972263688,Novo,,0.337297455
1870,WQ49_RS07185,WQ49_RS07185,BCAM2303,Others,#N/A,400.7608347,-0.154260919,0.119829366,-1.287338195,0.197976436,0.425546149,Novo,,-0.606587765
1871,WQ49_RS07270,WQ49_RS07270,BCAM2320,Others,Energy production and conversion,658.7951972,-0.094081965,0.101629398,-0.925735736,0.354583332,0.615503142,Novo,,-0.123075346
1872,WQ49_RS07525,WQ49_RS07525,BCAM2369,Others,#N/A,477.4072454,-0.29744307,0.121719085,-2.443684729,0.014538125,0.068590127,Novo,,-1.773503124
1873,WQ49_RS07630,WQ49_RS07630,BCAM2390,creatinine degradation II,Amino acid transport and metabolism,337.8245531,-0.259027361,0.127257079,-2.03546524,0.041804083,0.152469349,Novo,,-1.394448703
1875,WQ49_RS07865,WQ49_RS07865,BCAM2429a,Others,#N/A,753.9739583,-0.290364406,0.106239929,-2.733100521,0.006274118,0.036576427,Novo,,-1.965273465
1876,WQ49_RS08940,WQ49_RS08940,BCAS0600,Others,#N/A,622.8344384,0.292446744,0.131888089,2.217385554,0.026596756,0.106387024,Novo,,2.835893962
1877,WQ49_RS09335,WQ49_RS09335,0,Others,#N/A,274.4551603,-0.238921907,0.143342188,-1.666794049,0.095555364,0.261121589,Novo,,-1.097709029
1878,WQ49_RS09480,WQ49_RS09480,BCAS0357,ABC transporters,Carbohydrate transport and metabolism,321.9322323,0.09015702,0.132296435,0.681477322,0.495569511,0.747540976,Novo,,1.298076644
1879,WQ49_RS09490,WQ49_RS09490,BCAS0355,Fructose and mannose metabolism,Carbohydrate transport and metabolism,347.6167861,-0.127810019,0.12680554,-1.007921414,0.313492191,0.573005594,Novo,,-0.364622295
1880,WQ49_RS09735,WQ49_RS09735,BCAS0305,Others,#N/A,248.9139261,0.571246882,0.159483605,3.581853345,0.000341165,0.003246953,Novo,,4.093340983
1881,WQ49_RS09765,WQ49_RS09765,BCAS0299,Others,"Intracellular trafficking, secretion, and vesicular transport",758.5830829,-0.03157615,0.132525049,-0.238265525,0.811675158,0.942033314,Novo,,0.377270126
1882,WQ49_RS10095,WQ49_RS10095,BCAS0233,Others,#N/A,637.0838785,-0.115828237,0.11534809,-1.004162589,0.315300251,0.573195529,Novo,,-0.296964992
1883,WQ49_RS10355,WQ49_RS10355,BCAS0186,Others,Lipid transport and metabolism,702.1095112,-0.102536105,0.13584356,-0.754810199,0.450362874,0.704250159,Novo,,-0.154311419
1884,WQ49_RS10530,WQ49_RS10530,BCAS0151,Others,#N/A,369.6847535,-0.047560689,0.1213825,-0.39182493,0.695187574,0.888295233,Novo,,0.280215045
1885,WQ49_RS10745,WQ49_RS10745,BCAS0109,Others,General function prediction only,0.141841719,0,5.770684076,0,1,1,Novo,,0.014135914
1886,WQ49_RS10800,WQ49_RS10800,BCAS0100,Pentose phosphate pathway,Carbohydrate transport and metabolism,243.2971386,0.150354059,0.166262735,0.904316048,0.36582784,0.623262245,Novo,,1.394948493
1887,WQ49_RS10800,WQ49_RS10800,BCAS0100,Pentose phosphate pathway,Carbohydrate transport and metabolism,614.9763106,-0.020328218,0.107132865,-0.189747729,0.849506818,0.958181259,Novo,,0.57167961
1888,WQ49_RS11175,WQ49_RS11175,BCAS0025,Biosynthesis of amino acids,Amino acid transport and metabolism,959.869851,-0.374503568,0.110562463,-3.387257825,0.00070595,0.005995146,Novo,,-2.649449623
1890,WQ49_RS11295,WQ49_RS11295,BCAS0001,Others,"Replication, recombination and repair",267.6337368,-0.172888917,0.134344216,-1.286910019,0.198125653,0.425546149,Novo,,-0.679709391
1891,WQ49_RS11335,WQ49_RS11335,#N/A,Others,#N/A,417.9812339,-0.265625549,0.118583396,-2.239989394,0.025091611,0.101099047,Novo,,-1.55208624
1892,WQ49_RS11525,WQ49_RS11525,BCAL0403,Others,Cell wall/membrane/envelope biogenesis,469.6615085,-0.059212886,0.122928537,-0.481685437,0.630029423,0.842443563,Novo,,0.18190248
1893,WQ49_RS11590,WQ49_RS11590,BCAL0388,Others,Energy production and conversion,419.972254,-0.333885969,0.12433216,-2.685435268,0.00724354,0.04080035,Novo,,-2.029338794
1894,WQ49_RS11665,WQ49_RS11665,BCAL0374,Others,"Translation, ribosomal structure and biogenesis",232.8132358,0.148956721,0.152095043,0.979366047,0.327399147,0.586767303,Novo,,1.51570103
1895,WQ49_RS11880,WQ49_RS11880,BCAL0331,Others,"Posttranslational modification, protein turnover, chaperones",0.814718255,0.423405357,2.541051632,0.166626035,0.867664307,0.971502429,Novo,,0.198728449
1896,WQ49_RS11910,WQ49_RS11910,BCAL0325,Bacterial secretion system,"Intracellular trafficking, secretion, and vesicular transport",249.0373213,-0.172117082,0.13842303,-1.243413628,0.213715451,0.443499733,Novo,,-0.654104954
1897,WQ49_RS12075,WQ49_RS12075,BCAL0292,Others,"Translation, ribosomal structure and biogenesis",135.3437533,-0.319781235,0.185538385,-1.723531409,0.08479247,0.245054679,Novo,,-1.283870947
1898,WQ49_RS12135,WQ49_RS12135,BCAL0280,3-dehydroquinate biosynthesis I,Amino acid transport and metabolism,0.439259756,0,3.08664277,0,1,1,Novo,,0.026428031
1900,WQ49_RS12225,WQ49_RS12225,BCAL0261,Ribosome biogenesis,"Translation, ribosomal structure and biogenesis",221.5417552,0.087160286,0.149666116,0.582364854,0.56032095,0.791041341,Novo,,1.127404001
1901,WQ49_RS12230,WQ49_RS12230,BCAL0260,Metabolic pathways,Transcription,233.4758929,-0.616277436,0.154022693,-4.001211937,6.30E-05,0.000790601,Novo,,-3.471589381
1902,WQ49_RS12235,WQ49_RS12235,BCAL0259,Ribosome biogenesis,"Translation, ribosomal structure and biogenesis",243.4817703,0.264199239,0.144083482,1.833653896,0.066705386,0.208030357,Novo,,2.399811035
1903,WQ49_RS12240,WQ49_RS12240,BCAL0258,Ribosome biogenesis,"Translation, ribosomal structure and biogenesis",186.8164953,-0.198853369,0.151793053,-1.310029438,0.190185877,0.416597635,Novo,,-0.772627428
1904,WQ49_RS12260,WQ49_RS12260,BCAL0254,Bacterial secretion system,"Intracellular trafficking, secretion, and vesicular transport",271.4736219,-0.097746591,0.138453271,-0.70598976,0.480194506,0.74041164,Novo,,-0.116809802
1905,WQ49_RS12260,WQ49_RS12260,BCAL0254,Bacterial secretion system,"Intracellular trafficking, secretion, and vesicular transport",320.2227431,0.129261926,0.161619839,0.799789966,0.423832498,0.679770127,Novo,,1.304516938
1906,WQ49_RS12320,WQ49_RS12320,BCAL0242,Ribosome biogenesis,"Translation, ribosomal structure and biogenesis",177.0777641,0.175872977,0.160840024,1.093465249,0.274189579,0.521781299,Novo,,1.600639334
1907,WQ49_RS12320,WQ49_RS12320,BCAL0242,Ribosome biogenesis,"Translation, ribosomal structure and biogenesis",456.3582907,0.440277332,0.129029216,3.412229782,0.000644338,0.005557413,Novo,,4.044442353
1908,WQ49_RS12375,WQ49_RS12375,BCAL0231,Translation factors,"Translation, ribosomal structure and biogenesis",194.8596182,0.170243644,0.167448928,1.01668996,0.309300943,0.569113735,Novo,,1.503846811
1909,WQ49_RS12380,WQ49_RS12380,BCAL0230,Ribosome biogenesis,"Translation, ribosomal structure and biogenesis",0.307398577,1.908882344,3.752466001,0.50870077,0.610961983,0.830667523,Novo,,0.530439513
1910,WQ49_RS12385,WQ49_RS12385,BCAL0229,Ribosome biogenesis,"Translation, ribosomal structure and biogenesis",193.8430388,0.130078941,0.163001208,0.798024402,0.42485633,0.679770127,Novo,,1.298474019
1911,WQ49_RS12405,WQ49_RS12405,BCAL0225,Ribosome biogenesis,"Translation, ribosomal structure and biogenesis",425.0421239,-0.150571914,0.118927874,-1.266077571,0.205485312,0.437257519,Novo,,-0.580166947
1912,WQ49_RS12415,WQ49_RS12415,BCAL0223,Ribosome biogenesis,"Translation, ribosomal structure and biogenesis",268.1039493,0.206890145,0.132531249,1.561066891,0.118507969,0.301458059,Novo,,2.176573743
1913,WQ49_RS12830,WQ49_RS12830,BCAL3530,DNA replication,"Replication, recombination and repair",374.4292223,-0.24280927,0.125630145,-1.932730952,0.05326935,0.17821019,Novo,,-1.28341313
1914,WQ49_RS13005,WQ49_RS13005,BCAL0033,Metabolic pathways,Energy production and conversion,289.1842085,0.871063695,0.136818732,6.366552905,1.93E-10,9.70E-09,Novo,,6.962771646
1915,WQ49_RS13265,WQ49_RS13265,BCAL0083a,Others,#N/A,415.2462694,-0.007464071,0.121126014,-0.061622364,0.950863567,0.986610318,Novo,,0.611840661
1916,WQ49_RS13270,WQ49_RS13270,BCAL0084,Others,#N/A,317.1532106,0.257870891,0.143078391,1.802304945,0.071497441,0.218047444,Novo,,2.372439202
1917,WQ49_RS13280,WQ49_RS13275,BCAL0086,Others,#N/A,295.001176,0.46487355,0.154471584,3.009443796,0.002617265,0.018287725,Novo,,3.537527279
1918,WQ49_RS13990,WQ49_RS13990,pBCA002,Others,Transcription,908.6913185,-0.253492376,0.097289177,-2.605555765,0.009172534,0.048221322,Novo,,-1.767087453
1919,WQ49_RS14425,WQ49_RS14425,pBCA002,Others,Transcription,0.071805328,0,5.770684076,0,1,1,Novo,,0.014135914
1920,WQ49_RS14960,WQ49_RS14960,BCAM1305,Others,#N/A,595.0319018,0.001945167,0.105225528,0.018485693,0.985251391,1,Novo,,0.793714801
1921,WQ49_RS15145,WQ49_RS15145,BCAM1268a,Others,#N/A,225.5103746,0.17775532,0.15194878,1.169837097,0.242066532,0.485335653,Novo,,1.706688343
1922,WQ49_RS15155,WQ49_RS15155,BCAM1267,Arginine and proline metabolism,Amino acid transport and metabolism,287.1591856,0.190532341,0.15059619,1.265186999,0.205804302,0.437257519,Novo,,1.806860014
1923,WQ49_RS16225,WQ49_RS16225,BCAM1046,Others,#N/A,284.805632,0.198264668,0.134212675,1.477242507,0.139610643,0.337936113,Novo,,2.085038248
1929,WQ49_RS16480,WQ49_RS16480,BCAM0995,Folate biosynthesis,Coenzyme transport and metabolism,479.8081351,-0.035688062,0.118581364,-0.300958433,0.763446191,0.920741176,Novo,,0.386956508
1930,WQ49_RS16485,WQ49_RS16485,BCAM0994,3-hydroxypropanoate cycle,Lipid transport and metabolism,11.32583853,-0.03511565,0.559670663,-0.062743417,0.949970824,0.986610318,Novo,,0.083009966
1931,WQ49_RS16525,WQ49_RS16525,BCAM0986,2-Oxocarboxylic acid metabolism,Amino acid transport and metabolism,277.3374807,-0.118674071,0.138278913,-0.858222472,0.39076963,0.65167624,Novo,,-0.268299612
1932,WQ49_RS16580,WQ49_RS16580,BCAM0977,Others,Transcription,297.0737857,-0.178001979,0.135156201,-1.317009345,0.187835492,0.413088413,Novo,,-0.713456628
1933,WQ49_RS16615,WQ49_RS16615,BCAM0970,Biosynthesis of antibiotics,Energy production and conversion,391.6942568,0.094994016,0.124945129,0.760285872,0.447083725,0.703482494,Novo,,1.413163603
1934,WQ49_RS16615,WQ49_RS16615,BCAM0970,Biosynthesis of antibiotics,Energy production and conversion,200.1709971,0.094006612,0.187840307,0.500460276,0.61675102,0.83608186,Novo,,0.934732843
1935,WQ49_RS16730,WQ49_RS16730,BCAM0946a,Others,#N/A,730.9328649,-0.042910267,0.112911487,-0.380034553,0.703919766,0.89268033,Novo,,0.3424242
1936,WQ49_RS16825,WQ49_RS16825,BCAM0928,Others,"Translation, ribosomal structure and biogenesis",682.019149,-0.20743371,0.110570374,-1.876033352,0.0606507,0.194646434,Novo,,-1.138277938
1937,WQ49_RS16885,WQ49_RS16885,BCAM0918,Others,Transcription,660.756817,-0.073115474,0.111453474,-0.656017901,0.511812606,0.748090074,Novo,,0.075891919
1938,WQ49_RS16895,WQ49_RS16895,BCAM0917,DNA Replication,"Replication, recombination and repair",1371.354865,0.075876103,0.082407186,0.920746188,0.357182956,0.616140599,Novo,,1.910634276
1939,WQ49_RS16925,WQ49_RS16925,BCAM0911,Biosynthesis of antibiotics,Lipid transport and metabolism,524.1169869,-0.410947835,0.123831866,-3.318595187,0.000904715,0.00745377,Novo,,-2.659848011
1940,WQ49_RS17185,WQ49_RS17185,BCAM0857,Others,Signal transduction mechanisms,237.1248331,0.071696186,0.158582331,0.452107024,0.651191884,0.85585219,Novo,,0.966501608
1941,WQ49_RS17425,WQ49_RS17425,BCAM0808,Others,#N/A,43.4590447,0.126935497,0.3087733,0.411096094,0.681002074,0.881618381,Novo,,0.675283095
1943,WQ49_RS18035,WQ49_RS18035,BCAM0681,Others,Carbohydrate transport and metabolism,304.7754753,0.031049648,0.148020874,0.209765334,0.833850831,0.956934841,Novo,,0.760862553
1944,WQ49_RS18245,WQ49_RS18245,BCAM0639,Others,Signal transduction mechanisms,369.0027033,-0.013836665,0.129190255,-0.107103011,0.914707259,0.974881117,Novo,,0.524321486
1945,WQ49_RS18465,WQ49_RS18465,BCAM0596,Others,Energy production and conversion,173.8568494,-0.354043755,0.171615172,-2.06300965,0.039111711,0.146247305,Novo,,-1.587679343
1946,WQ49_RS18590,WQ49_RS18590,BCAM0572,Others,#N/A,376.2616664,-0.151614302,0.12068601,-1.256270736,0.209017828,0.442060694,Novo,,-0.580352357
1947,WQ49_RS18760,WQ49_RS18760,BCAM0539,Others,Inorganic ion transport and metabolism,200.7129841,-0.005498585,0.161220155,-0.034106067,0.972792571,0.998777781,Novo,,0.471872186
1948,WQ49_RS19165,WQ49_RS19165,BCAM0457,Others,#N/A,255.5247039,-0.265873779,0.137441139,-1.934455582,0.053057138,0.17821019,Novo,,-1.34093684
1950,WQ49_RS19205,WQ49_RS19205,BCAM0448,Others,Function unknown,424.4575567,-0.238272605,0.12482341,-1.908877556,0.056277889,0.185283904,Novo,,-1.255363184
1952,WQ49_RS20055,WQ49_RS20055,BCAM0277,Others,#N/A,203.9408788,-0.219170579,0.168613263,-1.29984187,0.193655172,0.420009298,Novo,,-0.816049013
1953,WQ49_RS20495,WQ49_RS20495,BCAM0186,Others,#N/A,266.689786,-0.062710737,0.143308309,-0.437593167,0.661681226,0.864145036,Novo,,0.131626389
1954,WQ49_RS20870,WQ49_RS20870,BCAM0115,Others,#N/A,777.3697252,-0.120485283,0.113766944,-1.059053518,0.289575407,0.541873828,Novo,,-0.34202721
1955,WQ49_RS21220,WQ49_RS21220,BCAM0045,Others,#N/A,0.526325193,1.893588794,2.957293825,0.640311347,0.521970205,0.758230403,Novo,,0.667895313
1956,WQ49_RS21425,WQ49_RS21425,BCAM0004,Others,Transcription,9.756798966,-0.058972129,0.680381084,-0.086675145,0.930929734,0.983586118,Novo,,0.03321927
1957,WQ49_RS21805,WQ49_RS21805,BCAM2769,Others,General function prediction only,342.3068246,-0.038699021,0.125606246,-0.3080979,0.758007839,0.917790148,Novo,,0.341343468
1958,WQ49_RS22125,WQ49_RS22125,#N/A,Others,#N/A,18.43685416,-0.054794512,0.479197629,-0.114346375,0.908963222,0.974881117,Novo,,0.055883792
1959,WQ49_RS22225,WQ49_RS22225,BCAM2688,Amino sugar and nucleotide sugar metabolism,Carbohydrate transport and metabolism,324.6034236,-0.101610146,0.13612088,-0.74646995,0.455383578,0.710089647,Novo,,-0.147194568
1960,WQ49_RS22415,WQ49_RS22415,BCAM2650,(5Z)-dodecenoate biosynthesis II,Function unknown,95.6450267,0.320444887,0.216091127,1.482915523,0.138096857,0.337298517,Novo,,1.86041317
1961,WQ49_RS23260,WQ49_RS23260,BCAL0423,Two-component system,"Replication, recombination and repair",212.195773,-0.228159828,0.167235673,-1.36430119,0.172472791,0.39668742,Novo,,-0.876523131
1963,WQ49_RS23555,WQ49_RS23555,BCAL0480,Others,Cell wall/membrane/envelope biogenesis,205.2124291,-0.097993637,0.15516773,-0.631533611,0.527691679,0.762528291,Novo,,-0.105819328
1964,WQ49_RS23565,WQ49_RS23565,BCAL0482,Others,"Cell cycle control, cell division, chromosome partitioning",166.0406631,0.174552425,0.184943753,0.943813581,0.345264919,0.605035668,Novo,,1.384887642
1965,WQ49_RS23690,WQ49_RS23690,BCAL0507,Biosynthesis of amino acids,Amino acid transport and metabolism,202.6054186,0.080816373,0.170959438,0.472722503,0.63641117,0.842443563,Novo,,0.949875992
1966,WQ49_RS23690,WQ49_RS23690,BCAL0507,Biosynthesis of amino acids,Amino acid transport and metabolism,335.115013,-0.504385742,0.134373723,-3.753603972,0.00017431,0.001963658,Novo,,-3.146536681
1967,WQ49_RS23695,WQ49_RS23695,BCAL0508,Lipopolysaccharide biosynthesis,Cell wall/membrane/envelope biogenesis,176.7889305,-0.273515051,0.182627161,-1.497669077,0.13421925,0.33075458,Novo,,-1.051000072
1968,WQ49_RS23715,WQ49_RS23715,BCAL0512,Others,#N/A,203.5357996,-0.272645135,0.173071002,-1.575336898,0.115178701,0.298350486,Novo,,-1.104004951
1969,WQ49_RS23835,WQ49_RS23835,BCAL0536,Photosynthesis,Energy production and conversion,118.4717026,-0.078413327,0.207189926,-0.378461099,0.705088087,0.89268033,Novo,,0.015254433
1970,WQ49_RS24155,WQ49_RS24155,BCAL0601,Others,General function prediction only,226.0800259,0.100854276,0.15182302,0.664288433,0.506505723,0.747540976,Novo,,1.201584372
1971,WQ49_RS24220,WQ49_RS24220,BCAL0614,6-hydroxymethyl-dihydropterin diphosphate biosynthesis I,Coenzyme transport and metabolism,233.8921474,0.150565098,0.146757613,1.025944041,0.304917962,0.562925468,Novo,,1.581785
1972,WQ49_RS24330,WQ49_RS24330,BCAL0634,Others,#N/A,233.1125606,-0.385657015,0.14789143,-2.607703615,0.009115184,0.048221322,Novo,,-2.056124038
1974,WQ49_RS24610,WQ49_RS24610,BCAL0693,Metabolic pathways,Transcription,171.8975779,-0.093073435,0.178534168,-0.521320015,0.602143861,0.824772732,Novo,,-0.06441088
1975,WQ49_RS24610,WQ49_RS24610,BCAL0693,Metabolic pathways,Transcription,86.40275118,-0.095886095,0.225730804,-0.424780726,0.67099653,0.871506081,Novo,,-0.063403853
1976,WQ49_RS24695,WQ49_RS24695,BCAL0710,lipoate biosynthesis and incorporation (yeast),Coenzyme transport and metabolism,231.5087315,-0.296308342,0.147168067,-2.013401066,0.044072454,0.156363679,Novo,,-1.459110356
1977,WQ49_RS25075,WQ49_RS25075,BCAL0787,Others,Transcription,286.4628549,-0.046580025,0.146377935,-0.318217528,0.750319938,0.917790148,Novo,,0.239065181
1978,WQ49_RS25105,WQ49_RS25105,BCAL0793,Bacterial secretion system,"Intracellular trafficking, secretion, and vesicular transport",452.6349173,-0.302074933,0.141063111,-2.141416914,0.032240432,0.126217862,Novo,,-1.56313751
1979,WQ49_RS25130,WQ49_RS25130,BCAL0798,Others,"Translation, ribosomal structure and biogenesis",116.8532312,-0.763292065,0.187788509,-4.064636697,4.81E-05,0.000617564,Novo,,-3.630244345
1980,WQ49_RS25140,WQ49_RS25140,BCAL0800,Biosynthesis of amino acids,Amino acid transport and metabolism,512.3810151,-0.245717409,0.12147248,-2.022823688,0.043091329,0.15445723,Novo,,-1.351281522
1981,WQ49_RS25150,WQ49_RS25150,BCAL0802,Others,#N/A,295.2841448,0.313471611,0.149882365,2.091450926,0.036487661,0.140847475,Novo,,2.635703695
1982,WQ49_RS25150,WQ49_RS25150,BCAL0802,Others,#N/A,267.803004,-0.343041927,0.140908677,-2.434498246,0.014912452,0.069511036,Novo,,-1.855585053
1983,WQ49_RS25185,WQ49_RS25185,BCAL0809,Others,Signal transduction mechanisms,734.7965557,-0.29383191,0.096743676,-3.03722085,0.002387704,0.01711705,Novo,,-2.194024732
1984,WQ49_RS25190,WQ49_RS25190,#N/A,Phosphotransferase system (PTS),#N/A,299.3982832,-0.310506282,0.152682307,-2.033675604,0.041984313,0.152469349,Novo,,-1.499403533
1985,WQ49_RS25205,WQ49_RS25205,BCAL0814,ABC transporters,General function prediction only,832.280036,-0.130084938,0.108298331,-1.201172146,0.229684432,0.467709938,Novo,,-0.447939002
1986,WQ49_RS25500,WQ49_RS25500,BCAL0873,Biosynthesis of secondary metabolites,Coenzyme transport and metabolism,352.8185338,-0.052472276,0.141395925,-0.371101757,0.710561742,0.894745748,Novo,,0.205816509
1987,WQ49_RS25615,WQ49_RS25615,BCAL0896,Metabolic pathways,Coenzyme transport and metabolism,0.055253319,-0.994640647,5.7669399,-0.172472865,0.863065792,0.968317718,Novo,,-0.158327774
1989,WQ49_RS25645,WQ49_RS25645,BCAL0902,Lipopolysaccharide biosynthesis,Amino acid transport and metabolism,6.008022219,0.541389246,0.776893114,0.696864518,0.485887585,0.74405273,Novo,,0.801864666
1990,WQ49_RS25830,WQ49_RS25830,BCAL0938a,Others,Function unknown,355.6327534,-0.033185846,0.135626929,-0.244684787,0.806700508,0.942033314,Novo,,0.356773143
1991,WQ49_RS25970,WQ49_RS25970,BCAL0967,Lipopolysaccharide biosynthesis,Cell wall/membrane/envelope biogenesis,0.485971003,0.376783613,2.879753953,0.130838821,0.895902812,0.972263688,Novo,,0.159165509
1992,WQ49_RS26290,WQ49_RS26290,BCAL2782,4-amino-2-methyl-5-diphosphomethylpyrimidine biosynthesis (yeast),Coenzyme transport and metabolism,399.3819799,-0.112835232,0.126207311,-0.894046718,0.371296896,0.626776411,Novo,,-0.247698329
1993,WQ49_RS26315,WQ49_RS26315,BCAL2777,Others,Cell wall/membrane/envelope biogenesis,162.1436608,0.064670656,0.170574753,0.379133808,0.704588502,0.89268033,Novo,,0.857363386
1994,WQ49_RS26315,WQ49_RS26315,BCAL2777,Others,Cell wall/membrane/envelope biogenesis,235.8315481,-0.041692205,0.164950777,-0.252755432,0.80045721,0.940111446,Novo,,0.241779325
1995,WQ49_RS26375,WQ49_RS26375,BCAL2765,Ribosome biogenesis,"Translation, ribosomal structure and biogenesis",166.1560481,-0.188909522,0.157534886,-1.199159926,0.230465766,0.467709938,Novo,,-0.681345148
1996,WQ49_RS26390,WQ49_RS26390,BCAL2762,Biosynthesis of antibiotics,Nucleotide transport and metabolism,0.187878063,0.424255085,4.802266413,0.088344762,0.929602663,0.983586118,Novo,,0.105331303
1997,WQ49_RS26395,WQ49_RS26395,BCAL2761,CMP-3-deoxy-D-<I>manno</I>-octulosonate biosynthesis,Cell wall/membrane/envelope biogenesis,172.204911,0.219221625,0.173329563,1.264767658,0.205954628,0.437257519,Novo,,1.735396503
1998,WQ49_RS26400,WQ49_RS26400,BCAL2760,Others,Function unknown,123.1367238,-0.351229313,0.195985772,-1.792116384,0.073114325,0.221753337,Novo,,-1.375892842
1999,WQ49_RS26570,WQ49_RS26570,BCAL2726,Metabolic pathways,Coenzyme transport and metabolism,294.1452107,0.211509146,0.135955965,1.555718032,0.119775157,0.303195642,Novo,,2.155720337
2000,WQ49_RS26570,WQ49_RS26570,BCAL2726,Metabolic pathways,Coenzyme transport and metabolism,508.6821369,0.218494964,0.138882769,1.573233062,0.115664862,0.298350486,Novo,,2.160590965
2001,WQ49_RS26630,WQ49_RS26630,BCAL2714,Ribosome biogenesis,"Translation, ribosomal structure and biogenesis",95.33231443,0.065131267,0.211548318,0.307878915,0.75817447,0.917790148,Novo,,0.693482985
2003,WQ49_RS26945,WQ49_RS26945,BCAL2651,beta-Alanine metabolism,Coenzyme transport and metabolism,0.132092458,0,5.770684076,0,1,1,Novo,,0.014135914
2004,WQ49_RS26950,WQ49_RS26950,BCAL2650,Others,Function unknown,328.6924222,0.093424974,0.139411438,0.670138516,0.502769494,0.747540976,Novo,,1.255269073
2005,WQ49_RS27300,WQ49_RS27300,BCAL2454,Others,"Replication, recombination and repair",0.083093121,1.927372209,5.762174362,0.334486964,0.738012126,0.913414111,Novo,,0.348643754
2006,WQ49_RS27330,WQ49_RS27330,BCAL2448,Others,General function prediction only,200.0142426,-0.040255665,0.153306194,-0.262583425,0.792871677,0.937184509,Novo,,0.269514399
2009,WQ49_RS27810,WQ49_RS27810,BCAL2355,Glycerophospholipid metabolism,Lipid transport and metabolism,99.77987182,-0.049142463,0.210517997,-0.233435921,0.815422923,0.942033314,Novo,,0.154055378
2010,WQ49_RS27880,WQ49_RS27880,BCAL2342,Metabolic pathways,Energy production and conversion,113.9054969,0.080223772,0.20307564,0.395043797,0.692810566,0.887311908,Novo,,0.796735954
2011,WQ49_RS27895,WQ49_RS27895,BCAL2339,Metabolic pathways,Energy production and conversion,252.7653574,0.37273821,0.144666293,2.576538068,0.009979522,0.050538495,Novo,,3.140414355
2013,WQ49_RS28135,WQ49_RS28135,BCAL2292,Others,"Intracellular trafficking, secretion, and vesicular transport",182.3107377,0.360490645,0.175875866,2.049687962,0.04039489,0.149650869,Novo,,2.513503118
2014,WQ49_RS28560,WQ49_RS28560,BCAL2212,Carbon fixation pathways in prokaryotes,Coenzyme transport and metabolism,150.5359228,-0.281911199,0.179616022,-1.569521452,0.116526485,0.299174975,Novo,,-1.115364349
2015,WQ49_RS28650,WQ49_RS28650,BCAL2196,Others,Function unknown,397.1807336,0.564322143,0.123776685,4.559195817,5.13E-06,9.77E-05,Novo,,5.218236672
2016,WQ49_RS28680,WQ49_RS28680,BCAL2190,Aminoacyl-tRNA biosynthesis,"Translation, ribosomal structure and biogenesis",207.1522974,0.054234966,0.151417693,0.358181166,0.720207741,0.903533348,Novo,,0.89691538
2017,WQ49_RS28710,WQ49_RS28710,BCAL2185,ABC transporters,Defense mechanisms,201.0037783,0.450935661,0.156705619,2.877597263,0.004007164,0.025424762,Novo,,3.398152254
2018,WQ49_RS28735,WQ49_RS28735,BCAL2180,CMP-3-deoxy-D-<I>manno</I>-octulosonate biosynthesis,Cell wall/membrane/envelope biogenesis,0.13976776,0,5.770684076,0,1,1,Novo,,0.014135914
2020,WQ49_RS28860,WQ49_RS28860,BCAL2154,Lipopolysaccharide biosynthesis,Function unknown,169.9152877,-0.094178106,0.170915437,-0.551021651,0.581618833,0.807814107,Novo,,-0.073745323
2021,WQ49_RS28895,WQ49_RS28895,BCAL2147,Others,"Cell cycle control, cell division, chromosome partitioning",332.2399437,0.388453372,0.145071479,2.677668803,0.007413649,0.04092334,Novo,,3.23997018
2022,WQ49_RS29115,WQ49_RS29115,BCAL2114,Others,"Replication, recombination and repair",7.174295963,-0.091324268,0.686143558,-0.133097903,0.894115954,0.972263688,Novo,,-0.014210403
2026,WQ49_RS29180,WQ49_RS29180,BCAL2101,Biosynthesis of amino acids,Amino acid transport and metabolism,1693.343728,0.265672535,0.101384316,2.62045005,0.008781379,0.047061373,Novo,,3.425050757
2027,WQ49_RS29245,WQ49_RS29245,BCAL2088,Others,"Translation, ribosomal structure and biogenesis",0.99530569,0.422281119,1.961774117,0.21525471,0.829568738,0.954004049,Novo,,0.256836405
2028,WQ49_RS29245,WQ49_RS29245,BCAL2088,Others,"Translation, ribosomal structure and biogenesis",468.1227934,0.662087672,0.124469002,5.319297683,1.04E-07,2.88E-06,Novo,,5.974672845
2029,WQ49_RS29610,WQ49_RS29610,BCAL2015,Biosynthesis of antibiotics,Lipid transport and metabolism,420.0211476,0.075028613,0.119783892,0.626366467,0.531074599,0.765412999,Novo,,1.30737533
2030,WQ49_RS29790,WQ49_RS29790,BCAL1983,Others,"Cell cycle control, cell division, chromosome partitioning",300.6112878,-0.252933975,0.138612606,-1.824754485,0.068038087,0.210994517,Novo,,-1.236251792
2031,WQ49_RS29870,WQ49_RS29870,BCAL1966,Others,General function prediction only,383.6171847,0.032499787,0.12664594,0.25661926,0.797472705,0.93860327,Novo,,0.900729067
2034,WQ49_RS30025,WQ49_RS30025,BCAL1935,Others,Carbohydrate transport and metabolism,313.8093819,-0.092633825,0.137925457,-0.671622387,0.501824123,0.747540976,Novo,,-0.080187753
2035,WQ49_RS30025,WQ49_RS30025,BCAL1935,Others,Carbohydrate transport and metabolism,427.0385434,-0.090403039,0.117607306,-0.768685572,0.442079992,0.703482494,Novo,,-0.075073119
2036,WQ49_RS30050,WQ49_RS30050,BCAL1930,Others,#N/A,266.4232698,0.050578652,0.142897159,0.353951417,0.723375293,0.903935358,Novo,,0.924808758
2037,WQ49_RS30195,WQ49_RS30195,BCAL1901,RNA degradation,Transcription,199.587108,-1.766687197,0.196910495,-8.972031661,2.91E-19,1.79E-17,Novo,,-8.557762772
2038,WQ49_RS30200,WQ49_RS30200,BCAL1900,Others,"Posttranslational modification, protein turnover, chaperones",117.0410439,-0.493786498,0.201650343,-2.448726294,0.014336234,0.068220701,Novo,,-2.044194912
2039,WQ49_RS30285,WQ49_RS30285,BCAL1883,Aminoacyl-tRNA biosynthesis,"Translation, ribosomal structure and biogenesis",932.8505302,0.420211336,0.102144963,4.113872314,3.89E-05,0.000536926,Novo,,4.912481366
2040,WQ49_RS30370,WQ49_RS30370,BCAL1866,Others,General function prediction only,609.0607806,-0.15091924,0.112148768,-1.34570573,0.178397438,0.40194035,Novo,,-0.618333567
2041,WQ49_RS30950,WQ49_RS30950,#N/A,Others,#N/A,412.5171765,0.139888501,0.128166126,1.091462352,0.275069489,0.521781299,Novo,,1.727932335
2042,WQ49_RS31080,WQ49_RS31080,BCAL1730,"cob(II)yrinate <i>a,c</i>-diamide biosynthesis I (early cobalt insertion)",Coenzyme transport and metabolism,226.5109289,0.355128948,0.15118384,2.348987483,0.01882454,0.081820046,Novo,,2.88855502
2043,WQ49_RS31350,WQ49_RS31350,BCAL1676,beta-Lactam resistance,"Intracellular trafficking, secretion, and vesicular transport",172.5472323,-0.015896402,0.167646603,-0.094820899,0.924457086,0.983237595,Novo,,0.391761533
2044,WQ49_RS31945,WQ49_RS31945,BCAL1556,Biosynthesis of amino acids,Carbohydrate transport and metabolism,281.7273772,-0.147484952,0.142551442,-1.034608632,0.300851721,0.557282383,Novo,,-0.462366843
2045,WQ49_RS32160,WQ49_RS32160,BCAL1516,2-oxoglutarate decarboxylation to succinyl-CoA,Energy production and conversion,252.2937161,-0.25045082,0.150722994,-1.661662987,0.096580366,0.262622474,Novo,,-1.120445685
2046,WQ49_RS32310,WQ49_RS32310,BCAL1487,Others,"Replication, recombination and repair",457.1496395,-0.285485615,0.117498031,-2.429705526,0.015111095,0.069511036,Novo,,-1.735448001
2047,WQ49_RS32315,WQ49_RS32315,BCAL1486,Aminoacyl-tRNA biosynthesis,"Translation, ribosomal structure and biogenesis",246.4902795,0.148284289,0.17021204,0.871173912,0.383659202,0.645670364,Novo,,1.350422571
2048,WQ49_RS32325,WQ49_RS32325,BCAL1484,Ribosome biogenesis,"Translation, ribosomal structure and biogenesis",220.3612959,-0.089068521,0.663763855,-0.134187061,0.893254657,0.972263688,Novo,,-0.011291107
2049,WQ49_RS32335,WQ49_RS32335,1.64E+13,Others,#N/A,406.4711515,0.105673856,0.122464985,0.862890366,0.388197748,0.651322666,Novo,,1.528990084
2050,WQ49_RS32340,WQ49_RS32340,BCAL1481,Aminoacyl-tRNA biosynthesis,"Translation, ribosomal structure and biogenesis",267.1261251,0.233887943,0.150985129,1.54907933,0.121362651,0.304509925,Novo,,2.089356989
2051,WQ49_RS32500,WQ49_RS32500,BCAL1449,Mismatch repair,"Replication, recombination and repair",415.7156444,-0.022338787,0.117669668,-0.189843204,0.849432,0.958181259,Novo,,0.503401655
2052,WQ49_RS32540,WQ49_RS32540,BCAL1441,Others,"Posttranslational modification, protein turnover, chaperones",179.608001,-0.168105981,0.187768394,-0.895283697,0.370635453,0.626776411,Novo,,-0.460844808
2053,WQ49_RS32665,WQ49_RS32665,BCAL1416,Aminoacyl-tRNA biosynthesis,"Translation, ribosomal structure and biogenesis",215.5917471,0.24196028,0.155745764,1.553559294,0.120289575,0.303195642,Novo,,2.077322444
2054,WQ49_RS32735,WQ49_RS32735,BCAL1403A,Others,Function unknown,122.914314,-0.187584009,0.188261995,-0.996398709,0.31905646,0.57555283,Novo,,-0.563098869
2055,WQ49_RS32790,WQ49_RS32790,BCAL1393,Others,#N/A,191.0051979,-0.397431904,0.197502635,-2.012286588,0.044189735,0.156363679,Novo,,-1.599259734
2056,WQ49_RS32790,WQ49_RS32790,BCAL1393,Others,#N/A,291.4844255,-0.060211401,0.158256418,-0.380467355,0.703598525,0.89268033,Novo,,0.134986572
2058,WQ49_RS32905,WQ49_RS32905,BCAL1370,Others,Inorganic ion transport and metabolism,142.546611,-0.320626287,0.176284545,-1.818799748,0.068941987,0.212603222,Novo,,-1.356059852
2059,WQ49_RS32940,WQ49_RS32940,BCAL1364,Others,Function unknown,773.1290201,-0.711474625,0.114332472,-6.222857005,4.88E-10,2.18E-08,Novo,,-5.509377356
2060,WQ49_RS32970,WQ49_RS32970,BCAL1357,Others,#N/A,660.4476137,-0.094760474,0.102839706,-0.921438593,0.356821487,0.616140599,Novo,,-0.128224617
2061,WQ49_RS33360,WQ49_RS33360,BCAL1269,Amino sugar and nucleotide sugar metabolism,Carbohydrate transport and metabolism,224.9633077,-0.115553133,0.144233252,-0.801154595,0.423042154,0.679770127,Novo,,-0.235585345
2062,WQ49_RS34140,WQ49_RS34140,BCAL1096,Homologous recombination,"Replication, recombination and repair",300.0555365,0.163127616,0.139905306,1.16598591,0.243620142,0.485335653,Novo,,1.749050943
2063,WQ49_RS34300,WQ49_RS34300,BCAL1063,Arginine and proline metabolism,Amino acid transport and metabolism,492.8124962,-0.034561065,0.109731897,-0.314959153,0.752792668,0.917790148,Novo,,0.428433555
2064,WQ49_RS34535,WQ49_RS34535,BCAL2853,cardiolipin biosynthesis I,Lipid transport and metabolism,216.2403599,-0.114126732,0.148959535,-0.766159291,0.443581527,0.703482494,Novo,,-0.218534784
2065,WQ49_RS34570,WQ49_RS34570,BCAL2862,Metabolic pathways,Coenzyme transport and metabolism,86.0788708,0.272883304,0.226226015,1.206241925,0.227724223,0.465569522,Novo,,1.56682774
2066,WQ49_RS34590,WQ49_RS34590,BCAL2866,Protein export,"Intracellular trafficking, secretion, and vesicular transport",457.0791483,-0.166692104,0.124158712,-1.342572753,0.179410358,0.40257934,Novo,,-0.685559718
2067,WQ49_RS34630,WQ49_RS34630,BCAL2874,Biotin metabolism,"Secondary metabolites biosynthesis, transport and catabolism",207.9815344,0.34781799,0.171698673,2.025746523,0.042790767,0.154382373,Novo,,2.500845665
2069,WQ49_RS34640,WQ49_RS34640,BCAL2876,(5Z)-dodecenoate biosynthesis II,"Secondary metabolites biosynthesis, transport and catabolism",300.5942031,0.074471129,0.131330696,0.567050435,0.570679916,0.797507123,Novo,,1.188183912
2070,WQ49_RS34660,WQ49_RS34660,BCAL2880,Ribosome biogenesis,"Translation, ribosomal structure and biogenesis",279.0857445,-0.075644363,0.14658707,-0.516037076,0.605828515,0.827765693,Novo,,0.04045056
2071,WQ49_RS34660,WQ49_RS34660,BCAL2880,Ribosome biogenesis,"Translation, ribosomal structure and biogenesis",42.13581984,-0.042505936,0.305149674,-0.139295368,0.88921675,0.972263688,Novo,,0.128028831
2072,WQ49_RS34740,WQ49_RS34740,BCAL2896,Others,Inorganic ion transport and metabolism,509.5550161,-0.355401668,0.131570274,-2.701230727,0.00690834,0.039313437,Novo,,-2.08122828
2073,WQ49_RS34740,WQ49_RS34740,BCAL2896,Others,Inorganic ion transport and metabolism,274.197181,-0.360097209,0.131457151,-2.739274404,0.006157496,0.036576427,Novo,,-2.118738423
2074,WQ49_RS34830,WQ49_RS34830,BCAL2912,folate transformations II,Nucleotide transport and metabolism,194.7240406,-0.121418851,0.159424134,-0.761608974,0.446293417,0.703482494,Novo,,-0.249930533
2075,WQ49_RS34865,WQ49_RS34865,BCAL2919,Others,RNA processing and modification,331.5544633,0.174491022,0.15508472,1.125133555,0.260532444,0.502845836,Novo,,1.651129231
2076,WQ49_RS34905,WQ49_RS34905,BCAL2927,Others,"Translation, ribosomal structure and biogenesis",540.3224894,0.06500679,0.132260081,0.491507263,0.623067716,0.836820875,Novo,,1.108276069
2077,WQ49_RS34940,WQ49_RS34940,BCAL2934,Others,Energy production and conversion,240.8504919,0.182197,0.159271986,1.143936259,0.252650072,0.494597037,Novo,,1.656103492
2078,WQ49_RS34980,WQ49_RS34980,BCAL2942,Biosynthesis of amino acids,Amino acid transport and metabolism,365.2723239,-0.197619393,0.12378987,-1.596410052,0.110397273,0.288559142,Novo,,-0.937439394
2080,WQ49_RS35005,WQ49_RS35005,BCAL2947,Others,Carbohydrate transport and metabolism,197.3173877,-0.163095939,0.151069773,-1.079606699,0.280317357,0.529915004,Novo,,-0.539631754
2081,WQ49_RS35020,WQ49_RS35020,BCAL2950,Ribosome biogenesis,"Translation, ribosomal structure and biogenesis",578.0893543,-0.34661106,0.518947813,-0.667911206,0.504190274,0.747540976,Novo,,-0.510720271
2083,WQ49_RS35025,WQ49_RS35025,BCAL2951,CMP phosphorylation,Nucleotide transport and metabolism,277.4579307,-0.042885507,0.147279764,-0.291183973,0.77091062,0.923086035,Novo,,0.262686361