sgRNA_Manual,10x5x3xpool_Dep,10x5x3xWOR_Dep,10x5x3xWR_Dep,20x10x5xpool_Dep,20x10x5xWOR_Dep,20x10x5xWR_Dep,Spike-in_IC55_Depletion,Spike-in_IC55_Dep_Cond,1X_Depletion,Condition_1X_IC30_Dep
1377,49.70629673,-43.33261441,-53.0955341,54.90725331,-39.99028442,-143.3311943,-38.01038808,5x3x2xWOR_Dep,86.51838402,ON_0R
1378,58.14951433,-21.63114554,-27.49429042,64.22346841,-32.11521729,-91.29818597,43.39491101,5x3x2xpool_Dep,89.94148788,ON_0R
1376,49.99133952,-34.168233,-39.85572675,57.46065314,-34.13598064,-100.882608,33.87648614,5x3x2xpool_Dep,74.58382878,ON_0R
1488,50.91284992,-112.1291611,-106.3726566,25.48021034,-113.1618041,-99.6403051,36.65108043,5x3x2xpool_Dep,70,#N/A
1511,61.42035136,28.06763767,25.03394293,67.30949287,19.60200649,-31.93852673,49.44792545,5x3x2xpool_Dep,71.77177177,ON_0R
1487,55.69260805,-97.32285151,-97.2104371,58.26676789,-70.74341976,-183.9046446,37.58045708,5x3x2xpool_Dep,70,#N/A
1510,66.73150378,-13.36724619,-14.15913562,72.45383512,-23.80518728,-70.70335101,3.658558,5x3x2xWOR_Dep,79.0201005,ON_0R
1467,61.77267573,51.79221897,52.73669251,68.64044206,45.31074754,72.71871331,46.04079226,5x3x2xpool_Dep,99.50331126,ON_0R
1669,51.7651823,-15.67061805,-22.56373878,63.70896065,-27.12507193,-117.1993061,39.9653303,5x3x2xpool_Dep,51.03857567,ON_01R
1867,61.46557966,98.06945575,98.35350605,68.75704906,98.10090747,95.84157295,53.650343,5x3x2xpool_Dep,71.49446494,ON_0R
1595,45.73590157,-14.68601892,-15.27491512,57.5675644,-21.28890254,-93.36237931,33.21327089,5x3x2xpool_Dep,81.41674333,ON_01R
1654,29.65056982,96.67231451,96.08977428,57.20987315,96.35353209,93.17199186,32.1263306,5x3x2xpool_Dep,34.35334873,ON_05R
1561,36.32918634,-17.29486257,-22.70279081,46.38685023,-15.68145718,-131.8605309,13.99638352,5x3x2xpool_Dep,35.6712717,ON_05R
1465,10.27354433,14.45257774,12.17865197,32.22207527,14.9214824,79.87447853,24.04066623,5x3x2xpool_Dep,60,ON_0R
1617,16.80315301,-27.13779666,-27.71048501,-8.628932985,-29.76065553,19.00676268,38.90374067,5x3x2xpool_Dep,97.67047861,ON_0R
1590,53.65899695,15.97652167,22.69844289,63.62079667,16.92055522,-34.56897847,39.00945388,5x3x2xpool_Dep,84.88142292,ON_0R
1421,-95.70960406,-48.22562034,-56.44875976,-151.8531795,-50.55515242,88.61277544,-81.32085108,5x3x2xpool_Dep,99.14244879,ON_0R
1527,56.1538734,21.6582742,26.33316466,65.6738658,6.964928413,-6.159075634,41.42519655,5x3x2xpool_Dep,80.86500655,ON_0R
1785,56.33607292,24.64764717,24.44192201,63.38160041,24.0686412,85.35656196,46.23200865,5x3x2xpool_Dep,95.36971415,ON_0R
1483,47.03964587,-124.2053186,-113.1801925,53.80521167,-87.09135074,-298.1371746,28.94420761,5x3x2xpool_Dep,51.8723143,ON_0R
1935,56.20593447,-5.191419211,-11.53072583,60.84729953,2.366308672,-71.58182186,42.44863101,5x3x2xpool_Dep,67.2655218,ON_0R
1484,47.77212501,-106.6403993,-108.8257354,53.52653429,-85.78900832,-55.92499688,31.1347358,5x3x2xpool_Dep,92.88629738,ON_0R
1871,55.81524708,12.20759274,12.77941594,62.32833098,18.82998212,-15.62071153,38.8114005,5x3x2xpool_Dep,65.66579634,ON_01R
1856,62.32074687,37.44507111,30.72109242,62.71896397,43.06865975,13.10210982,46.3376735,5x3x2xpool_Dep,39.82125124,ON_05R
1831,63.57118107,49.12915704,47.78140695,67.66430635,47.39572965,18.59737817,49.45077101,5x3x2xpool_Dep,69.75222066,ON_0R
1479,49.94254988,-46.6141352,-59.58912021,55.991234,-40.72528841,-109.8699706,32.16712455,5x3x2xpool_Dep,96.72678691,ON_0R
1641,52.40149136,-28.62581654,-26.94239261,59.6319718,-25.0386713,-57.68362137,40.84147567,5x3x2xpool_Dep,63.47992352,ON_01R
1866,50.48885963,26.61906887,25.80045735,53.90933185,34.42919519,-18.61464132,29.24154403,5x3x2xpool_Dep,47.10640946,ON_05R
1652,57.7966687,9.58464379,0.233843763,66.07787142,3.02161378,-61.42091845,40.01313893,5x3x2xpool_Dep,93.30430049,ON_0R
1670,29.23764573,6.255787422,4.723491342,47.53163155,1.276318079,-42.92597174,0.795837634,5x3x2xpool_Dep,88.73239437,ON_01R
1365,-9.601890961,-52.46838013,-66.56743723,-32.68046167,-76.06495489,49.14237898,26.98812346,5x3x2xpool_Dep,98.79258301,ON_0R
1869,66.88319088,-16.79653271,-16.62255879,68.97835692,-5.439086674,-76.24130789,-13.07348593,5x3x2xWOR_Dep,74.4212963,ON_0R
1887,21.20365718,36.63242304,32.87804578,41.67140964,37.39116339,-29.29156922,3.863431759,5x3x2xpool_Dep,17.38970588,#N/A
1875,47.26028945,28.52318082,26.4194931,58.40559527,25.35402786,-23.42032439,26.81335424,5x3x2xpool_Dep,46.70999188,ON_05R
1559,49.94350512,-66.62531713,-67.16704942,57.02047894,-48.46682464,-156.6697808,29.77792645,5x3x2xpool_Dep,52.94117647,ON_05R
1873,42.7166046,73.79370858,74.58672968,60.33455615,70.10946014,42.09998855,37.98171136,5x3x2xpool_Dep,39.32230102,ON_05R
1423,51.68739734,23.37084774,13.66878647,60.19938118,5.580942761,-9.507102563,36.01162694,5x3x2xpool_Dep,91.85051778,ON_0R
1397,54.03670194,26.52336898,18.66582696,62.38169892,15.26100195,-40.97620521,46.37954786,5x3x2xpool_Dep,97.43589744,ON_0R
1847,22.14517152,2.622952851,14.86624677,38.82111351,7.173835009,11.4126362,-3.111726015,5x3x2xpool_Dep,62.32023011,ON_0R
1676,59.69851527,-36.76162669,-38.00641146,63.16776789,-30.58236523,83.37011782,43.39992508,5x3x2xpool_Dep,99.42528736,ON_0R
1442,-31.23234003,12.06260197,10.31826186,-22.68670277,7.646704234,82.96506321,-30.27000991,5x3x2xpool_Dep,98.72093023,ON_0R
1520,50.14932587,21.47253261,21.97092587,56.62649077,22.82014924,-17.68710379,33.54290428,5x3x2xpool_Dep,53.41905319,ON_05R
1464,49.72681033,-8.206622645,-12.05017167,62.92204874,-16.1791092,-49.8262961,41.04054572,5x3x2xpool_Dep,95.89322382,ON_0R
2026,-131.1090964,-3.855793079,-8.703821096,-191.1198195,-9.679311662,-67.75067576,-68.70138288,5x3x2xpool_Dep,96.12403101,ON_0R
1645,25.49639077,12.0724578,11.76545658,46.042479,7.755721688,72.21220997,14.25860204,5x3x2xpool_Dep,85.49804688,ON_01R
2045,-87.35483067,52.27140005,49.35819848,-42.77933203,43.38413882,-24.83140259,-28.0927424,5x3x2xpool_Dep,22.50733138,#N/A
1939,50.24960788,42.62855622,50.52030229,60.42446366,46.18742852,12.12222392,33.34883476,5x3x2xpool_Dep,50.87585682,ON_01R
1566,61.71400274,-47.09337766,-57.26577527,64.14123188,-30.86877602,-38.38721094,44.54579744,5x3x2xpool_Dep,90.06024096,ON_01R
2060,55.18672233,2.475992511,16.64440509,65.14577143,3.616569687,-56.24176654,39.06514342,5x3x2xpool_Dep,63.11188811,ON_0R
1588,55.97470513,20.83472293,13.00277741,58.44339811,26.27637683,-26.91795548,41.66664861,5x3x2xpool_Dep,79.69151671,ON_0R
1563,-40.25443423,27.39005992,24.87779523,-127.1558378,26.21144293,2.465202903,-43.60487823,5x3x2xpool_Dep,93.65671642,ON_0R
1396,-41.07379636,52.09699912,54.81257261,-6.895002222,49.9515872,37.99250251,-16.46921999,5x3x2xpool_Dep,72.1716515,ON_0R
1438,54.55973243,-55.03427625,-54.44360332,59.57098026,-48.34247768,-18.86873626,34.31637235,5x3x2xpool_Dep,94.82870071,ON_0R
1534,57.09390361,-2.108990726,-3.234744999,67.02515959,-20.35773045,-55.86046,50.97163075,5x3x2xpool_Dep,60.2173913,ON_0R
1570,62.30317042,-75.31415408,-78.14563353,65.63112826,-70.81893409,-171.220409,54.14902353,5x3x2xpool_Dep,65.91362126,ON_0R
1837,34.98143941,41.76066586,39.70901667,45.08331786,36.24784346,14.16656343,24.49154346,5x3x2xpool_Dep,79.67806841,ON_01R
1580,53.11938874,-35.29318367,-27.97585667,58.66403896,-28.1943752,-118.6751829,26.55079495,5x3x2xpool_Dep,62.1801433,ON_0R
1881,53.11036386,-12.55190486,-14.83888515,62.39167102,-22.03195518,-91.40031227,37.50292152,5x3x2xpool_Dep,44.00630915,ON_05R
1886,72.00109807,62.94222088,57.66452019,72.58176825,64.4137467,47.32831709,49.65561862,5x3x2xWR_Dep,74.06290392,ON_0R
1597,-129.8178746,26.20670076,19.101829,-114.0229006,18.107555,68.51403999,-93.29666026,5x3x2xpool_Dep,98.26498423,ON_0R
1882,38.75163144,20.6198688,22.49328632,51.41987664,19.81103928,-44.65088478,29.06206311,5x3x2xpool_Dep,46.75414365,ON_05R
1668,58.77925163,22.0211105,23.73778497,69.25857877,6.051896669,-45.07758355,48.738017,5x3x2xpool_Dep,72.21542228,ON_0R
1455,50.05406962,10.99806378,12.45141245,59.49959322,9.840456531,38.95492051,34.47709376,5x3x2xpool_Dep,91.16047144,ON_0R
1486,50.19207806,-130.3147112,-146.573818,55.40296436,-100.7374071,-257.4799133,37.5764389,5x3x2xpool_Dep,60,#N/A
2063,55.8829973,20.96612874,14.66198241,64.05904761,8.047431305,-49.4771774,46.02830904,5x3x2xpool_Dep,72.5846926,ON_0R
1883,64.8013866,-48.64621164,-40.91607445,71.28835262,-38.43399563,-131.6101942,-30.59224112,5x3x2xWOR_Dep,82.5,ON_0R
1404,42.61784159,-27.94857561,-39.85044405,52.40522959,-47.62691586,-58.60505734,27.6491394,5x3x2xpool_Dep,95.69752282,ON_0R
2027,44.27575148,-41.7617751,-37.98691099,51.1166948,-34.21758599,69.30822407,36.4665159,5x3x2xpool_Dep,95.80152672,ON_01R
1604,62.76035152,2.579159262,2.170424862,68.44393088,-6.196139734,-61.53476046,53.12297155,5x3x2xpool_Dep,73.41772152,ON_0R
1440,50.73783984,-70.76908362,-66.23609916,55.30625569,-58.79878678,-162.1524107,34.16234698,5x3x2xpool_Dep,76.39077341,ON_0R
1938,44.96798042,-49.69459961,-48.71299897,59.50861489,-70.26508594,-198.048423,36.78505691,5x3x2xpool_Dep,35.39244186,ON_05R
1481,-35.11752668,-61.09775399,-54.02553671,-98.56419155,-35.89921156,66.55561938,-36.0728436,5x3x2xpool_Dep,97.95501022,ON_0R
1410,52.39065092,-62.38877022,-70.05742163,59.48069569,-74.99733626,-201.8289313,39.56026141,5x3x2xpool_Dep,89.28,ON_0R
1857,73.44183363,10.37051743,2.13637489,72.89374322,16.29915189,-20.66862639,16.65787768,5x3x2xWOR_Dep,43.11531842,ON_05R
1405,43.62807037,-1.021355545,-5.531150379,54.78444365,-9.613563782,54.08631584,30.52654462,5x3x2xpool_Dep,92.24629418,ON_0R
1339,-133.0021045,-45.82587462,-47.93457865,-103.6358055,-42.85213917,93.53128178,-76.94605417,5x3x2xpool_Dep,99.44272446,ON_0R
1888,42.83269923,-61.8441613,-70.52423882,57.79310005,-68.76362691,-198.5134503,23.20214922,5x3x2xpool_Dep,24.30406852,#N/A
1633,59.72277907,25.14211967,22.9389214,66.65225342,22.56523307,-41.68744173,44.58555449,5x3x2xpool_Dep,71.73447537,ON_0R
1374,-9.995725255,23.84156028,26.22882898,16.55554303,27.9860927,-58.75516606,-35.93308235,5x3x2xpool_Dep,45.1183432,ON_05R
1870,65.27670534,23.15148207,17.80808444,68.5471709,21.35352607,-21.81518312,13.70505793,5x3x2xWOR_Dep,53.92320534,ON_01R
1516,-83.23352828,35.4018401,36.38585871,-60.41867264,32.58924732,86.17780434,-70.04826369,5x3x2xpool_Dep,98.66048429,ON_0R
1694,66.08242382,9.372474784,-5.93019875,68.39022973,1.299224257,-61.13103812,14.68529426,5x3x2xWOR_Dep,87.64044944,ON_0R
1555,43.90122747,-28.80406196,-37.16021589,50.12437632,-21.07690019,-66.22163075,22.78707392,5x3x2xpool_Dep,95.77669903,ON_0R
1532,62.19656295,2.022284652,4.114867821,69.1738823,-0.202650463,-66.43611545,48.54546977,5x3x2xpool_Dep,67.31651376,ON_0R
2049,41.41411413,22.52997083,23.99411686,53.86990272,23.59349489,-34.78191603,30.82523367,5x3x2xpool_Dep,49.84481688,ON_01R
1754,56.44230894,-53.69119172,-56.11456616,67.621998,-78.90173089,-205.6856402,46.28154881,5x3x2xpool_Dep,41.02355808,ON_05R
1643,33.39969703,10.08627715,0.148913095,45.79191736,16.15352771,54.25485804,12.73419271,5x3x2xpool_Dep,85.20179372,ON_01R
2051,52.14607415,33.95614604,30.8640842,60.54157462,31.69123261,-4.931236578,33.40210501,5x3x2xpool_Dep,69.99306999,ON_0R
1472,75.29352426,-130.0336593,-160.5362383,69.45149681,-67.14769607,-183.9115421,-152.8051234,5x3x2xWOR_Dep,88.11594203,ON_0R
1477,-36.35492131,-51.44913571,-43.82094766,-68.0135631,-54.27192399,-83.34723121,-21.93514257,5x3x2xpool_Dep,95.21988528,ON_0R
1620,30.05326781,43.37276249,44.73705962,47.97581639,41.21284412,26.79841306,22.99690566,5x3x2xpool_Dep,73.41137124,ON_0R
1482,-100.5673031,63.41565103,63.60774864,-161.4937165,62.93558735,68.7822517,-82.4663805,5x3x2xpool_Dep,97.74011299,ON_0R
1469,53.34819806,38.30285393,40.24909321,63.92734865,29.90106867,-12.77750651,44.75135059,5x3x2xpool_Dep,97.2972973,ON_0R
1697,66.09318467,-43.12338338,-38.32005105,67.28351047,-10.6240406,-94.14016045,-35.71103971,5x3x2xWOR_Dep,53.50971922,ON_05R
2004,62.58636052,25.20600016,27.5321175,65.54964112,30.2162834,-25.29995341,48.43056714,5x3x2xpool_Dep,64.38431806,ON_0R
1515,19.74464654,26.805722,28.96399374,46.09716093,16.60772951,-52.69844385,3.717886314,5x3x2xpool_Dep,13.21499014,#N/A
1651,46.11605163,-15.3916613,-28.29967342,53.44390629,-19.03409927,-179.4539893,24.62617796,5x3x2xpool_Dep,64.33566434,ON_0R
1522,53.46132601,-11.26418526,-22.49826178,58.86383331,-26.08947201,-90.0333283,44.08922604,5x3x2xpool_Dep,49.46297343,ON_01R
1980,59.52383526,-0.871691341,-3.098620789,66.85181315,-3.788191824,-65.10146259,40.52045324,5x3x2xpool_Dep,77.07602339,ON_0R
1473,-84.29372481,-11.46525685,-16.43159941,-123.1928434,-12.26141565,-126.384855,-46.39576484,5x3x2xpool_Dep,83.86336867,ON_0R
2072,24.37348465,54.98595937,50.45653979,48.10233175,42.80873279,0.438230006,6.835165629,5x3x2xpool_Dep,92.44332494,ON_0R
1385,42.51819199,-41.80093866,-36.17433025,54.26513735,-55.54062573,-192.1493357,25.90387811,5x3x2xpool_Dep,73.18596828,ON_0R
1523,60.57876006,-1.622817865,6.924223477,69.92562694,0.748235688,-69.1341088,53.64488971,5x3x2xpool_Dep,57.31707317,ON_0R
1865,45.81743369,-36.40277143,-26.11923364,51.52699204,-13.55580983,-137.5478572,27.22050753,5x3x2xpool_Dep,76.74418605,ON_0R
1616,51.42027432,19.79949709,23.22321638,62.82577768,15.47458839,-55.680236,33.71235054,5x3x2xpool_Dep,57.85123967,ON_0R
1637,33.80945503,-75.77308419,-76.00292922,42.80694128,-51.89630776,-164.0516615,8.162191168,5x3x2xpool_Dep,37.76460627,ON_05R
1966,57.02580807,24.01851535,26.74491887,62.77154918,32.58437543,-13.09893232,47.09898496,5x3x2xpool_Dep,87.40740741,ON_0R
1606,43.85489411,7.842725339,2.217061564,52.90720509,9.319008205,-43.93287733,16.56300868,5x3x2xpool_Dep,57.79310345,ON_01R
2039,-351.9754032,38.91593539,37.6120837,-331.9084517,36.65581244,81.30095142,-227.9608077,5x3x2xpool_Dep,97.75621589,ON_0R
1798,55.11691828,23.65652512,21.07841454,65.08023556,6.606950381,73.92462683,53.57875612,5x3x2xpool_Dep,96.80337756,ON_01R
1507,49.75140755,-123.6783056,-132.5711575,57.14011499,-118.917141,-279.6798993,37.26933912,5x3x2xpool_Dep,71.95633921,ON_0R
1920,41.2391347,38.5877914,38.19828552,53.8413444,45.14596258,-6.500572342,27.46084475,5x3x2xpool_Dep,65.19125683,ON_0R
1456,51.58878032,-32.28259618,-23.52339403,55.74823663,-17.85481664,-104.2837002,36.63721988,5x3x2xpool_Dep,94.20654912,ON_0R
1514,39.81318289,-29.55933875,-36.44362109,46.19720694,-18.7605479,-81.120306,20.45987629,5x3x2xpool_Dep,53.13921747,ON_01R
1663,-88.67325154,-76.32322455,-75.44077797,-101.928301,-107.9676259,-9.595143417,-13.90188133,5x3x2xpool_Dep,89.06030856,ON_02R
1665,-166.4400913,-86.82464115,-90.32003474,-151.9550716,-81.03278916,61.48813482,-118.7565664,5x3x2xpool_Dep,97.50908147,ON_0R
1352,-277.1467706,-51.08365874,-59.05020175,-385.2064657,-43.04636822,94.21451931,-181.0813629,5x3x2xpool_Dep,98.55670103,ON_0R
1446,59.38600649,-74.14611366,-75.47113247,67.31282,-65.55125436,-225.6716083,43.12506993,5x3x2xpool_Dep,55.30624621,ON_01R
1450,45.72374173,4.136911602,-9.168734526,46.46536622,17.31257465,-57.24742328,23.02020789,5x3x2xpool_Dep,27.66884532,#N/A
1772,-87.10125692,-34.94697705,-35.36227529,-307.8249279,-12.2716859,-83.74652943,-168.5993103,5x3x2xpool_Dep,69.92565056,ON_0R
1937,52.86671624,-9.665988279,-17.63385883,61.34553113,-18.4857603,-111.5483944,32.31917196,5x3x2xpool_Dep,55.50632911,ON_0R
2056,57.87145499,50.07835377,47.77495055,67.97594594,43.11113951,13.9683214,49.98510526,5x3x2xpool_Dep,69.40874036,ON_0R
1453,33.07841374,27.87679547,28.26887369,46.73983582,26.04901038,-35.03825288,17.77656049,5x3x2xpool_Dep,3.383084577,#N/A
1835,42.3527627,38.26923731,34.10419823,51.33973293,32.04966534,33.95479916,25.46010743,5x3x2xpool_Dep,98.08743169,ON_0R
1451,-141.0723927,-9.731637339,-14.42961293,-249.8313128,-2.808520626,79.10995178,-176.9287387,5x3x2xpool_Dep,97.39726027,ON_01R
1762,67.93571451,25.14677526,13.36148092,66.674123,33.3192941,68.43980696,54.50367971,5x3x2xpool_Dep,81.22522523,ON_0R
1653,-194.3784215,-59.55376233,-58.44131703,-306.4797758,-56.74275238,72.669158,-152.2973517,5x3x2xpool_Dep,97.38126942,ON_0R
1982,55.50142714,48.79537136,43.89053904,58.14306276,52.95496841,21.54301745,43.12920972,5x3x2xpool_Dep,86.16144975,ON_0R
1896,66.79182782,26.79658029,28.16555726,70.3815002,28.07439076,-8.819064299,53.00483044,5x3x2xpool_Dep,63.91184573,ON_0R
1441,-81.73926956,-67.34280014,-74.69144775,40.19676437,-63.76868773,-45.62248172,-58.70940118,5x3x2xpool_Dep,77.07423581,ON_05R
1918,22.81966195,-8.728568788,-5.153466572,42.46997402,-18.87859555,-115.8910187,7.15483712,5x3x2xpool_Dep,7.202881152,#N/A
1936,57.25874156,-19.00584937,-25.62525569,66.84082909,-33.15222439,-130.6399312,49.02570898,5x3x2xpool_Dep,48.92950392,ON_05R
1994,69.11667185,38.04991704,31.25473827,70.21104079,45.09569536,11.63805949,41.90707069,5x3x2xWOR_Dep,65.98860862,ON_0R
1777,54.83860118,38.53217213,35.583865,61.80702851,37.28954488,-3.564732061,44.34480121,5x3x2xpool_Dep,69.74358974,ON_0R
1884,45.16349258,30.13064561,31.91313039,57.36564667,36.53797302,-24.55209564,36.48062828,5x3x2xpool_Dep,26.02040816,#N/A
1695,71.41647051,44.53437508,49.760657,73.2533963,45.90549649,21.37666829,48.1453523,5x3x2xWOR_Dep,77.59017652,ON_0R
1742,58.25864317,-44.47737489,-54.55775505,60.67473351,-28.73375221,66.05525904,38.48548231,5x3x2xpool_Dep,98.04131054,ON_01R
1416,48.95313007,34.23135227,33.13318023,59.55278786,16.73478197,-40.90605201,37.30921277,5x3x2xpool_Dep,41.31868132,WOR_SP
2066,44.95141769,25.14738393,16.8601608,53.03970974,23.14721758,-44.49604546,33.47531452,5x3x2xpool_Dep,63.91129032,ON_0R
1367,26.03150934,-27.3780134,-40.53591846,42.80658803,-38.16122396,-119.9101635,7.507194642,5x3x2xpool_Dep,90.37487335,ON_0R
1557,42.8872602,-49.94275242,-49.18548943,60.7381328,-65.51451304,-88.328904,28.41712464,5x3x2xpool_Dep,87.37010392,ON_0R
1418,42.287024,33.62117518,31.50228219,58.73691078,16.17781157,-53.85286674,30.13065098,5x3x2xpool_Dep,53.85385385,ON_05R
2041,67.06137467,-13.3395009,-18.80751631,69.15549809,-5.876244133,-75.53355104,48.0205851,5x3x2xpool_Dep,72.01180521,ON_0R
1576,52.80979659,-14.25668888,-9.671494935,63.15110172,-15.68405905,-105.9504344,38.02672311,5x3x2xpool_Dep,74.204947,ON_0R
1485,54.32459724,-122.0303675,-93.27139014,51.23824383,-58.09842034,-165.9404839,39.53060604,5x3x2xpool_Dep,39.38437253,ON_05R
1876,-17.03330655,-37.26605715,-35.05949835,-50.06317638,-17.89318086,11.0820892,19.48562292,5x3x2xpool_Dep,97.97468354,ON_0R
1774,60.541421,10.1466961,0.758658402,64.27366328,17.84025807,-49.7009881,52.90248439,5x3x2xpool_Dep,72.6541555,ON_0R
1342,60.00770999,-19.34036013,-23.68586915,63.84600959,-13.45949958,-39.43259889,45.43201774,5x3x2xpool_Dep,88.64994026,ON_0R
1657,-421.6748224,35.8540857,36.02295902,-1226.23091,44.46253657,85.29931039,-352.4901734,5x3x2xpool_Dep,95.4984995,ON_01R
1587,49.82712858,0.63522475,6.645041177,61.70437823,-4.585501678,-88.42315526,34.26878198,5x3x2xpool_Dep,89.71631206,ON_0R
1391,48.23814069,14.75870897,4.142874568,53.992127,2.089228142,-77.78764439,39.59160963,5x3x2xpool_Dep,59.17992656,ON_0R
1592,54.16328049,5.715503326,-6.029316122,60.95229915,13.70337819,-79.60428088,33.97054352,5x3x2xpool_Dep,91.92156863,ON_0R
1619,17.98254306,47.44632039,44.8046137,38.99220739,45.30908737,40.00003419,10.39430628,5x3x2xpool_Dep,91.48211244,ON_0R
1593,41.80595906,-26.15020185,-27.30776522,52.97515515,-21.92606101,-41.41023359,27.3706733,5x3x2xpool_Dep,50.39808917,ON_05R
1458,58.18072688,-67.15768642,-76.37722371,58.96066884,-52.6108023,-111.1609325,38.07732387,5x3x2xpool_Dep,80,ON_0R
1990,55.70823039,6.760147648,14.26219089,64.49981956,3.322068199,-65.39006636,47.28642662,5x3x2xpool_Dep,74.75013151,ON_0R
1390,65.31219516,-58.32169737,-73.62186607,63.20414947,-43.50092671,-130.7841989,-32.85711869,5x3x2xWOR_Dep,74.36440678,ON_0R
1466,44.06870012,6.213742007,4.653982093,56.3561668,-1.282205218,-5.633328747,25.96540881,5x3x2xpool_Dep,95.83333333,ON_0R
1449,-265.401706,27.79409817,27.04633801,-196.6205642,16.51962909,84.63308887,-218.2244338,5x3x2xpool_Dep,97.36842105,ON_01R
1742,28.94319154,-31.1706622,-42.53512843,39.5068771,-29.72435967,67.46869525,20.89093428,5x3x2xpool_Dep,98.04131054,ON_01R
1849,42.84773972,32.4894774,45.60224414,59.88244368,20.58780788,-31.84751079,43.85427125,5x3x2xpool_Dep,66.59751037,ON_0R
1568,48.84639578,2.245693503,-3.128323787,58.81364893,-3.567725022,-12.94268217,34.64370448,5x3x2xpool_Dep,77.2002772,ON_01R
1944,69.67018887,-26.14173643,-13.52249723,73.33816487,-18.34580343,-108.0293041,-5.74777079,5x3x2xWOR_Dep,65.15353805,ON_01R
1572,49.12899658,-28.64742991,-22.79072303,56.17414246,-19.98813299,-114.44095,35.08481761,5x3x2xpool_Dep,49.53457447,ON_05R
1452,-150.8917624,-0.527364357,-1.679928637,-271.1793975,12.10166075,87.48612682,-136.1453128,5x3x2xpool_Dep,97.70220588,ON_01R
1839,32.41203679,31.24924365,28.46531,49.01687518,24.8132711,-43.27678629,17.26537341,5x3x2xpool_Dep,74.11214953,ON_0R
1834,51.60711096,9.772161317,25.15398689,55.03118728,14.55307338,-19.10361546,33.10875969,5x3x2xpool_Dep,82.36220472,ON_0R
1688,52.21202207,13.38761831,16.8601608,56.4548724,27.09859662,-54.38125245,31.74672086,5x3x2xpool_Dep,39.56043956,WOR_SP
2035,57.95867765,18.32686731,20.77119826,60.33318704,29.71970354,-22.53155256,39.01092795,5x3x2xpool_Dep,79.7752809,ON_0R
2065,35.56044887,77.10890183,78.0778174,51.30539332,76.32496156,80.58201275,33.06284414,5x3x2xpool_Dep,79.26587302,ON_0R
1575,55.96401637,-39.28539325,-25.8685022,59.40544458,-24.94352254,-97.12750432,35.66382523,5x3x2xpool_Dep,55.6174559,ON_01R
1408,27.98429543,-1.969954764,-2.439884658,45.52597248,-13.04711869,27.54887709,4.990706347,5x3x2xpool_Dep,97.0677452,ON_0R
1848,52.78079419,51.29373749,42.91555485,56.94940805,50.50752598,3.41621835,34.88141317,5x3x2xpool_Dep,60.51040967,ON_01R
1419,45.69232131,35.00077573,28.27455852,50.3047891,24.0415496,11.89505264,29.29445603,5x3x2xpool_Dep,94.88054608,ON_01R
1476,56.19832671,-60.2091139,-73.67818879,55.6280371,-41.9987487,-141.377032,27.41048722,5x3x2xpool_Dep,74.52339688,ON_0R
1439,45.59052595,-31.88263474,-32.54852884,59.15799902,-44.55040334,-109.6770639,34.94202168,5x3x2xpool_Dep,79.70954357,ON_0R
1460,-100.971049,6.375532944,2.897566582,-152.5000827,0.510968608,24.73135222,-53.23948251,5x3x2xpool_Dep,95.67053854,ON_01R
1832,22.22876969,-40.31073291,-41.83755784,39.80432249,-34.4570019,-168.6044184,-5.231863541,5x3x2xpool_Dep,12.81895504,#N/A
1678,33.56529844,13.98244202,12.69521466,47.54786452,5.51693129,-64.46821203,12.4026072,5x3x2xpool_Dep,94.78672986,ON_0R
1506,5.681890137,35.93420133,42.95459797,40.59918846,28.636186,-54.84611643,2.233994892,5x3x2xpool_Dep,56.15906887,ON_0R
1852,45.2728921,-14.75965302,-19.42495828,55.22792492,-6.475516696,-103.4972032,31.22666281,5x3x2xpool_Dep,52.47524752,ON_0R
1769,-55.13876996,-104.6026542,-112.3649877,-86.49075287,-112.2610622,23.70817465,-28.73361516,5x3x2xpool_Dep,95.05865624,ON_01R
1879,64.02081589,-12.35612169,-2.339226346,67.0307402,6.185762615,-42.53282703,51.31008757,5x3x2xpool_Dep,69.7518444,ON_0R
2015,-165.3496729,51.38426428,49.84603569,-280.9410511,43.24397914,77.11737416,-159.0658086,5x3x2xpool_Dep,98.32572298,ON_0R
1854,13.6963043,1.360911453,3.202903368,41.75247525,-13.14456728,-111.0575637,5.377991764,5x3x2xpool_Dep,24.35105068,#N/A
1662,16.68511244,-62.79345975,-62.25263941,34.76930265,-48.59717068,-234.5583749,-12.06800599,5x3x2xpool_Dep,50,#N/A
1560,31.53724206,-28.61461763,-23.09505394,47.24821867,-23.05945723,-110.9040379,8.755978102,5x3x2xpool_Dep,15.27093596,#N/A
1649,34.70007536,-29.84794717,-33.47886605,49.40476577,-31.3945897,-92.47222002,16.01623692,5x3x2xpool_Dep,76.10208817,WR_0R
1800,16.55920754,63.97187668,61.01855219,45.82576447,53.0405725,24.15101042,18.26496247,5x3x2xpool_Dep,1.025163094,#N/A
1621,52.34247046,55.22131241,60.34616749,53.27472186,63.59641474,34.13394619,37.21336017,5x3x2xpool_Dep,86.5248227,ON_0R
1846,-5.263768946,17.08523209,12.04741123,-75.33699691,13.66841999,46.04360606,0.280042616,5x3x2xpool_Dep,89.85239852,ON_0R
1432,45.78599885,-89.31141964,-90.69716775,52.99885423,-76.63722092,-194.4449121,29.64768313,5x3x2xpool_Dep,58.82352941,ON_0R
1474,26.0234424,18.18426307,11.75772145,40.10741747,10.62910584,-66.27315648,13.26722993,5x3x2xpool_Dep,69.14728682,ON_0R
1661,-331.0044028,-32.93521547,-32.59384351,-327.804161,-45.29297389,84.870326,-314.8933255,5x3x2xpool_Dep,97.69286229,ON_01R
1412,49.90706193,13.29681723,10.21249929,58.26738598,5.814753371,70.24695266,37.21666257,5x3x2xpool_Dep,97.65130985,ON_0R
1571,59.4252354,-83.76385245,-69.18111026,64.13500856,-67.93421506,-174.1302575,47.65477127,5x3x2xpool_Dep,93.06260575,ON_0R
1644,-35.24921532,27.22208337,32.39577409,-76.15106414,32.86323305,66.81283004,-9.256396405,5x3x2xpool_Dep,93.71980676,ON_0R
1642,31.02595551,31.89745687,34.88573801,50.10045024,19.13308103,47.59324545,17.33535689,5x3x2xpool_Dep,90.57971014,ON_05R
1605,52.74489161,-3.69643417,-8.2841302,62.65677412,-16.43013395,-84.45011303,36.89220088,5x3x2xpool_Dep,4.705882353,#N/A
1509,-3.305486178,-17.41070404,-16.42571029,35.24506472,-34.64050432,-154.3224097,-19.07445255,5x3x2xpool_Dep,45.42314335,WR_01R
1687,54.30291049,24.16437222,28.96625964,61.2684688,36.06990593,-12.6405528,43.79331726,5x3x2xpool_Dep,76.39198218,ON_0R
1343,-111.8749182,-32.37046081,-28.35601525,-168.6221862,-39.29238564,7.817464827,-74.96553829,5x3x2xpool_Dep,61.18626431,ON_05R
1860,27.96510126,55.03410182,56.36418339,46.04424025,52.66968403,25.72025426,13.73029589,5x3x2xpool_Dep,42.31974922,ON_05R
1892,41.65293113,-9.80512957,-6.869257402,60.80602274,-18.2508592,-93.94381762,29.22489819,5x3x2xpool_Dep,25.97684515,#N/A
1513,28.32714322,32.16534474,30.10729086,46.61486401,27.80214595,-3.892535997,29.54229657,5x3x2xpool_Dep,62.17105263,ON_0R
1984,48.68817158,46.0192456,39.18129243,63.94142661,33.73106854,-14.68346826,36.89220088,5x3x2xpool_Dep,65.13157895,ON_05R
1444,-289.7367302,-19.35616329,-16.61885307,-374.1757507,-19.60082384,53.38707367,-177.2296541,5x3x2xpool_Dep,97.18309859,ON_01R
1625,33.69092247,23.49889388,17.84103653,48.40488497,18.22636067,1.146587704,17.90855399,5x3x2xpool_Dep,89.59349593,ON_0R
1853,54.20703376,5.979001666,13.31554322,53.14399855,35.89228275,-16.63912614,34.14090719,5x3x2xpool_Dep,44.90358127,ON_05R
2014,46.16870353,75.53645947,75.13753096,54.29594012,70.25038857,59.42526925,26.27351512,5x3x2xpool_Dep,18.94669236,#N/A
1680,23.82526476,-36.46993514,-45.94520685,28.25134717,-25.5545282,-120.0690883,3.309528028,5x3x2xpool_Dep,30,ON_0R
1600,-220.861454,42.30735302,49.0578502,-318.6683629,40.46975409,66.0133335,-133.1603142,5x3x2xpool_Dep,88.72246696,ON_01R
1950,36.85127371,27.98611446,26.73478882,46.61049126,30.73198273,-37.80149923,17.36090129,5x3x2xpool_Dep,32.66331658,ON_05R
1627,48.40383166,7.327585682,6.775364912,59.28236217,5.181637043,-34.45542383,27.67811451,5x3x2xpool_Dep,79.74522293,ON_05R
1407,54.57105043,-15.71953466,-18.00572878,65.65506726,-25.46392939,-61.19824926,42.45542284,5x3x2xpool_Dep,92.93308318,ON_0R
1640,44.34170238,2.271131309,-7.216788475,57.07748036,-0.574339015,-85.49871917,27.12966842,5x3x2xpool_Dep,58.79354291,ON_01R
1745,6.325403105,-109.2638792,-111.4700182,23.67865728,-102.414576,10.54988276,-14.8369382,5x3x2xpool_Dep,84.87199379,ON_05R
1601,52.81314723,-14.49940091,-25.23997377,58.71511165,-7.068824314,-106.5237766,38.73540503,5x3x2xpool_Dep,45.67901235,ON_05R
1894,53.62572799,31.51781148,23.21836036,61.451787,30.29708258,6.79956142,47.6152531,5x3x2xpool_Dep,74.86376022,ON_0R
1413,-534.484358,-55.61386281,-61.30428906,-425.1338661,-72.65950994,80.48074353,-300.7960501,5x3x2xpool_Dep,94.77329975,ON_01R
1375,-2.066660581,-37.02460608,-37.57847233,27.58849816,-45.15016075,-173.5226,-7.982489373,5x3x2xpool_Dep,65.68396226,ON_0R
1702,56.00739264,-49.84217493,-57.30619394,60.89951253,-62.09732629,-136.3270224,44.79177067,5x3x2xpool_Dep,44.64493597,ON_05R
1518,39.17108954,-5.173738783,-13.24219477,45.95030973,3.111789996,-77.76124467,33.13791255,5x3x2xpool_Dep,11.48648649,#N/A
1953,53.57564617,30.77590774,37.5967867,57.66296793,36.05225736,-17.02589489,37.16074471,5x3x2xpool_Dep,57.52461322,ON_0R
1508,29.76168833,-72.80411073,-79.77017637,39.31317843,-73.66379258,-202.9987183,-9.338974858,5x3x2xpool_Dep,54.60869565,ON_01R
1434,43.12759949,-36.44018818,-38.784204,57.48428047,-46.45651842,-74.46173683,30.87765957,5x3x2xpool_Dep,60.23706897,ON_0R
1435,-197.5232043,-55.33506641,-63.02499537,-315.4395417,-52.3075551,-127.2282699,-174.5458953,5x3x2xpool_Dep,52.98953662,ON_01R
1609,52.50110228,9.469175089,3.486765821,57.59660778,6.690411552,-49.29990311,31.04055047,5x3x2xpool_Dep,73.9625712,ON_0R
1756,72.77899991,-27.21041075,-57.78412471,71.07464579,-1.94535484,-59.34838359,13.15400466,5x3x2xWOR_Dep,87.25621159,ON_0R
1341,-142.7977233,-74.50747691,-68.76138457,-372.9118934,-32.66015591,96.71175079,-115.8759584,5x3x2xpool_Dep,99.10141207,ON_01R
1350,-276.7339276,-23.85835776,-21.03785311,-345.5898522,-22.19790972,95.12417537,-176.4722628,5x3x2xpool_Dep,98.2781457,ON_01R
2050,51.42769188,33.89600579,26.91310506,59.05677969,38.63505389,-22.26112034,38.71612571,5x3x2xpool_Dep,79.55641273,ON_0R
1758,59.02339999,26.68037337,23.58043426,62.90816799,37.88489058,-17.69251967,43.01119154,5x3x2xpool_Dep,81.84948352,ON_0R
1992,47.53974124,11.62026157,3.921691894,58.16670968,1.47320052,-72.62356178,36.34343741,5x3x2xpool_Dep,48.95168642,ON_0R
1954,38.86007983,-24.99444279,-26.12603729,51.27221966,-32.30325793,-131.3630141,30.75544828,5x3x2xpool_Dep,63.45646438,ON_0R
1991,50.43162867,35.7523178,38.55562395,62.27502408,31.55788481,-14.25820282,43.04681885,5x3x2xpool_Dep,44.2687747,ON_05R
1539,23.128823,29.45835325,18.35712425,42.02200919,19.38373701,-67.41724396,9.530133236,5x3x2xpool_Dep,16.19217082,#N/A
1891,61.42631956,-8.745718885,-12.971927,60.37174443,6.140549723,-57.95963888,43.43330123,5x3x2xpool_Dep,49.84756098,ON_05R
1915,38.04275195,-6.538504205,-3.146308163,51.34630462,-9.789786031,-102.5823202,22.24382123,5x3x2xpool_Dep,57.41512805,ON_0R
1586,41.83155253,-5.85570495,-20.97142394,57.19844904,-23.76239531,-133.8365065,28.66878343,5x3x2xpool_Dep,65.05660377,ON_0R
1685,-90.2075733,-28.40752576,-39.23039376,-183.3463803,-14.2950907,85.96279986,-104.8447559,5x3x2xpool_Dep,98.84453782,ON_0R
1890,64.05745563,33.26209756,38.55074702,69.2473603,34.70881739,-22.52780828,47.39467702,5x3x2xpool_Dep,85.13033175,ON_0R
1585,51.28298761,-47.70824679,-66.29064165,56.57720505,-49.60240423,-93.4946221,40.71409123,5x3x2xpool_Dep,92.94019934,ON_0R
1614,43.46810352,46.56628411,43.56577092,52.63668893,39.74530412,7.018953861,21.3953153,5x3x2xpool_Dep,37.56145526,ON_05R
1538,47.884978,0.894778201,-4.906593359,56.6876616,2.277387537,-85.02329161,29.58892443,5x3x2xpool_Dep,63.62683438,ON_0R
1388,45.75918678,1.027445975,3.606989919,54.85278832,-6.786371113,-90.43856175,37.26784254,5x3x2xpool_Dep,59.43396226,ON_0R
1656,-502.1007592,-62.4501188,-61.46350766,-554.9081972,-65.51679446,-15.12322602,-211.0178398,5x3x2xpool_Dep,96.19787408,ON_0R
1783,-88.52709405,28.06055835,24.91980297,-195.3411698,30.21278453,51.60678494,8.069832928,5x3x2xpool_Dep,98.88438134,ON_0R
2030,54.65947074,30.91704526,36.90455676,61.44360419,31.11830381,-7.556989456,33.77926012,5x3x2xpool_Dep,43.83561644,ON_05R
1675,-221.9380541,48.77570091,44.54463109,-306.1124826,49.4851456,8.957578829,-149.3989899,5x3x2xpool_Dep,94.47852761,ON_0R
1674,14.04955558,16.42831881,18.79095646,39.94172201,12.80381375,83.89467676,2.867212804,5x3x2xpool_Dep,99.15254237,ON_0R
1629,-229.3871025,52.4014284,50.94909265,-225.8166371,38.04052157,24.81712079,-99.69858605,5x3x2xpool_Dep,87.05035971,ON_0R
1530,-210.6421878,-8.115786818,-15.01323185,-255.2535611,-4.971020301,4.685319193,-135.8439502,5x3x2xpool_Dep,88.05227131,ON_01R
1898,53.15668092,21.01853162,26.65780461,60.66725431,28.39031584,-30.19845167,42.71606737,5x3x2xpool_Dep,61.80844735,ON_0R
1945,58.30849198,29.95973502,33.66132297,62.52549427,36.3206445,-8.282278484,38.70619208,5x3x2xpool_Dep,73.38995046,ON_0R
1556,55.88531956,-72.75797581,-71.45998254,58.93252105,-39.10262399,11.78460078,39.47780115,5x3x2xpool_Dep,98.91135303,ON_0R
1943,60.83822027,-10.7327699,-2.140018812,64.9147138,4.605216486,-63.63506444,38.14090924,5x3x2xpool_Dep,77.14604236,ON_0R
1415,41.54528467,34.54965183,41.61239876,51.26697369,37.45599197,-28.74298696,29.8802232,5x3x2xpool_Dep,50.73995772,ON_05R
2013,45.78207514,51.60919256,54.22124041,57.24678976,48.14831629,20.50653729,46.12748856,5x3x2xpool_Dep,60.60070671,ON_0R
1598,-294.2098266,12.21267217,12.47449179,-437.9048806,14.09175086,82.8317117,-147.2124811,5x3x2xpool_Dep,98.30795262,ON_01R
2070,59.18380821,-16.19391244,-16.19400553,70.04614097,-36.91411311,-118.6105149,54.31459941,5x3x2xpool_Dep,50.73917635,ON_05R
1567,53.30894614,-7.808143899,-6.898752324,59.62281499,-2.729780544,-8.350472362,33.69318802,5x3x2xpool_Dep,36.93340795,WOR_SP
1626,28.2197699,39.34186442,40.70449181,60.37752873,11.7950557,-27.86423889,35.24422456,5x3x2xpool_Dep,50.70126227,ON_01R
1917,50.77851363,17.71207754,21.51531056,59.62631444,18.96208156,-53.87105611,37.18481819,5x3x2xpool_Dep,61.86887717,ON_0R
2034,54.75988138,14.05829525,3.915713529,62.23560114,5.364306289,-54.0128762,53.55109195,5x3x2xpool_Dep,69.20693928,ON_0R
1564,48.68869663,19.96013943,10.96224381,59.05677969,21.05143517,20.7365062,37.87213565,5x3x2xpool_Dep,97.54299754,ON_0R
1603,47.77679489,8.06520344,11.11556033,50.74018806,25.60032815,-44.19167562,28.2148785,5x3x2xpool_Dep,31.99174407,ON_05R
1746,65.77490451,-22.950958,-25.78797728,65.98862237,-1.890350602,-76.58122823,-11.2342543,5x3x2xWOR_Dep,82.36547682,ON_0R
1986,52.80392952,-2.52289712,1.214255626,63.62051444,-19.47780636,-98.16767966,47.74513449,5x3x2xpool_Dep,88.47058824,ON_0R
1659,-510.0343152,-43.92749902,-41.89293606,-168.9343691,-71.22092481,-24.2926121,-226.3919292,5x3x2xpool_Dep,92.5443787,ON_02R
1753,69.72622481,-38.57008399,-42.96356815,67.54580463,-1.002793953,-80.70850528,53.49951644,5x3x2xpool_Dep,83.5694051,ON_0R
1424,25.61919891,-78.81107637,-93.71185219,32.35182669,-50.23447802,-160.7737903,4.529226976,5x3x2xpool_Dep,17.86427146,#N/A
1389,47.68491398,-105.7419962,-110.4636914,53.32999485,-92.70984115,-255.0872056,30.80463184,5x3x2xpool_Dep,79.98580554,ON_0R
1448,-145.4441452,8.931502192,2.21908958,-254.7093805,12.41789558,70.46038933,-60.76737231,5x3x2xpool_Dep,98.73524452,ON_01R
1999,37.95678842,41.13266557,42.17024208,48.01070894,43.69620253,-4.449635204,20.88586088,5x3x2xpool_Dep,54.13080895,ON_0R
1691,27.55014837,35.49894666,38.27502905,42.22898364,31.18243655,-46.42031456,19.1239856,5x3x2xpool_Dep,40.92769441,ON_05R
1877,60.03689536,-8.645952602,-1.367693528,64.03367033,12.8000156,-39.60975103,39.04011625,5x3x2xpool_Dep,74.25404945,ON_01R
2083,57.48170965,12.15364992,14.79613711,66.48893637,10.38154379,-62.56913519,46.19983414,5x3x2xpool_Dep,68.84113584,ON_0R
1744,56.79276822,-11.42383741,-20.79167442,61.4612755,-4.249800161,25.6829269,48.93724574,5x3x2xpool_Dep,96.50423729,ON_0R
2021,-393.6764103,68.8939838,65.39624856,-432.5963675,60.69158149,91.17344739,-320.5124261,5x3x2xpool_Dep,97.96747967,ON_0R
1922,55.9912266,18.18624564,17.13335865,56.16587907,34.43101006,-18.12662574,36.37407445,5x3x2xpool_Dep,56.80147059,ON_01R
1457,-327.0167536,27.90277101,28.97951253,-264.6505559,19.54324683,71.76732911,-195.195034,5x3x2xpool_Dep,93.84164223,ON_01R
2031,50.65166033,9.268746912,3.922937911,56.42616092,15.86416366,-53.85639344,34.70889976,5x3x2xpool_Dep,79.23025879,ON_0R
2044,49.23770913,24.960818,30.47347795,58.71840597,36.60782058,-15.61531556,31.15512824,5x3x2xpool_Dep,53.40314136,ON_0R
1658,-183.1014004,40.01972645,43.04534681,-253.5328643,45.20981861,27.61302499,-10.98627812,5x3x2xpool_Dep,80.65083553,ON_0R
1353,-472.7695859,-32.6577256,-29.21356892,-455.1359276,-40.81870232,93.22858226,-271.7623075,5x3x2xpool_Dep,97.37373737,ON_0R
2081,-118.9856233,26.89247931,26.25963455,-20.51340555,10.90281807,-132.6988544,-124.4999576,5x3x2xpool_Dep,10,#N/A
1624,20.54190075,36.77212228,32.89351421,36.94744072,39.86026525,-24.82139841,3.865786011,5x3x2xpool_Dep,24.41860465,#N/A
2075,9.400950328,58.94707268,56.77879109,41.24647885,58.0821361,-13.19692416,-8.755773812,5x3x2xpool_Dep,68.79595588,ON_0R
1838,64.20521803,-245.8037012,-230.0676912,67.19074165,-178.9793945,-205.6419621,51.74729216,5x3x2xpool_Dep,97.10586443,ON_0R
1793,60.45444177,-29.31773472,-60.95490617,61.38465509,-13.63593497,-115.7794522,40.90239548,5x3x2xpool_Dep,67.94507576,ON_0R
1975,55.10662814,66.80284468,72.02251659,60.22266703,68.39296699,62.53486663,40.5919881,5x3x2xpool_Dep,87.95620438,ON_0R
1696,61.65577886,-8.530795378,-12.61827083,67.69806237,-4.44979409,-73.62201032,-21.58439347,5x3x2xWOR_Dep,55.45454545,ON_01R
1478,25.30729531,-41.85888229,-41.3909689,40.83670026,-48.66975411,-171.1592438,7.527319737,5x3x2xpool_Dep,93.79310345,ON_0R
1524,-184.6889885,-48.25049977,-48.42010108,-209.0552759,-50.41899243,38.15446252,-131.4309781,5x3x2xpool_Dep,95.00471254,ON_0R
1417,30.72817768,29.69496291,30.16439612,47.51760384,17.86226956,-50.03670874,26.28494772,5x3x2xpool_Dep,19.48717949,#N/A
2053,53.80467987,36.52926652,34.42486861,60.38202873,31.41607714,-10.2425366,53.77111819,5x3x2xpool_Dep,83.15412186,ON_0R
1521,37.04563078,6.297226583,7.470480171,52.97817872,12.64256955,-74.71782616,23.53833213,5x3x2xpool_Dep,61.24567474,ON_0R
1974,50.71264768,46.63795129,37.44481381,62.55022852,37.60872668,-0.991745424,36.6768159,5x3x2xpool_Dep,55.67402894,ON_0R
2047,15.01749822,64.24334841,59.99830985,36.06127239,59.56251388,26.1942123,5.986669123,5x3x2xpool_Dep,8.536585366,#N/A
1425,16.9611895,8.666363881,9.582955021,37.46343747,-1.794932189,-31.74978444,8.796262919,5x3x2xpool_Dep,33.66834171,WR_05R
1679,-185.1875269,34.76614518,33.39706782,-266.0267617,43.99773115,42.42013171,-97.56427834,5x3x2xpool_Dep,92.51101322,ON_0R
1978,37.37518793,22.49913101,26.67913742,51.81898338,17.4221168,-38.99361731,7.908549642,5x3x2xpool_Dep,63.7254902,ON_0R
1623,58.54360039,22.49485957,22.10854328,62.18982611,28.66003217,29.77818525,40.95305057,5x3x2xpool_Dep,72.33082707,ON_05R
1677,28.62580423,-18.39930005,-27.30954816,50.42200563,-33.86541828,-25.68601309,25.02482917,5x3x2xpool_Dep,76,ON_0R
1997,41.72894455,54.74408008,54.09685413,46.68700818,57.53944101,32.39593807,27.52637911,5x3x2xpool_Dep,47.12514092,ON_05R
1463,17.1472876,64.62475798,68.36554073,44.10234106,60.84717269,43.3920347,-4.955878674,5x3x2xpool_Dep,67.61363636,ON_0R
1912,-20.85946755,56.12818143,50.77795241,26.11312285,38.89212976,-49.83958668,-15.90313373,5x3x2xpool_Dep,35,#N/A
1536,29.19553095,5.064122221,12.06232102,43.32059537,7.496487688,-75.4320642,18.02723602,5x3x2xpool_Dep,31.04013104,ON_05R
1537,22.66195246,16.85154618,15.23295014,44.97114418,2.082779354,-75.55919349,5.282055514,5x3x2xpool_Dep,31.07088989,ON_05R
1526,35.80989512,-23.03035944,-21.20298175,45.06723572,-2.06766982,-91.58206073,21.65149805,5x3x2xpool_Dep,79.77272727,ON_0R
1583,62.32074687,-46.5770474,-56.30135266,67.1868288,-29.63270949,-138.5017564,52.3586919,5x3x2xpool_Dep,71.21629059,ON_0R
1533,-12.69932298,18.81253854,25.07198124,16.20922355,25.26052195,-72.86174109,-41.56919516,5x3x2xpool_Dep,50,#N/A
2021,-384.3793215,68.5746988,67.42239241,-442.6811065,62.47172312,91.71610521,-246.0750274,5x3x2xpool_Dep,97.96747967,ON_0R
1447,34.10758633,-52.0749261,-37.95312043,40.45958985,-19.8799157,-146.2835092,8.227437549,5x3x2xpool_Dep,44.33849821,ON_05R
1672,17.08937057,65.93378712,64.2148468,34.1668364,66.59816746,46.49751018,-10.77915816,5x3x2xpool_Dep,9.964412811,#N/A
1863,2.964083,20.46528148,26.40583361,34.78593377,16.64438349,-75.85009522,-17.57380953,5x3x2xpool_Dep,27.29306488,#N/A
1468,-35.23039068,38.2832871,46.238554,26.16917492,23.08589479,79.85731201,-56.74428084,5x3x2xpool_Dep,96.48241206,ON_0R
1384,19.7496419,-2074.250923,-1544.340919,35.70288507,-1957.008755,-3336.816347,-4.799955213,5x3x2xpool_Dep,55,#N/A
1454,22.79753553,-12.05858661,-13.91127716,37.58565149,-8.22151556,79.7141767,-238.9333877,5x3x2xpool_Dep,97.08860759,ON_01R
1948,40.25706823,26.74287272,23.63744721,51.18022551,31.87815434,-20.75034116,26.24061228,5x3x2xpool_Dep,74.09395973,ON_0R
1763,48.86246426,16.16109633,14.94140079,58.01458862,16.07446591,55.43065725,26.56547012,5x3x2xpool_Dep,67.44321491,ON_0R
1608,30.827806,3.242990614,-4.182819188,34.73036908,21.41001406,-59.17495425,-8.448503054,5x3x2xpool_Dep,39.68646865,ON_05R
1581,31.05837998,38.63164537,30.12312731,48.42800951,33.06729086,-38.56253114,19.47121795,5x3x2xpool_Dep,28.14814815,#N/A
1622,26.54318402,71.51282016,66.52589211,49.7583194,68.04284244,31.87255178,18.63023704,5x3x2xpool_Dep,17.33212341,#N/A
1996,49.64281169,29.79909221,33.76889985,57.40705286,31.66822392,-26.99396926,44.05828796,5x3x2xpool_Dep,45.78668238,ON_01R
pZR15,41.4673302,42.48302737,35.9642351,57.39793835,40.55762501,-15.83449416,22.82950532,5x3x2xpool_Dep,35.41666667,ON_05R
1914,-255.397647,65.90126313,66.12444899,-364.3783092,68.36124082,87.51510991,-113.7219517,5x3x2xpool_Dep,97.34375,ON_0R
2016,26.80518358,49.27153692,50.75624429,42.88072478,54.00678822,1.998045545,-1.640538465,5x3x2xpool_Dep,27.11471611,#N/A
1462,-152.845112,39.03602079,40.03566352,-219.8689087,40.02146454,66.81893778,-141.4351406,5x3x2xpool_Dep,91.86691312,ON_0R
1893,15.51848127,-3.524310574,-10.03420058,28.36878723,9.439379904,-102.281136,-20.94663588,5x3x2xpool_Dep,40,#N/A
1829,52.7334279,-24.91701247,-24.1363806,52.37534336,2.690266063,-93.07759933,36.53295345,5x3x2xpool_Dep,71.19760479,ON_05R
2058,44.26521837,44.17097961,50.21248333,52.27190318,55.06843347,15.64657918,28.11721167,5x3x2xpool_Dep,46.02446483,ON_05R
1972,35.37648164,53.71300814,49.90401049,48.45053595,54.17413555,7.699653957,25.9535157,5x3x2xpool_Dep,80.32786885,ON_0R
1995,19.96904762,67.53801321,68.15595425,41.7106062,63.61920872,35.96925386,15.6956882,5x3x2xpool_Dep,7.045735476,#N/A
2059,19.26613625,-31.65477065,-21.22177971,44.98991513,-56.31371056,-166.8005208,20.78214852,5x3x2xpool_Dep,41,#N/A
2073,49.76828567,17.32948845,10.22486246,57.48506298,17.80108343,-45.6906837,37.49784195,5x3x2xpool_Dep,78.36676218,ON_0R
2010,39.36347737,46.49453027,39.3021836,53.07277056,37.64190255,58.68658548,32.76592171,5x3x2xpool_Dep,88.95417156,ON_0R
1828,-142.7521142,51.05061244,51.84083191,-37.21511672,36.55777982,-5.210743382,-70.07430032,5x3x2xpool_Dep,84.68899522,ON_0R
1615,9.876466256,24.68355951,23.06916116,30.75428176,18.44224261,-64.45065507,-20.57878511,5x3x2xpool_Dep,56.8383659,ON_01R
1963,22.70612914,49.58086654,51.64738033,47.66596158,39.18081619,-4.604631034,15.77441596,5x3x2xpool_Dep,69.74267968,ON_0R
1639,62.13822431,8.88510525,9.185642506,65.60131003,23.07358755,-17.98798645,52.26934492,5x3x2xpool_Dep,74.42231076,ON_0R
1799,34.72099361,27.70317422,29.70437344,48.26120402,36.24856557,-32.35444171,16.43146914,5x3x2xpool_Dep,82.79009126,ON_05R
2062,30.52075004,31.80388121,35.03156499,46.47735583,31.07031899,-32.23573898,19.23189702,5x3x2xpool_Dep,37.35581189,ON_05R
1981,51.0210286,-9.073927635,-19.58145249,55.82016148,0.192363289,-75.55919349,21.67648647,5x3x2xpool_Dep,37.30620155,WOR_SP
1959,53.32912727,3.47345549,-9.599014241,53.61393096,19.48613445,-45.35457657,30.13065098,5x3x2xpool_Dep,75.39936102,ON_0R
1607,24.15009933,33.22488832,30.37008851,47.90524652,20.7817869,-51.582073,15.68898408,5x3x2xpool_Dep,47.63948498,ON_0R
1436,22.43376026,63.51985265,59.85886429,36.04668987,65.43296936,84.85374147,3.318851752,5x3x2xpool_Dep,97.87449393,ON_01R
1667,-516.0670699,-16.44459731,-19.88279591,-248.4317777,-7.567829557,38.03516385,-240.5777175,5x3x2xpool_Dep,72.47796278,ON_05R
1635,8.726076469,37.02828576,36.01420044,33.52942775,28.83676026,37.95523147,-13.44074011,5x3x2xpool_Dep,82.70944742,ON_0R
1851,-20.21591972,32.12808958,28.25574626,11.69272849,34.2056443,-50.19044757,-61.68963603,5x3x2xpool_Dep,23,#N/A
1796,44.91728786,-8.980881481,-12.9776102,53.29130581,-3.379275699,-120.1246619,26.07372103,5x3x2xpool_Dep,40.57217165,ON_05R
2006,40.41286046,44.88298193,50.34953447,51.03525081,48.79785382,4.663163542,9.588418407,5x3x2xpool_Dep,41.59836066,ON_05R
1573,9.025335235,-23.20223148,-25.78891521,27.17476387,-12.1170055,-131.8265588,-19.23235817,5x3x2xpool_Dep,28,#N/A
1362,-556.9721403,-88.44277267,-90.82360659,-907.6628733,-84.55312164,75.31721682,-410.1104428,5x3x2xpool_Dep,96.99398798,ON_0R
1902,15.74181741,39.40640473,35.77044265,45.46602388,25.8087755,-40.97289293,4.613681501,5x3x2xpool_Dep,50.67985167,ON_0R
1895,10.76134406,1.772432555,8.399646897,43.2631685,-2.160260455,-139.1639103,14.26865026,5x3x2xpool_Dep,46.39534884,ON_0R
1535,12.64255755,37.19740245,28.06194922,39.8350152,21.20882889,-55.93374589,-5.755385468,5x3x2xpool_Dep,21.81628392,#N/A
1599,-404.7619526,45.62146625,47.52773368,-527.8824229,40.36959441,89.74060156,-368.9149124,5x3x2xpool_Dep,98.00995025,ON_01R
1923,48.00386136,-0.226384225,-8.305996536,50.6603899,21.85750255,-55.64773567,18.34678,5x3x2xpool_Dep,69.60461285,ON_0R
1900,43.88552313,0.691439807,16.68609956,49.42818339,6.89512763,-53.16949034,20.84784517,5x3x2xpool_Dep,89.3220339,ON_0R
1399,-549.9821501,-24.65698404,-24.86158422,-638.4620482,-17.70434431,-111.9441081,-415.8961659,5x3x2xpool_Dep,89.83050847,ON_0R
1569,19.45814897,43.62507218,43.0953245,38.62881902,45.40143569,-3.246940991,-7.10833283,5x3x2xpool_Dep,95.89041096,ON_0R
1529,35.7278718,48.06421674,29.87512625,45.08894333,46.03658141,16.29106191,9.576884847,5x3x2xpool_Dep,42.94478528,ON_05R
1929,19.40569777,6.261223212,7.763945913,33.2025479,10.13315727,-70.19249851,-2.006140815,5x3x2xpool_Dep,22.93577982,#N/A
1574,56.49954281,-8.857393606,-17.15937761,56.1259201,10.56037424,-52.13394899,39.76695963,5x3x2xpool_Dep,67.03225806,ON_01R
1406,40.7682454,-12.8859968,-11.41148954,43.51434248,3.281888849,-43.03354435,29.08928429,5x3x2xpool_Dep,92.07443143,ON_0R
1859,31.03024895,2.937366182,3.676459827,37.64855992,18.55550943,-60.76919192,2.382271518,5x3x2xpool_Dep,34.09090909,ON_05R
1363,-575.7821292,-36.72660778,-31.67750724,-793.0628186,-50.75307983,74.62536142,-424.1529866,5x3x2xpool_Dep,97.85867238,ON_0R
1905,-125.7757608,24.9378829,18.94389251,-439.6406422,43.49557688,66.5742902,-195.7051159,5x3x2xpool_Dep,98.7202925,ON_0R
1632,-218.6435908,30.86792558,25.5089486,-278.4993296,35.79527246,-21.63954952,-152.7092044,5x3x2xpool_Dep,89.99090082,ON_0R
1786,46.66122979,-2.997065519,-9.113573086,53.64578141,-0.16996675,-87.73971297,29.94200274,5x3x2xpool_Dep,67.3605948,ON_0R
1970,49.46688737,33.0974549,41.97507375,48.84357021,51.29023251,3.793247424,37.0315117,5x3x2xpool_Dep,76.38888889,ON_0R
1351,38.60853259,-11.71229639,-7.592924282,54.53766045,-15.31579357,55.90496554,32.85218725,5x3x2xpool_Dep,97.61306533,ON_0R
1916,20.19589695,28.96812199,25.56107477,42.4802104,27.26260428,-42.85382217,-0.804935758,5x3x2xpool_Dep,40.42838019,ON_0R
1579,-7.010047274,53.66125451,48.32494372,29.34577026,45.92550773,-14.40195332,-43.52835728,5x3x2xpool_Dep,62.25680934,ON_0R
2045,15.9639643,47.14799654,53.27110765,37.72272919,49.78971125,-5.618106344,7.087408838,5x3x2xpool_Dep,22.50733138,#N/A
1967,36.65522731,38.21896989,34.02631064,49.32587979,39.67662476,-12.50624371,13.12065323,5x3x2xpool_Dep,78.76712329,ON_0R
1771,52.02733984,-7.753085984,-7.865710745,55.82198801,-4.568116197,83.32244564,32.4760795,5x3x2xpool_Dep,98.5619469,ON_0R
1921,34.65522974,40.24123883,27.55466579,54.61045712,18.89107203,-32.64584536,17.47441654,5x3x2xpool_Dep,72.39010989,ON_0R
2074,51.20543356,25.38251647,31.12755406,62.11362645,21.91217816,-23.86296898,34.89331132,5x3x2xpool_Dep,66.71043992,ON_0R
2017,14.24144837,26.64787239,21.84960763,29.67838698,34.9434567,7.744027511,-11.84024536,5x3x2xpool_Dep,92.3415493,ON_0R
1858,-325.7403774,73.2232521,75.5669529,-186.5090645,62.17419946,12.99447235,-146.0916002,5x3x2xpool_Dep,0,#N/A
2046,-24.82817288,32.6844354,35.47676561,14.65488551,28.39031584,-65.405831,-44.08173314,5x3x2xpool_Dep,2.127659574,#N/A
1646,-8.374255449,25.77724491,18.27261043,19.98739097,23.10763422,-79.16685182,-40.36791932,5x3x2xpool_Dep,44.94773519,ON_05R
2042,-170.6591339,-27.27028807,-0.019485364,-137.7530448,-10.92980764,34.08185246,-89.75862355,5x3x2xpool_Dep,96.914446,ON_0R
1872,-20.1801939,22.99578163,32.38252544,20.74898505,22.09682816,-79.35335357,-26.50574904,5x3x2xpool_Dep,0,#N/A
1612,19.89817334,40.56505327,35.14310663,37.49776299,42.58225022,-26.04978764,-9.017629884,5x3x2xpool_Dep,59.47136564,ON_05R
1414,6.873582461,-21.0487039,-32.14561626,19.73224483,-21.13334473,-155.2505662,-14.47461235,5x3x2xpool_Dep,0,#N/A
1692,47.49723232,-182.1155207,-173.6159175,51.53465316,-131.5708057,-372.1283626,33.95695441,5x3x2xpool_Dep,89.36170213,ON_0R
1911,49.60934961,-41.34490083,-50.32735797,60.3960439,-61.38124473,-179.0527536,37.77688966,5x3x2xpool_Dep,93.63738739,ON_0R
1790,47.9885977,-15.31821937,-29.60296512,56.95222163,-10.91544413,-102.154076,35.71261585,5x3x2xpool_Dep,42.37288136,ON_05R
1602,41.52703405,-32.91950858,-27.8633389,47.81181073,-16.31628256,-15.31815983,14.67114486,5x3x2xpool_Dep,72.34972678,ON_05R
1671,26.13162023,36.34458101,34.64177937,46.65848058,26.9710248,-37.61381471,14.37486411,5x3x2xpool_Dep,26.67353244,#N/A
1952,26.67557104,49.17526155,41.42645098,44.08932887,44.34480506,-4.928102946,14.86400685,5x3x2xpool_Dep,80.89668616,ON_0R
1681,38.72700891,55.16731082,58.11967493,54.02357057,55.52661721,33.27449245,32.86404349,5x3x2xpool_Dep,21.23197903,#N/A
1689,27.39672345,1.372551932,-6.731349896,43.37639744,-3.191391017,-91.43919565,14.96112176,5x3x2xpool_Dep,12.7340824,#N/A
1648,-507.497108,13.10842388,19.22467274,-445.5196687,-9.897063536,47.62422495,-318.9155808,5x3x2xpool_Dep,97.5308642,ON_05R
2076,20.83388225,15.13443044,14.74541991,47.1353647,12.50646723,-91.7983389,26.19851655,5x3x2xpool_Dep,68.9227836,ON_0R
1979,24.47757635,68.81983713,65.13872072,51.36142744,62.37949656,38.97082346,22.7499712,5x3x2xpool_Dep,39.56989247,ON_05R
1880,11.19532271,20.78690573,18.61324252,21.77273607,31.64941651,-21.34500406,-27.13020402,5x3x2xpool_Dep,43.53741497,WOR_02R
1776,50.01184232,15.31167061,4.876556393,54.76273463,20.48637719,-40.64167458,42.12553057,5x3x2xpool_Dep,73.01324503,ON_0R
1354,60.77852244,-194.481141,-153.1296118,65.54777803,-192.0429728,-224.800634,44.58827395,5x3x2xpool_Dep,83.41677096,ON_0R
1765,55.53123029,-13.63109227,-14.8204832,67.80877027,-23.75048544,-112.355535,44.48994574,5x3x2xpool_Dep,85.16984258,ON_0R
1747,54.55133855,-14.17857985,-20.29534185,58.95467689,-2.604920585,-29.69802936,35.79056848,5x3x2xpool_Dep,94.2408377,ON_0R
1517,-589.2228907,36.17390611,35.34624231,-2060.582007,39.50683091,81.55340309,-1127.096094,5x3x2xpool_Dep,96.62337662,ON_01R
1634,58.3854931,-26.02429969,-23.25977354,59.78419731,6.000724671,-82.90051581,46.50252562,5x3x2xpool_Dep,74.1697417,ON_0R
1933,43.03561284,-42.24979776,-38.44257051,50.93064436,-17.82909814,-125.4902209,31.27191343,5x3x2xpool_Dep,29.16666667,#N/A
1655,-545.5429001,14.22143907,10.31826186,-2276.58204,36.19417674,47.41479418,-364.7174826,5x3x2xpool_Dep,91.04683196,ON_01R
1843,26.04844715,4.94167109,-1.544649376,44.17792901,9.168056578,-83.14545966,7.290088926,5x3x2xpool_Dep,0,#N/A
1968,8.198831267,52.69347765,50.77307097,33.25402105,51.84077152,5.620047491,-4.193605834,5x3x2xpool_Dep,10.57827927,#N/A
1480,42.86551362,-52.86134415,-49.79298962,46.22861667,-31.68778896,44.52972477,10.69340177,5x3x2xpool_Dep,0,ON_0R
2028,-573.3765205,52.46396056,51.47159685,-729.3681643,51.39647697,90.55351334,-414.4442054,5x3x2xpool_Dep,96.90721649,ON_0R
1998,37.7634351,55.00958064,49.23625752,50.05355847,49.28927946,18.74165843,19.71101997,5x3x2xpool_Dep,55.963991,ON_01R
1946,39.08410491,-8.228615861,-8.331964102,53.91208185,-10.74520922,-98.99775466,25.65835183,5x3x2xpool_Dep,43.45549738,ON_01R
1885,44.88283329,31.00609263,40.82840273,56.69260424,37.63027509,-8.318666405,51.3026432,5x3x2xpool_Dep,50.46554935,ON_0R
1976,41.59694929,24.65998293,18.69791145,49.98229286,28.69964493,-47.87923426,20.40757789,5x3x2xpool_Dep,0,ON_0R
1705,66.38912751,0.002617415,-2.030096278,66.29476323,16.22585026,-39.49949999,-26.68360787,5x3x2xWOR_Dep,74.2280285,ON_0R
1591,-370.9629087,61.49235626,64.41876487,-245.8510647,53.4413704,-39.75318109,-191.4979293,5x3x2xpool_Dep,52.24489796,ON_0R
2069,30.59845199,-0.6341099,-6.164557597,46.49219356,-10.16874486,-103.1489259,19.52920853,5x3x2xpool_Dep,46.39053254,ON_05R
2064,30.24708984,28.81911469,20.16017923,47.4362901,24.09965295,-45.58068844,15.29828553,5x3x2xpool_Dep,85.96059113,ON_0R
1993,39.78166029,44.53283437,45.26627253,51.67179565,50.7582846,4.79407434,28.68986094,5x3x2xpool_Dep,42.97297297,ON_05R
1584,41.80183967,-12.64636844,-19.11642966,53.61220252,-23.55191985,-93.92424302,20.77957132,5x3x2xpool_Dep,84.49920509,ON_0R
1845,27.85709084,43.56986795,44.30278999,50.54058986,31.86804885,-26.16594218,21.57804163,5x3x2xpool_Dep,59.48717949,ON_0R
1861,-20.88289068,67.65151666,64.99786707,28.87075935,55.46496494,3.169229395,-37.38212569,5x3x2xpool_Dep,52.24274406,ON_0R
1971,30.13888078,31.71925162,29.46471567,44.48938055,29.52923726,-46.7278248,23.45415201,5x3x2xpool_Dep,84.05797101,ON_0R
1780,-569.8848439,14.47119009,15.31977975,-511.2789685,13.97529547,-61.30934157,-288.1725002,5x3x2xpool_Dep,70.61469265,ON_05R
1963,50.51266688,25.8474668,41.41289229,53.92493191,46.59616775,-6.162930769,33.96895133,5x3x2xpool_Dep,69.74267968,ON_0R
1850,39.1718197,-30.23767442,-24.11856376,53.25556046,-36.89584012,-135.3693527,24.3394234,5x3x2xpool_Dep,37.73747841,ON_05R
1957,33.48256532,-4.131308285,14.99482003,47.05424661,6.998439854,-70.53004495,27.3828065,5x3x2xpool_Dep,83.75286041,ON_0R
1789,47.50609613,21.63055004,14.41431484,51.29556485,31.03640117,-13.2857327,42.09339312,5x3x2xpool_Dep,70.08547009,ON_01R
1700,48.23010718,-15.90454345,-8.68210639,58.83119721,-18.69550388,-99.38484209,39.49996118,5x3x2xpool_Dep,61.35902637,ON_0R
2055,49.09872955,5.273041951,9.947333169,63.34284683,5.254879422,-58.44835379,39.1522598,5x3x2xpool_Dep,85.81560284,ON_0R
1698,42.32347512,-20.29023871,-37.45965209,48.45440308,-5.142446543,-104.544018,20.72408706,5x3x2xpool_Dep,0,#N/A
1340,-523.8070448,-27.55260927,-18.72830502,-645.3707587,-29.40301416,96.9968336,-266.759453,5x3x2xpool_Dep,98.85057471,ON_0R
1628,21.17252059,35.4096635,21.2337623,34.4908475,31.00108558,52.34110509,-5.53026408,5x3x2xpool_Dep,0,ON_0R
1795,17.96672337,17.12461723,20.46372616,42.74792034,11.70040937,-83.00674134,-2.308465421,5x3x2xpool_Dep,45.32803181,ON_0R
1961,40.83510534,39.52254107,43.03985413,57.90668923,40.12960833,-26.82202648,40.08304466,5x3x2xpool_Dep,93.68836292,ON_0R
1475,-289.4479436,9.25162247,8.107595162,-430.1741078,18.36402009,35.85136387,-210.7120534,5x3x2xpool_Dep,86.25792812,ON_01R
1666,-368.2037866,-53.80983871,-37.44630163,-284.7029646,-66.36549424,-81.42521186,-194.8626511,5x3x2xpool_Dep,85.04347826,ON_0R
1833,27.33374886,-81.11117195,-63.22690418,48.35036288,-108.6304921,-259.5220675,10.77862883,5x3x2xpool_Dep,0,#N/A
1693,41.36341882,55.63273267,57.26709631,53.66951386,53.55547617,92.69062425,24.71350281,5x3x2xpool_Dep,98.55537721,ON_0R
2077,18.31444823,38.73990754,41.71733542,41.57809499,35.8741148,-25.9437576,-10.71543705,5x3x2xpool_Dep,77.18579235,ON_0R
1932,32.014258,-14.46467279,-7.564313138,51.9255281,-15.93076745,-136.9331344,14.34016456,5x3x2xpool_Dep,53.19327731,ON_05R
1611,22.35611637,27.97991528,28.46407696,50.57304935,25.18391207,-43.77130505,12.82406128,5x3x2xpool_Dep,54.47409733,ON_0R
1841,21.12489069,4.280264787,4.263845001,49.5322239,-2.67565008,-113.8248918,18.01705855,5x3x2xpool_Dep,38.01169591,ON_05R
1878,-0.516979809,16.30701171,10.65492238,28.53547,9.368993487,-83.49232606,-12.06415237,5x3x2xpool_Dep,34.75479744,ON_0R
1701,33.10446124,-1.618110521,-14.86457578,47.35871674,0.457460319,-99.85911582,18.66958412,5x3x2xpool_Dep,15.43340381,#N/A
1801,5.407024704,41.98000724,42.33679653,36.07331552,39.92665003,4.134449644,-3.760062352,5x3x2xpool_Dep,0,#N/A
1864,20.38424579,20.80359967,21.79561302,36.79390364,23.75163185,-58.64096135,5.338301324,5x3x2xpool_Dep,64.14048059,ON_0R
1471,-25.33322119,-46.29014829,-31.63958603,18.37025668,-45.69643286,-274.2121422,-35.71144262,5x3x2xpool_Dep,5.904761905,#N/A
1636,-73.07232073,50.72867407,51.05854571,-8.105600636,50.63466218,33.8672976,-117.3934279,5x3x2xpool_Dep,82.35294118,ON_05R
1906,37.5405195,0.343788132,-8.144475391,45.75675271,17.71771868,-81.12268906,24.02946476,5x3x2xpool_Dep,20.13513514,#N/A
1752,15.71523355,4.599125143,-1.836506088,36.48551721,12.11538762,-90.34409356,13.4290448,5x3x2xpool_Dep,66.71105193,ON_0R
1703,44.6681951,6.179487618,15.48468552,57.33980593,15.08820733,-58.83234407,28.34211197,5x3x2xpool_Dep,39.93660856,ON_0R
2048,-34.49141471,41.6213777,37.27860229,3.803307615,45.25705963,-45.93489936,-53.99119914,5x3x2xpool_Dep,0,#N/A
1908,15.71127038,37.04041314,38.81045221,40.19078601,37.84215335,-28.57856425,13.38145219,5x3x2xpool_Dep,47.03770197,ON_0R
2040,16.26537948,-80.53438478,-89.77245607,25.02781181,-62.38434708,-186.3372547,-9.080368011,5x3x2xpool_Dep,59.26395939,ON_0R
2052,12.08908918,-84.22755807,-42.83041668,27.4681362,-50.58111155,-265.1871558,5.965199991,5x3x2xpool_Dep,75.2173913,ON_0R
2061,29.21187941,16.08001865,16.82210473,45.09270124,23.43952286,-32.70577742,23.9362951,5x3x2xpool_Dep,80.19169329,ON_0R
2080,46.42895045,-6.843389603,-7.446334408,55.63343351,9.382807084,-80.16872891,30.34925181,5x3x2xpool_Dep,0,ON_0R
1903,13.71586713,32.99204701,26.74208635,33.3289453,23.93328156,-64.4578524,-6.174607974,5x3x2xpool_Dep,15.14143095,#N/A
1759,45.11670375,18.36765086,7.185808993,57.65940015,22.24559047,-54.03966608,42.70759534,5x3x2xpool_Dep,75.62028047,ON_0R
1901,-32.38697227,53.59074441,59.91263252,11.24295049,60.7447703,1.28091276,-32.26703103,5x3x2xpool_Dep,28.28685259,#N/A
1565,-44.01698661,36.10275971,37.20205563,20.66365614,34.14466546,-89.42377768,-46.30527823,5x3x2xpool_Dep,12.109375,#N/A
1931,4.966031813,1.258318594,-4.571678697,31.28410577,-20.54296833,-105.5917668,-1.060741244,5x3x2xpool_Dep,24.72677596,#N/A
1743,-742.596608,31.14295153,36.47969327,-683.5239424,26.26329552,85.15947815,-519.5635857,5x3x2xpool_Dep,98.47182426,ON_0R
2009,26.31705082,34.94198668,17.36380382,47.42028549,18.6075721,25.34714508,17.18485309,5x3x2xpool_Dep,96.57142857,ON_0R
1934,11.66849825,29.92936332,17.433539,23.77591963,38.21107253,-13.39404809,-6.522384326,5x3x2xpool_Dep,56.96721311,ON_05R
1411,-432.3973933,-42.89429104,-37.6083253,-249.9319837,-49.54850707,-241.9562068,-237.3316169,5x3x2xpool_Dep,77.46781116,ON_0R
2078,27.60393226,-12.25161078,-3.27118391,53.58782968,-35.46545347,-134.2259196,25.27307541,5x3x2xpool_Dep,0,#N/A
1673,-18.1558464,8.493474607,20.57772852,25.3562229,-3.373187626,-141.1166343,-32.59472594,5x3x2xpool_Dep,48.45360825,ON_01R
1782,27.11314222,8.160053038,2.377418302,42.73882956,15.03306906,31.88000936,7.167512893,5x3x2xpool_Dep,97.19008264,ON_0R
1965,23.17903824,18.29996234,14.13875382,31.95981206,25.41310797,-29.56330161,5.912008589,5x3x2xpool_Dep,98.01980198,ON_0R
1618,-5.878976038,-31.1499939,-14.98438238,37.60313657,-54.48965759,-231.2532503,-10.38043093,5x3x2xpool_Dep,0,#N/A
1844,-4.869742982,78.19299161,77.0489093,21.90459829,80.53328974,54.31091795,-28.08545895,5x3x2xpool_Dep,16.563147,#N/A
1757,53.43115062,13.66717705,6.811110554,59.68667538,23.91471058,-45.4042748,37.8630901,5x3x2xpool_Dep,69.88352745,ON_0R
2002,-19.57522262,67.15939977,73.12507751,28.97926015,59.82871376,16.75179432,-25.24470902,5x3x2xpool_Dep,18.66197183,#N/A
1366,-801.7863645,-42.89403375,-43.08111714,-830.885057,-46.4697727,45.24552872,-580.0496433,5x3x2xpool_Dep,95.41832669,ON_01R
1578,-13.00707449,37.70269387,43.88444813,29.90520682,37.42518253,-94.2197238,-14.6037632,5x3x2xpool_Dep,65.17412935,ON_0R
1519,43.26954092,15.67491712,-3.131284523,48.20435985,19.97901961,-35.10953894,21.93894728,5x3x2xpool_Dep,26.29272568,#N/A
2029,-504.1744874,51.45730679,53.24469989,-531.6482295,52.2539717,26.95621814,-312.7453636,5x3x2xpool_Dep,74.00722022,ON_0R
1910,8.343108958,6.15185364,5.999515205,23.08642014,22.98872329,-61.69308672,-12.92974579,5x3x2xpool_Dep,10.6741573,#N/A
2033,-0.126986095,20.12807427,20.52668593,40.50699416,10.6890456,-99.36900973,-5.093804244,5x3x2xpool_Dep,47.35376045,ON_0R
2018,-483.0648969,70.26835984,71.58905929,-438.3026671,67.09704662,76.2923252,-157.6039669,5x3x2xpool_Dep,88.42592593,ON_0R
1983,-1017.656394,65.14537027,65.14812378,-776.5571258,58.71489547,14.44226979,-694.3237856,5x3x2xpool_Dep,87.30964467,ON_0R
2036,-21.65707656,11.74616441,14.64033267,25.44921968,-3.235929107,-124.7918148,-28.84508986,5x3x2xpool_Dep,44.58438287,ON_0R
1788,-34.30355488,40.47307088,44.60254126,16.22914338,39.22695516,41.10102579,-37.30567172,5x3x2xpool_Dep,92.73356401,ON_01R
1755,9.060830617,45.38947013,40.68265988,30.06265371,39.7255171,-43.60093419,-0.755799449,5x3x2xpool_Dep,20.1754386,#N/A
1781,-580.9611612,17.35643933,18.1739626,-709.9025855,30.28582061,-45.26113778,-444.9480336,5x3x2xpool_Dep,80.03355705,ON_0R
1706,46.45167778,-43.62781339,-47.15736985,47.40913943,-5.492118609,-94.59373314,21.65928385,5x3x2xpool_Dep,59.72540046,ON_0R
1964,-13.62029791,42.45375068,38.23153013,24.2903383,33.89875308,-36.3712045,-25.67156548,5x3x2xpool_Dep,4.38247012,#N/A
2001,0.03711781,70.69031358,65.6841834,22.76213461,73.80942107,33.92490449,-4.16920553,5x3x2xpool_Dep,1.736111111,#N/A
1613,19.03832682,37.58796587,38.75677222,39.56852198,27.11913802,-6.134376995,31.65618262,5x3x2xpool_Dep,31.15384615,ON_05R
1562,-698.2319494,17.58665298,18.81562683,-676.6641572,11.66759191,-102.3068508,-337.8795535,5x3x2xpool_Dep,0,#N/A
2037,-8.746887155,27.67168149,20.3218578,16.47583056,31.19853875,-33.76092468,-17.2402668,5x3x2xpool_Dep,20.58823529,#N/A
1760,15.44604002,41.21014766,52.27920889,43.08341571,43.86724758,-42.47334458,3.781830942,5x3x2xpool_Dep,60.48192771,ON_0R
1751,5.407024704,12.764615,11.69186646,27.12858036,20.26963001,-84.41745104,-7.109567309,5x3x2xpool_Dep,48.10606061,ON_0R
1794,46.23747948,6.233112472,-17.52703457,59.62281499,-11.76464724,-148.7454467,31.36663322,5x3x2xpool_Dep,37.97468354,ON_05R
1779,4.239210195,28.54404127,31.98563302,18.11355937,45.13239478,79.90959934,-19.20362055,5x3x2xpool_Dep,89.25831202,ON_01R
2043,-19.34627724,45.3656747,50.78857709,30.54958424,39.24026799,-29.81830247,-12.65037039,5x3x2xpool_Dep,49.79919679,ON_0R
1650,-14.04199825,34.25818566,36.50243859,34.56737688,36.34694742,30.82322859,-22.08705063,5x3x2xpool_Dep,73.3201581,ON_05R
1955,-60.3321185,39.92424522,46.84550041,14.63724822,26.77018724,-70.32296237,-44.0762961,5x3x2xpool_Dep,46.80851064,ON_0R
1699,13.81528918,18.87331001,28.58244859,52.62284507,0.689450365,-85.46002785,16.4572945,5x3x2xpool_Dep,41.06813996,ON_0R
1420,36.33742615,25.81211037,42.31058002,61.98129542,6.35656687,-77.04279231,48.91273405,5x3x2xpool_Dep,63.24110672,ON_0R
2038,5.710207318,55.62571661,51.93578872,39.76622396,50.62208053,-1.686315514,4.124689803,5x3x2xpool_Dep,30.33472803,ON_05R
1708,38.1684942,-26.57752313,-28.45383287,50.26896655,-18.77429541,-157.1571285,29.19612782,5x3x2xpool_Dep,84.74576271,ON_0R
1940,-18.35771293,20.87923232,28.666334,23.35751863,19.15643552,-76.28797887,-21.24158451,5x3x2xpool_Dep,0,#N/A
1577,31.63081984,1.428213618,-13.75928242,38.17979111,11.01616296,-79.16685182,-4.971388631,5x3x2xpool_Dep,19.77186312,#N/A
1792,-0.524548004,45.64885519,39.51038043,47.70618396,33.66389723,-69.69380281,16.27282097,5x3x2xpool_Dep,79.67145791,ON_0R
1913,-553.6678699,52.1257232,54.69203079,-655.8908237,54.16350159,-0.101788469,-199.2014435,5x3x2xpool_Dep,0,#N/A
1686,-8.106257481,2.481196668,5.294474017,7.042178372,17.7695537,-47.07076225,-12.04854129,5x3x2xpool_Dep,60.6185567,WR_0R
1664,-181.2049674,-12.55841073,12.28264776,-16.5628415,-47.06935134,-317.5346925,-144.0597537,5x3x2xpool_Dep,24.18032787,#N/A
1589,-617.4113281,61.43392416,66.13509354,-463.0748031,54.72056328,-18.2652911,-223.346146,5x3x2xpool_Dep,0,#N/A
1791,24.52166738,47.26683747,47.5458232,48.66186883,43.18570513,-18.483553,13.02241158,5x3x2xpool_Dep,15.03416856,#N/A
1437,-62.06603021,-21.5524697,-0.456785683,-4.797672717,-15.6771821,-90.13490118,-68.7234422,5x3x2xpool_Dep,0,#N/A
1459,-20.86880177,27.72135753,35.68581873,6.171786784,32.62179718,0.497724715,-17.01237753,5x3x2xpool_Dep,83.65122616,ON_0R
1897,-29.7368932,51.98502333,53.84305479,4.67906521,61.55184743,-1.683495438,-38.70568348,5x3x2xpool_Dep,0,#N/A
2067,-36.24086281,17.75024448,27.96226719,0.8166909,35.02962431,-64.20021946,-45.78914021,5x3x2xpool_Dep,9.392265193,#N/A
2000,-1567.358845,46.99670359,50.31734269,-599.3102029,41.68686141,68.92003591,-923.4281937,5x3x2xpool_Dep,92.96296296,ON_0R
1909,-42.25610238,22.70407719,20.02999648,25.96894467,-2.464017525,-117.2605643,-22.54654015,5x3x2xpool_Dep,34.73684211,ON_0R
1862,-335.5333482,38.70085665,38.05719067,-383.4173205,39.63363921,-43.67173895,-138.4072411,5x3x2xpool_Dep,0,#N/A
2020,-15.23826752,31.19010454,16.63603903,14.70162435,21.63854562,-78.54052064,-22.45918162,5x3x2xpool_Dep,64.54545455,ON_0R
1749,47.82371601,-19.25109357,-2.651198137,56.86339288,15.44393227,-109.5757954,39.89733417,5x3x2xpool_Dep,70.50359712,ON_0R
1969,-17.52460567,58.63076073,55.80792399,16.78423404,59.96263665,-2.90393081,-20.47852559,5x3x2xpool_Dep,96.55172414,ON_0R
1431,-167.4697922,12.99923621,12.90478353,-30.45357093,-9.42951735,-234.2486053,-176.8038637,5x3x2xpool_Dep,34.52380952,ON_0R
1596,-21.23888383,2.00463419,-7.020096156,16.09523161,10.18029307,-183.4472473,-43.99244306,5x3x2xpool_Dep,70.58823529,ON_0R
1750,-9.79136701,20.35411298,5.943466328,26.95022563,11.35414098,-80.94322146,-6.23902873,5x3x2xpool_Dep,0,#N/A
1958,60.70753334,-4.69992654,-6.251935833,62.52120602,15.1515507,-39.92373168,40.77575775,5x3x2xpool_Dep,96.92307692,ON_0R
2054,-71.5285952,45.80519043,53.70392626,12.54528141,39.38655948,-76.97611371,-24.19614866,5x3x2xpool_Dep,68.58638743,ON_0R
1904,-689.3085971,44.46172855,48.458857,-582.6107387,33.60085333,-49.59742984,-294.165106,5x3x2xpool_Dep,37.03703704,ON_0R
1985,-965.2784656,28.82463231,39.00212503,-1058.253249,17.15619361,-66.02899619,-576.9745723,5x3x2xpool_Dep,77.3480663,ON_0R
1443,-63.21925149,71.96464777,73.16012916,-12.85190137,72.70972403,27.28254979,-66.51973885,5x3x2xpool_Dep,69.64285714,ON_0R
1528,13.43309534,4.011409912,7.756357903,53.84582437,-1.639551708,-181.0063783,26.56547012,5x3x2xpool_Dep,42.46575342,ON_05R
1707,-38.27352352,17.09629628,16.13444153,2.337272649,2.225238938,-149.2446015,-22.74177443,5x3x2xpool_Dep,0.37037037,#N/A
1947,-67.2010389,26.10404996,17.71328408,-2.921489593,20.81118869,-101.3146134,-49.3744236,5x3x2xpool_Dep,0,#N/A
1960,-29.72750898,45.7464017,51.24294392,1.346335818,48.76935639,-33.15250527,-46.65050462,5x3x2xpool_Dep,91.11111111,ON_01R
2003,-18.82205318,29.79415286,22.18553097,24.1472971,30.83155507,-45.3814448,17.62771484,5x3x2xpool_Dep,0,#N/A
1610,-5.103305884,41.9200953,53.19322616,44.49919024,44.82532532,-33.84817753,1.832312484,5x3x2xpool_Dep,36.96969697,ON_05R
1941,37.65462992,25.56130615,36.21991329,48.35571074,16.77793463,-43.63731501,12.50964213,5x3x2xpool_Dep,55.90219224,ON_0R
1977,-1416.526736,64.3097044,70.32782171,-1034.571165,57.00305486,-15.10576686,-572.1360773,5x3x2xpool_Dep,54.62962963,ON_0R
1787,-2123.518827,56.78128605,58.76334644,-1536.212397,45.62353918,74.87613782,-1123.200551,5x3x2xpool_Dep,93.24324324,WOR_02R
1682,47.72493471,-5.243822263,-18.63468024,64.9827721,-29.99911893,-20.66603721,-127.9707378,5x3x2xWOR_Dep,99,ON_0R
1531,19.05476741,-24.61062082,6.50935083,43.16836583,-41.67937511,17.04608758,35.95029343,5x3x2xpool_Dep,65.71428571,ON_0R
1778,-79.33251566,65.26389051,59.55635901,-4.917002051,51.96911428,93.72787491,-67.63009141,5x3x2xpool_Dep,94.83568075,ON_0R
1355,16.62992008,-108.5578607,-122.1289205,23.66518247,-69.25925346,-72.99661371,5.873113181,5x3x2xpool_Dep,88.63636364,ON_0R
1555,8.273478501,-73.46874193,-31.64405142,19.60240375,-34.59968411,-89.29621958,33.44995729,5x3x2xpool_Dep,95.77669903,ON_0R
1989,48.28917351,60.5111807,64.09393824,86.8981695,68.67076318,-24.56048411,49.89654115,5x3x2xWOR_Dep,92.45283019,ON_0R
2023,8.910468234,8.669448695,32.05468314,40.85979288,-5.761995064,-63.19587,46.70896963,5x3x2xpool_Dep,48.61111111,ON_05R
1660,24.92621008,29.07055886,41.11405872,48.33355532,-16.19684599,-67.39473458,-123.3182737,5x3x2xWOR_Dep,43.24324324,ON_01R
1638,33.78491729,4.546300738,62.25260174,49.84455512,40.08169285,76.38352902,-95.4034895,5x3x2xWOR_Dep,85.24590164,ON_0R
1797,68.46900823,-131.2916559,-95.02822433,67.01796141,-72.85096176,-261.350103,-218.4353162,5x3x2xWOR_Dep,61.56955204,ON_01R
2071,-314.6803159,58.43145355,69.73250094,-45.16232656,49.81201623,-82.97718758,-232.7502135,5x3x2xpool_Dep,51,#N/A
1433,-63.96115718,-35.41434555,15.79426543,22.20788141,-50.75722981,-141.3667785,-0.972478588,5x3x2xpool_Dep,16.66666667,#N/A
1377,49.98532341,-50.84238428,16.29924734,64.70412042,-23.16865675,-154.5855572,-88.16632323,5x3x2xWOR_Dep,86.51838402,ON_0R
1467,95.65089769,-131.2916559,-239.7265843,92.94082408,-28.89743148,74.28428715,-160.537986,5x3x2xWOR_Dep,99.50331126,ON_0R
1928,-2249.642794,8.494951243,36.1746278,-1593.836188,-9.113413104,-220.2953044,-456.2835626,5x3x2xpool_Dep,21.42857143,#N/A
2042,-184.9467404,-34.6041604,-16.0268389,-254.8412427,0.542105336,34.88649631,-49.58885717,5x3x2xpool_Dep,96.914446,ON_0R
1488,86.29087315,-717.2305175,-149.1328285,67.95747976,-258.0484208,-139.2989946,-216.3675544,5x3x2xWOR_Dep,98,#N/A
1376,53.38896869,-45.12417625,33.38694425,89.31915992,-449.0075785,-650.0416248,45.12365294,5x3x2xpool_Dep,74.58382878,ON_0R
1422,-64.50952225,40.89213238,64.13997166,41.25537955,11.03039241,-124.0384074,-48.16613706,5x3x2xpool_Dep,24.48979592,#N/A
1421,36.93801647,-141.804913,-69.86329215,14.39144844,-103.9319266,86.0240691,13.94391029,5x3x2xpool_Dep,99.14244879,ON_0R
1935,84.23450412,-38.77499354,-103.8359506,87.71703391,-19.3494736,-178.5868892,47.8924028,5x3x2xWOR_Dep,67.2655218,ON_0R
1487,83.40474118,-270.0666494,-194.4297064,67.67640502,-114.8290525,-170.0149849,-160.537986,5x3x2xWOR_Dep,98,#N/A
1378,36.93801647,-28.49536439,5.631504358,65.88064974,-110.0550735,-170.0149849,-212.6455832,5x3x2xWOR_Dep,89.94148788,ON_0R
1654,50.95179059,100,91.9112718,70.42989644,100,100,50.95179059,10x5x3xpool_Dep,34.35334873,ON_05R
1398,-70.63830838,48.04317875,63.07319736,78.32417748,-83.00252618,-192.8733963,-33.64004519,5x3x2xpool_Dep,25,#N/A
1511,52.70351235,22.90278137,33.94205305,84.64629238,-126.7639998,-82.15296601,-95.4034895,5x3x2xWOR_Dep,71.77177177,ON_0R
1510,80.29313015,-208.3888745,54.70312209,74.4104873,-21.73646307,-54.29427709,-247.3839813,5x3x2xWOR_Dep,79.0201005,ON_0R
1484,74.77520659,-208.3888745,-126.4843895,78.16361583,-186.4387366,-116.9763272,-193.1052343,5x3x2xWOR_Dep,92.88629738,ON_0R
1867,78.97933882,100,100,75.43406781,100,100,-14.36930118,5x3x2xWR_Dep,71.49446494,ON_0R
1641,78.97933882,-85.03332472,-58.53907268,80.89316385,-22.75945856,-74.49948005,41.09938749,5x3x2xpool_Dep,63.47992352,ON_01R
1670,41.1421487,-48.68749308,67.64508721,78.16361583,-70.07299988,-141.084808,41.09938749,5x3x2xpool_Dep,88.73239437,ON_01R
1405,74.77520659,-41.34490083,5.631504358,86.3522599,-129.1509893,35.71071788,49.51376071,5x3x2xpool_Dep,92.24629418,ON_0R
1645,54.95572605,-23.35554981,54.70312209,64.90581116,28.39031584,73.21279912,13.15400466,5x3x2xWOR_Dep,85.49804688,ON_01R
1831,77.47786302,7.483337639,54.70312209,88.30193705,64.19515792,-60.72320531,-30.268993,5x3x2xWOR_Dep,69.75222066,ON_0R
1761,-17.11511227,5.111115527,34.66796456,59.05677969,-2.299548797,-258.1831433,-17.20019836,5x3x2xpool_Dep,82.22222222,ON_0R
1887,59.46015344,31.46913899,74.83506783,82.45290558,-79.0242104,-82.15296601,-8.184798487,5x3x2xpool_Dep,17.38970588,#N/A
2022,17.53432923,54.64869492,40.04824983,52.75782272,4.520421123,65.71238287,41.74664697,5x3x2xpool_Dep,89.47368421,ON_02R
1982,75.74539095,69.16111255,100,87.40208606,10.4878948,19.63839735,-30.268993,5x3x2xWOR_Dep,86.16144975,ON_0R
1588,90.29815638,-246.9374839,-13.24219477,81.10312909,16.45536848,-50.00832495,-160.537986,5x3x2xWOR_Dep,79.69151671,ON_0R
1530,41.78893828,-99.16781481,-13.24219477,40.15990877,-54.52616055,-72.5659678,32.0377548,5x3x2xpool_Dep,88.05227131,ON_01R
1338,70.89446914,-156.9907288,-88.73699128,93.70104303,-329.6581049,100,-95.4034895,5x3x2xWOR_Dep,98,#N/A
1483,36.93801647,-54.19443727,5.631504358,62.46871471,-114.8290525,-151.3126483,-421.075972,5x3x2xWOR_Dep,51.8723143,ON_0R
1676,57.95867765,-6.008675622,-27.39746912,93.17612995,-437.0726312,35.71071788,-681.613958,5x3x2xWOR_Dep,99.42528736,ON_0R
1365,0.15185941,-25.79019882,-60.92311888,41.99710456,-241.1990833,39.49244036,47.4101674,5x3x2xpool_Dep,98.79258301,ON_0R
1856,63.21384294,11.88889299,51.46763081,65.88064974,64.19515792,16.42393324,13.15400466,5x3x2xWOR_Dep,39.82125124,ON_05R
1461,-5.103305884,15.1930595,49.04101235,52.23290964,-22.75945856,17.34235156,-681.613958,5x3x2xWOR_Dep,99,#N/A
1595,42.19318176,-75.22095144,38.23153013,65.88064974,-86.18517881,-67.15213352,15.85626784,5x3x2xpool_Dep,81.41674333,ON_01R
2051,68.46900823,48.60185424,62.25260174,86.3522599,28.39031584,-44.65088478,48.60185424,10x5x3xWOR_Dep,69.99306999,ON_0R
1860,63.21384294,77.97222325,100,76.11645482,48.8502256,63.26326736,36.89220088,5x3x2xpool_Dep,42.31974922,ON_05R
1523,84.23450412,-2.796291512,100,89.76419492,-19.3494736,-157.1571285,-300.2925541,5x3x2xWR_Dep,57.31707317,ON_0R
2063,82.80127722,-105.592583,24.50520349,85.11155625,-25.31694728,-12.50624371,-95.4034895,5x3x2xWOR_Dep,72.5846926,ON_0R
1875,42.67092406,46.03194696,77.35156105,73.94522344,7.930406083,8.158168396,-73.69199067,5x3x2xWOR_Dep,46.70999188,ON_05R
2060,88.53418481,-208.3888745,-352.9687791,81.38944531,-14.57549465,-41.43642067,54.10341882,5x3x2xpool_Dep,63.11188811,ON_0R
1865,82.80127722,-131.2916559,-88.73699128,81.38944531,-100.5071156,-118.5835592,-551.344965,5x3x2xWOR_Dep,76.74418605,ON_0R
1939,65.60255444,22.90278137,81.12630087,77.66733437,16.45536848,-50.00832495,54.10341882,5x3x2xpool_Dep,50.87585682,ON_01R
1606,77.06836963,3.628476707,15.06835392,81.38944531,-57.54130515,-67.15213352,13.15400466,5x3x2xWOR_Dep,57.79310345,ON_01R
1423,48.40383166,22.90278137,87.41753391,66.50100156,52.26021056,-0.005549969,-30.268993,5x3x2xWOR_Dep,91.85051778,ON_0R
1669,36.93801647,43.92929554,17.64204017,88.83366719,-329.6581049,-435.7440177,-681.613958,5x3x2xWOR_Dep,51.03857567,ON_01R
1617,82.80127722,-465.3796033,-541.7057704,-0.496995313,-48.52378936,38.0918024,-109.6770522,5x3x2xWR_Dep,97.67047861,ON_0R
1385,59.86964684,0.875004613,35.29017442,88.83366719,-353.5279997,-350.0249749,42.62927353,5x3x2xpool_Dep,73.18596828,ON_0R
1446,77.06836963,-112.0173512,-126.4843895,96.40700909,-790.197149,-1098.793215,-95.4034895,5x3x2xWOR_Dep,55.30624621,ON_01R
1464,77.06836963,-15.64582795,-41.55274346,77.66733437,-150.6338946,-50.00832495,54.10341882,5x3x2xpool_Dep,95.89322382,ON_0R
1846,59.86964684,-21.15277214,19.11271802,44.16833594,-38.44538937,22.85286145,-21.15277214,10x5x3xWOR_Dep,89.85239852,ON_0R