,sgRNA,EG_Locus tag,Gene,old_locus_tag,Product,baseMean,log2FoldChange,lfcSE,stat,pvalue,padj
sgRNA2081,2081,WQ49_RS35020,WQ49_RS35020,BCAL2950,rpsA,336.6333013,-3.046062205,0.192625742,-15.81337037,2.51636903939418e-56,3.74647467789428e-15
sgRNA1979,1979,WQ49_RS25130,WQ49_RS25130,BCAL0798,pth,67.12558078,-3.704441811,0.433265597,-8.550048374,1.23036935234623e-17,1.53246874499105e-53
sgRNA2048,2048,WQ49_RS32325,WQ49_RS32325,BCAL1484,rplT,82.15957736,-2.710202255,0.332577226,-8.149091522,3.66668377239165e-16,7.44336805795506e-14
sgRNA1338,1338,WQ49_RS23255,BCAL0422,BCAL0422,DNA polymerase III subunit beta,5.048891738,0.205590038,1.059992718,0.193954199,0.846211745,0.997116186
sgRNA1339,1339,WQ49_RS23255,BCAL0422,BCAL0422,DNA polymerase III subunit beta,1592.664129,-0.072614772,0.113506314,-0.639742134,0.522340258,0.997116186
sgRNA1340,1340,WQ49_RS23255,BCAL0422,BCAL0422,DNA polymerase III subunit beta,1310.37829,-0.021146535,0.113656594,-0.186056389,0.852400542,0.997116186
sgRNA1341,1341,WQ49_RS23255,BCAL0422,BCAL0422,DNA polymerase III subunit beta,2177.131457,-0.075439899,0.101117604,-0.746060982,0.455630578,0.997116186
sgRNA1342,1342,WQ49_RS23255,BCAL0422,BCAL0422,DNA polymerase III subunit beta,383.1233143,-0.124613479,0.151418595,-0.822973418,0.41052311,0.997116186
sgRNA1343,1343,WQ49_RS23255,BCAL0422,BCAL0422,DNA polymerase III subunit beta,1360.437413,0.079281343,0.113420977,0.699000706,0.48455159,0.997116186
sgRNA1350,1350,WQ49_RS23250,gyrB,BCAL0421,gyrB,522.7408558,-0.090471406,0.14972657,-0.604244162,0.545681324,0.997116186
sgRNA1351,1351,WQ49_RS23250,gyrB,BCAL0421,gyrB,257.1000753,-0.042130904,0.173188943,-0.243265553,0.807799687,0.997116186
sgRNA1352,1352,WQ49_RS23250,gyrB,BCAL0421,gyrB,2299.225989,0.031503593,0.10169566,0.309783065,0.756725931,0.997116186
sgRNA1353,1353,WQ49_RS23250,gyrB,BCAL0421,gyrB,1996.939878,-0.014402008,0.106636637,-0.135056847,0.892566928,0.997116186
sgRNA1354,1354,WQ49_RS23250,gyrB,BCAL0421,gyrB,318.8291543,-0.06127427,0.159871515,-0.383271968,0.701518121,0.997116186
sgRNA1355,1355,WQ49_RS23250,gyrB,BCAL0421,gyrB,82.19901439,0.125000218,0.28740919,0.434920742,0.663619958,0.997116186
sgRNA1362,1362,WQ49_RS12990,F0F1 ATP synthase Operon,BCAL0030,ATP synthase subunit A,2678.40795,-0.004664344,0.110939077,-0.042044198,0.966463464,0.997116186
sgRNA1363,1363,WQ49_RS12995,F0F1 ATP synthase Operon,BCAL0031,F0F1 ATP synthase subunit C,3115.942338,-0.144829742,0.113087741,-1.280684719,0.200304429,0.997116186
sgRNA1364,1364,WQ49_RS13000,F0F1 ATP synthase Operon,BCAL0032,ATP synthase subunit b,5.048891738,0.205590038,1.059992718,0.193954199,0.846211745,0.997116186
sgRNA1365,1365,WQ49_RS13005,F0F1 ATP synthase Operon,BCAL0033,ATP synthase subunit delta,1504.069179,-0.127451474,0.108586035,-1.173737257,0.240500282,0.997116186
sgRNA1366,1366,WQ49_RS13010,F0F1 ATP synthase Operon,BCAL0034,ATP synthase subunit alpha,1066.069699,0.177081113,0.124381344,1.423695125,0.154534746,0.997116186
sgRNA1367,1367,WQ49_RS13015,F0F1 ATP synthase Operon,BCAL0035,ATP synthase subunit gamma,595.26818,0.07854413,0.146331358,0.536755286,0.591436662,0.997116186
sgRNA1374,1374,WQ49_RS01680,pyrB/Holliday junction DNA helicase,BCAL3141,Holliday junction DNA helicase,5.048891738,0.205590038,1.059992718,0.193954199,0.846211745,0.997116186
sgRNA1375,1375,WQ49_RS01680,pyrB/Holliday junction DNA helicase,BCAL3141,Holliday junction DNA helicase,890.7572633,0.045527841,0.123621843,0.368283147,0.712662118,0.997116186
sgRNA1376,1376,WQ49_RS01680,pyrB/Holliday junction DNA helicase,BCAL3141,Holliday junction DNA helicase,1961.561533,-0.06761174,0.104508284,-0.646951008,0.517663651,0.997116186
sgRNA1377,1377,WQ49_RS01680,pyrB/Holliday junction DNA helicase,BCAL3141,Holliday junction DNA helicase,2395.915435,0.008129117,0.102232781,0.07951576,0.936622396,0.997116186
sgRNA1378,1378,WQ49_RS01680,pyrB/Holliday junction DNA helicase,BCAL3141,Holliday junction DNA helicase,2219.564143,-0.098923117,0.113578749,-0.870965017,0.383773255,0.997116186
sgRNA1384,1384,WQ49_RS20605,pyridine nucleotide-disulfide oxidoreductase,BCAM0166,0,20105.35449,0.005967394,0.113344026,0.052648509,0.958011966,0.997116186
sgRNA1385,1385,WQ49_RS20605,pyridine nucleotide-disulfide oxidoreductase,BCAM0166,0,688.3449047,-0.112077329,0.128211055,-0.874162759,0.382029624,0.997116186
sgRNA1388,1388,WQ49_RS20605,pyridine nucleotide-disulfide oxidoreductase,BCAM0905,0,350.3526244,-0.105743754,0.156661411,-0.674982773,0.49968671,0.997116186
sgRNA1389,1389,WQ49_RS20605,pyridine nucleotide-disulfide oxidoreductase,BCAM0905,0,581.1253318,0.052026489,0.138451141,0.375775081,0.707084115,0.997116186
sgRNA1390,1390,WQ49_RS20605,pyridine nucleotide-disulfide oxidoreductase,BCAM0905,0,311.4837275,0.034063795,0.167334603,0.203566952,0.838691921,0.997116186
sgRNA1391,1391,WQ49_RS20605,pyridine nucleotide-disulfide oxidoreductase,BCAM0905,0,361.7644873,-0.036145384,0.153556984,-0.235387433,0.813908039,0.997116186
sgRNA1396,1396,WQ49_RS21425,parA parB operon,BCAM0004,chromosome partitioning protein ParB,579.3885099,0.104610678,0.138620972,0.754652607,0.45045745,0.997116186
sgRNA1397,1397,WQ49_RS21430,parA parB operon,BCAM0003,chromosome partitioning protein ParA,489.3453914,0.008095227,0.139307422,0.058110524,0.953660591,0.997116186
sgRNA1398,1398,WQ49_RS21425,parA parB operon,BCAM0004,chromosome partitioning protein ParB,15.08626525,0.24248155,0.633776309,0.382598003,0.702017851,0.997116186
sgRNA1399,1399,WQ49_RS21430,parA parB operon,BCAM0003,chromosome partitioning protein ParA,2326.30443,-0.051578207,0.129131699,-0.399423285,0.689581339,0.997116186
sgRNA1404,1404,WQ49_RS12400,rpoB,BCAL0226,DNA-directed RNA polymerase subunit beta',681.531584,0.091501574,0.128015085,0.714771815,0.474750054,0.997116186
sgRNA1405,1405,WQ49_RS12395,rpoB,BCAL0227,DNA-directed RNA polymerase subunit beta',519.2633838,-0.028489173,0.140272905,-0.203098191,0.839058286,0.997116186
sgRNA1406,1406,WQ49_RS12400,rpoB,BCAL0226,DNA-directed RNA polymerase subunit beta',202.0882709,-0.005334749,0.192757805,-0.027675916,0.977920632,0.997116186
sgRNA1407,1407,WQ49_RS12400,rpoB,BCAL0226,DNA-directed RNA polymerase subunit beta',374.0670951,0.398528575,0.385234643,1.034508662,0.30089843,0.997116186
sgRNA1408,1408,WQ49_RS12400,rpoB,BCAL0226,DNA-directed RNA polymerase subunit beta',572.6482875,-0.099732193,0.140261838,-0.711042961,0.477057614,0.997116186
sgRNA1410,1410,WQ49_RS35055,gyrA,BCAL2957,DNA gyrase subunit A,778.2194202,-0.048962041,0.126773472,-0.386216774,0.699336132,0.997116186
sgRNA1411,1411,WQ49_RS35055,gyrA,BCAL2957,DNA gyrase subunit A,1289.287021,-0.099143079,0.139820259,-0.709075207,0.478277808,0.997116186
sgRNA1412,1412,WQ49_RS35055,gyrA,BCAL2957,DNA gyrase subunit A,345.0081703,-0.096873378,0.16590437,-0.583910949,0.559280226,0.997116186
sgRNA1413,1413,WQ49_RS35055,gyrA,BCAL2957,DNA gyrase subunit A,3081.775579,0.087992003,0.099516121,0.884198476,0.376589081,0.997116186
sgRNA1414,1414,WQ49_RS27295,parC/DNA topoisomerase IV subunit A/B,BCAL2455,DNA topoisomerase IV subunit B,5.51669366,-0.058377009,1.015420672,-0.057490467,0.9541545,0.997116186
sgRNA1415,1415,WQ49_RS27300,parC/DNA topoisomerase IV subunit A/B,BCAL2454,DNA topoisomerase IV subunit A,183.9616945,0.03922444,0.196521165,0.199593975,0.841798141,0.997116186
sgRNA1416,1416,WQ49_RS27295,parC/DNA topoisomerase IV subunit A/B,BCAL2455,DNA topoisomerase IV subunit B,263.9950098,-0.017630729,0.172564407,-0.102168978,0.918622551,0.997116186
sgRNA1418,1418,WQ49_RS00545,leuS,BCAL3373,leuS,331.1798127,-0.038313667,0.16138851,-0.237400218,0.812346321,0.997116186
sgRNA1419,1419,WQ49_RS00550,leuS,BCAL3372,hypothetical protein,223.3263002,-0.089096659,0.187051631,-0.476321207,0.633845559,0.997116186
sgRNA1420,1420,WQ49_RS00555,leuS,BCAL3371,DNA polymerase III subunit delta,101.3549098,-0.098498623,0.252813511,-0.389609804,0.696825101,0.997116186
sgRNA1422,1422,WQ49_RS26005,cbbA,BCAL2839,fructose-bisphosphate aldolase,21.94552991,0.378591451,0.517252342,0.731927958,0.464212541,0.997116186
sgRNA1423,1423,WQ49_RS26005,cbbA,BCAL2839,fructose-bisphosphate aldolase,464.114372,-0.14359717,0.148386191,-0.96772596,0.333181249,0.997116186
sgRNA1424,1424,WQ49_RS26005,cbbA,BCAL2839,fructose-bisphosphate aldolase,573.9712594,-0.032024663,0.140223149,-0.228383569,0.819348062,0.997116186
sgRNA1425,1425,WQ49_RS26005,cbbA,BCAL2839,fructose-bisphosphate aldolase,433.4543756,0.093852767,0.145916266,0.643196054,0.520096893,0.997116186
sgRNA1431,1431,WQ49_RS11660,hemA,BCAL0375,glutamyl-tRNA reductase,253.6847844,0.005011988,0.191371088,0.026189893,0.979105877,0.997116186
sgRNA1432,1432,WQ49_RS00925,pyrroline-5-carboxylate reductase,BCAL3292,pyrroline-5-carboxylate reductase,676.1483593,-0.078825431,0.13199375,-0.597190632,0.550380113,0.997116186
sgRNA1433,1433,WQ49_RS27050,hemC,BCAL2630,porphobilinogen deaminase,5.048891738,0.205590038,1.059992718,0.193954199,0.846211745,0.997116186
sgRNA1434,1434,WQ49_RS12210,hemB,BCAL0264,delta-aminolevulinic acid dehydratase,486.0834517,-0.024524446,0.139215222,-0.176162097,0.860166597,0.997116186
sgRNA1435,1435,WQ49_RS25500,ubiE,BCAL0873,ubiquinone/menaquinone biosynthesis C-methyltransferase UbiE,1547.896755,0.020703661,0.115643776,0.179029622,0.857914442,0.997116186
sgRNA1436,1436,WQ49_RS12260,secY,BCAL0254,secY,113.4772902,0.070200384,0.242230382,0.289808335,0.771962871,0.997116186
sgRNA1437,1437,WQ49_RS00270,nrdB,BCAL3428,ribonucleotide-diphosphate reductase subunit beta,5.51669366,-0.058377009,1.015420672,-0.057490467,0.9541545,0.997116186
sgRNA1438,1438,WQ49_RS26970,metG,BCAL2646,methionine--tRNA ligase,5.57123691,0.225884781,1.01342395,0.222892681,0.823619033,0.997116186
sgRNA1439,1439,WQ49_RS34305,astD,BCAL1062,astD,534.9483139,-0.072899042,0.135878407,-0.536502035,0.59161163,0.997116186
sgRNA1440,1440,WQ49_RS30045,arnA1,BCAL1931,aminotransferase DegT,984.9950355,-0.105597203,0.119044687,-0.887038352,0.375058253,0.997116186
sgRNA1441,1441,WQ49_RS23480,fmt,BCAL0466,methionyl-tRNA formyltransferase,1710.710998,-0.043844936,0.113273999,-0.387069725,0.69870459,0.997116186
sgRNA1442,1442,WQ49_RS27525,dnaE,BCAL2409,dnaE,1283.761145,-0.024871248,0.110223565,-0.225643651,0.821478588,0.997116186
sgRNA1443,1443,WQ49_RS06135,cblA,BCAM2095,Cro/Cl family transcriptional regulator,39.85774623,-0.155388837,0.402247294,-0.386301759,0.699273198,0.997116186
sgRNA1444,1444,WQ49_RS28880,cysS,BCAL2150,cysteine--tRNA ligase,1263.465951,-0.03799686,0.112326278,-0.338272225,0.735158052,0.997116186
sgRNA1445,1445,WQ49_RS00060,murC,BCAL3467,"UDP-N-acetylmuramoylalanyl-D-glutamate--2, 6-diaminopimelate ligase",34025.52637,-0.078028199,0.089038721,-0.876340071,0.380845187,0.997116186
sgRNA1446,1446,0,BCAL1661,BCAL1661,0,467.2356137,0.094013257,0.147495409,0.637397854,0.523865726,0.997116186
sgRNA1447,1447,WQ49_RS24690,lipA,BCAL0709,lipoyl(octanoyl) transferase,464.0357717,-0.055697872,0.145456482,-0.382917768,0.701780737,0.997116186
sgRNA1448,1448,WQ49_RS32320,pheS,BCAL1485,phenylalanine--tRNA ligase subunit alpha,816.9999455,-0.072150758,0.122167591,-0.590588364,0.554796263,0.997116186
sgRNA1449,1449,WQ49_RS25535,aspS,BCAL0880,aspartate--tRNA(Asp/Asn) ligase,1464.988147,0.007629966,0.108393184,0.070391564,0.943882005,0.997116186
sgRNA1450,1450,WQ49_RS23690,diaminopimelate epimerase,BCAL0507,diaminopimelate epimerase,367.1750587,0.009986252,0.165341999,0.06039755,0.95183901,0.997116186
sgRNA1451,1451,WQ49_RS00230,proS,BCAL3436,proline--tRNA ligase,1942.184942,0.005016227,0.106888777,0.046929408,0.96256949,0.997116186
sgRNA1452,1452,WQ49_RS28790,BCAL2169,BCAL2169,tryptophanyl-tRNA synthetase,1357.981563,-0.089591548,0.109967231,-0.814711326,0.415237569,0.997116186
sgRNA1453,1453,WQ49_RS30025,BCAL1935,BCAL1935,polysaccharide deacetylase,402.8525761,0.034926901,0.160998029,0.216939931,0.828255158,0.997116186
sgRNA1454,1454,WQ49_RS28890,BCAL2148,BCAL2148,acetyl-CoA carboxylase carboxyltransferase subunit alpha,2306.47338,0.015609841,0.107678415,0.144967221,0.884736752,0.997116186
sgRNA1455,1455,WQ49_RS29880,BCAL1964,BCAL1964,tmk,517.768006,-0.065418783,0.137589096,-0.475464883,0.634455658,0.997116186
sgRNA1457,1457,WQ49_RS29240,dxr,BCAL2089,uridylate kinase,856.22522,0.095225053,0.128729877,0.739727674,0.459465252,0.997116186
sgRNA1458,1458,WQ49_RS00210,proB,BCAL3440,obgE,443.7834097,-0.070079302,0.145120513,-0.482904179,0.629163774,0.997116186
sgRNA1459,1459,WQ49_RS02145,hemL,BCAL3050,diaminohydroxyphosphoribosylaminopyrimidine deaminase,123.2654149,-0.103798233,0.233547687,-0.44444128,0.656723574,0.997116186
sgRNA1460,1460,WQ49_RS32415,aroC,BCAL1467,chorismate synthase,824.6367378,0.00512169,0.121142214,0.042278329,0.966276821,0.997116186
sgRNA1461,1461,WQ49_RS01015,hemH,BCAL3274,ferrochelatase,5.048891738,0.205590038,1.059992718,0.193954199,0.846211745,0.997116186
sgRNA1462,1462,WQ49_RS02220,trxB,BCAL3035,thioredoxin reductase,687.3862107,-0.003872711,0.132444665,-0.029240221,0.976673004,0.997116186
sgRNA1463,1463,WQ49_RS30170,BCAL1906,BCAL1906,UDP phosphate-alpha-4-amino-4-deoxy-L-arabinose arabinosyl transferase,104.2716557,0.066832286,0.249587568,0.267770895,0.788875675,0.997116186
sgRNA1464,1464,WQ49_RS30025,BCAL1935,BCAL1935,polysaccharide deacetylase,911.9166742,-0.096806472,0.118186351,-0.819100274,0.412729206,0.997116186
sgRNA1465,1465,WQ49_RS23575,gatB,BCAL0484,glutamyl-tRNA(Gln) amidotransferase subunit A,1069.939673,-0.053267066,0.121285507,-0.439187397,0.660525756,0.997116186
sgRNA1466,1466,WQ49_RS24210,glmU,BCAL0612,bifunctional protein GlmU,421.2648289,0.157222848,0.149839445,1.049275427,0.294051372,0.997116186
sgRNA1467,1467,WQ49_RS00690,tyrZ,BCAL3344,tyrosyl-tRNA synthetase,427.247695,0.073448093,0.159431773,0.460686669,0.645023421,0.997116186
sgRNA1468,1468,WQ49_RS29370,guaB,BCAL2063,inosine-5-monophosphate dehydrogenase,597.8077411,-0.006245111,0.136211857,-0.045848511,0.963430993,0.997116186
sgRNA1469,1469,WQ49_RS34830,thyA,BCAL2912,thyA,260.570462,0.048422817,0.198425816,0.244034863,0.807203819,0.997116186
sgRNA1470,1470,WQ49_RS29240,pyrH,BCAL2089,uridylate kinase,5.359711099,0.356067007,1.03514894,0.343976594,0.730863889,0.997116186
sgRNA1471,1471,WQ49_RS23545,rodA,BCAL0478,cell wall shape-determining protein,674.9223959,-0.143468389,0.141915336,-1.010943514,0.312043466,0.997116186
sgRNA1472,1472,WQ49_RS00035,WQ49_RS00035,BCAL3472,"2-nonaprenyl-3-methyl-6-methoxy-1,4-benzoquinol hydroxylase",5.048891738,0.205590038,1.059992718,0.193954199,0.846211745,0.997116186
sgRNA1473,1473,WQ49_RS00120,WQ49_RS00120,BCAL3455,UDP-3-O-[3-hydroxymyristoyl] N-acetylglucosaminedeacetylase,1271.347511,0.010057453,0.110263501,0.091212897,0.927323427,0.997116186
sgRNA1474,1474,WQ49_RS00125,WQ49_RS00125,BCAL3454,hypothetical protein,424.5166682,-0.06327747,0.147412071,-0.42925569,0.667737159,0.997116186
sgRNA1475,1475,WQ49_RS00130,WQ49_RS00130,BCAL3453,secA,883.8667701,0.017208722,0.122082103,0.140960237,0.887901355,0.997116186
sgRNA1476,1476,WQ49_RS00160,WQ49_RS00160,BCAL3448,dephospho-CoA kinase,490.5524585,0.151567667,0.142357012,1.064701094,0.287011215,0.997116186
sgRNA1477,1477,WQ49_RS00190,WQ49_RS00190,BCAL3443,octaprenyl diphosphate synthase,1596.609941,-0.108832622,0.11395936,-0.955012581,0.339571335,0.997116186
sgRNA1478,1478,WQ49_RS00200,WQ49_RS00200,BCAL3442,50S ribosomal protein L21,690.7937075,0.14185092,0.132902629,1.067329675,0.285822992,0.997116186
sgRNA1479,1479,WQ49_RS00210,WQ49_RS00210,BCAL3440,obgE,5.048891738,0.205590038,1.059992718,0.193954199,0.846211745,0.997116186
sgRNA1480,1480,WQ49_RS00245,WQ49_RS00245,BCAL3433,signal recognition particle protein,312.6443794,-0.010751977,0.162777155,-0.066053355,0.947335347,0.997116186
sgRNA1481,1481,WQ49_RS00265,WQ49_RS00265,BCAL3429,ribonucleoside-diphosphate reductase subunit alpha,2025.930377,-0.061776222,0.109795376,-0.562648665,0.573674147,0.997116186
sgRNA1482,1482,WQ49_RS00305,WQ49_RS00305,BCAL3421,acetyl-CoA carboxylase biotin carboxylase,530.504797,0.147995732,0.135828364,1.08957899,0.275898642,0.997116186
sgRNA1483,1483,WQ49_RS00345,WQ49_RS00345,BCAL3413,aroE,1649.204322,-0.127742151,0.106551436,-1.198877799,0.230575465,0.997116186
sgRNA1484,1484,WQ49_RS00430,WQ49_RS00430,BCAL3396,thiamine monophosphate kinase,1373.700105,-0.052997774,0.112309639,-0.471889812,0.63700544,0.997116186
sgRNA1485,1485,WQ49_RS00465,WQ49_RS00465,BCAL3389,transketolase,6.757629071,0.088052232,0.917200779,0.096001043,0.923519744,0.997116186
sgRNA1486,1486,WQ49_RS00565,WQ49_RS00565,BCAL3369,membrane protein,1073.375984,-0.105472921,0.113935983,-0.925720903,0.354591042,0.997116186
sgRNA1487,1487,WQ49_RS00580,WQ49_RS00580,BCAL3366,2-dehydro-3-deoxyphosphogluconate aldolase,2160.28235,-0.11966825,0.101605328,-1.177775345,0.23888618,0.997116186
sgRNA1488,1488,WQ49_RS00605,WQ49_RS00605,BCAL3361,adenylosuccinate lyase,3665.875873,-0.071220137,0.095874187,-0.742849967,0.45757252,0.997116186
sgRNA1506,1506,WQ49_RS27295,parC,BCAL2455,DNA topoisomerase IV subunit B,358.5696733,-0.115169123,0.153604099,-0.749778972,0.453387836,0.997116186
sgRNA1507,1507,WQ49_RS11660,hemA,BCAL0375,glutamyl-tRNA reductase,1228.230624,0.13203888,0.116305615,1.135275202,0.256260029,0.997116186
sgRNA1508,1508,WQ49_RS11660,hemA,BCAL0375,glutamyl-tRNA reductase,850.1211134,-0.052577226,0.121485496,-0.432786037,0.665170218,0.997116186
sgRNA1509,1509,0,BCAL3292,BCAL3292,0,1201.390508,-0.033687707,0.127069371,-0.265112719,0.790922629,0.997116186
sgRNA1510,1510,0,BCAL3292,BCAL3292,0,6.50135296,0.20195266,0.9337306,0.21628579,0.828764985,0.997116186
sgRNA1511,1511,WQ49_RS27050,hemC,BCAL2630,porphobilinogen deaminase,413.3215883,0.099419945,0.154855934,0.642015727,0.520862971,0.997116186
sgRNA1512,1512,WQ49_RS27050,hemC,BCAL2630,porphobilinogen deaminase,5.048891738,0.205590038,1.059992718,0.193954199,0.846211745,0.997116186
sgRNA1513,1513,WQ49_RS12210,hemB,BCAL0264,delta-aminolevulinic acid dehydratase,5.491574612,0.201270113,1.01384063,0.198522438,0.842636331,0.997116186
sgRNA1514,1514,WQ49_RS25500,ubiE,BCAL0873,ubiquinone/menaquinone biosynthesis C-methyltransferase UbiE,853.9520325,-0.024546121,0.120009627,-0.2045346,0.837935757,0.997116186
sgRNA1515,1515,WQ49_RS25500,ubiE,BCAL0873,ubiquinone/menaquinone biosynthesis C-methyltransferase UbiE,449.7828097,0.12799424,0.151646847,0.844028362,0.398653557,0.997116186
sgRNA1516,1516,WQ49_RS12260,secY,BCAL0254,secY,920.9293032,-0.013301555,0.119336651,-0.111462446,0.911249644,0.997116186
sgRNA1517,1517,WQ49_RS12265,secY,BCAL0253,50S ribosomal protein L15,2181.913035,-0.0159468,0.129856307,-0.122803434,0.902262755,0.997116186
sgRNA1518,1518,WQ49_RS31415,BCAL1661,BCAL1661,ribokinase,515.6866753,-0.035712857,0.139865854,-0.255336492,0.798463217,0.997116186
sgRNA1519,1519,WQ49_RS31415,BCAL1661,BCAL1661,ribokinase,180.9904512,-0.112116969,0.199100534,-0.563117371,0.573354964,0.997116186
sgRNA1520,1520,WQ49_RS24690,lipA,BCAL0709,lipoyl(octanoyl) transferase,683.7716181,0.022054742,0.126618536,0.17418257,0.861721983,0.997116186
sgRNA1521,1521,WQ49_RS23690,diaminopimelate epimerase,BCAL0507,diaminopimelate epimerase,247.2834386,-0.107805833,0.185534636,-0.581055028,0.561203367,0.997116186
sgRNA1522,1522,WQ49_RS31555,BCAL1635,BCAL1635,diguanylate cyclase,626.9938993,-0.098601994,0.133933368,-0.736201852,0.461607865,0.997116186
sgRNA1523,1523,WQ49_RS31555,BCAL1635,BCAL1635,diguanylate cyclase,603.8944194,-0.218162391,0.13583332,-1.606103643,0.10825114,0.997116186
sgRNA1524,1524,WQ49_RS29885,BCAL1963,BCAL1963,DNA polymerase III subunit delta',1407.277825,-0.06272758,0.109624107,-0.572206075,0.567182373,0.997116186
sgRNA1525,1525,WQ49_RS00210,obgE,BCAL3440,obgE,5.048891738,0.205590038,1.059992718,0.193954199,0.846211745,0.997116186
sgRNA1526,1526,WQ49_RS00215,proB,BCAL3439,glutamate 5-kinase,330.459263,0.138172038,0.160639597,0.860136855,0.389713607,0.997116186
sgRNA1527,1527,WQ49_RS02145,hemL,BCAL3050,diaminohydroxyphosphoribosylaminopyrimidine deaminase,712.7742001,-0.113148682,0.130153853,-0.869345623,0.384658116,0.997116186
sgRNA1528,1528,WQ49_RS02150,hemL,BCAL3049,"glutamate-1-semialdehyde 2,1-aminomutase",87.47462258,-0.126017741,0.273670036,-0.460473289,0.64517654,0.997116186
sgRNA1529,1529,WQ49_RS32415,aroC,BCAL1467,chorismate synthase,125.3724869,-0.234525711,0.234193257,-1.001419575,0.316624004,0.997116186
sgRNA1530,1530,WQ49_RS32415,aroC,BCAL1467,chorismate synthase,912.9910325,0.058520096,0.117883327,0.496423854,0.619595399,0.997116186
sgRNA1531,1531,WQ49_RS02145,hemL,BCAL3050,diaminohydroxyphosphoribosylaminopyrimidine deaminase,5.048891738,0.205590038,1.059992718,0.193954199,0.846211745,0.997116186
sgRNA1532,1532,WQ49_RS02150,hemL,BCAL3049,"glutamate-1-semialdehyde 2,1-aminomutase",334.5292982,-0.2462268,0.165685754,-1.48610725,0.137250755,0.997116186
sgRNA1533,1533,WQ49_RS02220,trxB,BCAL3035,thioredoxin reductase,422.947175,0.110760511,0.149065042,0.743034783,0.457460622,0.997116186
sgRNA1534,1534,WQ49_RS02220,trxB,BCAL3035,thioredoxin reductase,720.9150913,0.017278134,0.128081931,0.134899077,0.892691669,0.997116186
sgRNA1535,1535,WQ49_RS34830,thyA,BCAL2912,thyA,264.5513294,-0.135981943,0.176536329,-0.770277391,0.441135365,0.997116186
sgRNA1536,1536,WQ49_RS34830,thyA,BCAL2912,thyA,254.9574224,0.151619872,0.174601843,0.868374981,0.385189086,0.997116186
sgRNA1537,1537,WQ49_RS34830,thyA,BCAL2912,thyA,292.4250337,0.008493995,0.172303125,0.049296816,0.960682757,0.997116186
sgRNA1538,1538,WQ49_RS23545,rodA,BCAL0478,cell wall shape-determining protein,227.211038,0.031732881,0.180897965,0.175418675,0.860750667,0.997116186
sgRNA1539,1539,WQ49_RS26005,cbbA,BCAL2839,fructose-bisphosphate aldolase,353.0759082,-0.026829639,0.157887433,-0.169928906,0.865066048,0.997116186
sgRNA1555,1555,WQ49_RS00670,WQ49_RS00670,BCAL3348,50S ribosomal protein L13,627.2481431,-0.033438658,0.131202081,-0.254863779,0.798828313,0.997116186
sgRNA1556,1556,WQ49_RS00680,WQ49_RS00680,BCAL3346,iron--sulfur cluster insertion protein ErpA,282.4463731,-0.043927008,0.179062746,-0.245316289,0.806211541,0.997116186
sgRNA1557,1557,WQ49_RS00920,WQ49_RS00920,BCAL3296,4-hydroxybenzoate polyprenyl transferase,897.3528503,-0.082870213,0.11990489,-0.691132889,0.489482034,0.997116186
sgRNA1558,1558,WQ49_RS01025,WQ49_RS01025,BCAL3272,protein GrpE,5.048891738,0.205590038,1.059992718,0.193954199,0.846211745,0.997116186
sgRNA1559,1559,WQ49_RS01650,WQ49_RS01650,BCAL3147,molecular chaperone GroES,1070.414024,-0.114042049,0.113883108,-1.001395647,0.316635568,0.997116186
sgRNA1560,1560,WQ49_RS01680,WQ49_RS01675,BCAL3141,Holliday junction DNA helicase,605.0119464,0.167937811,0.143126158,1.173355123,0.240653426,0.997116186
sgRNA1561,1561,WQ49_RS01710,WQ49_RS01710,BCAL3135,"dTDP-glucose 4,6-dehydratase",1316.966222,0.016677623,0.109517361,0.152282913,0.878963801,0.997116186
sgRNA1562,1562,WQ49_RS01810,WQ49_RS01810,BCAL3113,phosphoglucomutase,707.4002481,-0.005678219,0.13871765,-0.040933642,0.967348797,0.997116186
sgRNA1563,1563,WQ49_RS01815,WQ49_RS01815,BCAL3112,glycosyl transferase family 1,731.987806,-0.088933767,0.128006812,-0.694758082,0.487206922,0.997116186
sgRNA1564,1564,WQ49_RS02245,WQ49_RS02245,BCAL3030,serine--tRNA ligase,260.8412411,-0.131308867,0.177869141,-0.738232987,0.46037288,0.997116186
sgRNA1565,1565,WQ49_RS02275,WQ49_RS02265,BCAL3025,cell division topological specificity factor,200.4692782,-0.041884054,0.213873857,-0.195835314,0.844739069,0.997116186
sgRNA1566,1566,WQ49_RS02350,WQ49_RS02345,BCAL3012,guanylate kinase,6.693247519,-0.099052648,0.924251182,-0.107170702,0.914653558,0.997116186
sgRNA1567,1567,WQ49_RS02355,WQ49_RS02355,BCAL3011,DNA-directed RNA polymerase subunit omega,316.0495616,-0.132123136,0.162862222,-0.811257115,0.417218032,0.997116186
sgRNA1568,1568,WQ49_RS02650,WQ49_RS02650,BCAM1397A,farnesyl-diphosphate farnesyltransferase,429.9153011,0.020940637,0.144867277,0.144550499,0.885065783,0.997116186
sgRNA1569,1569,WQ49_RS02850,WQ49_RS02850,BCAM1437,MarR family transcriptional regulator,110.9370848,0.239017666,0.243081666,0.983281339,0.325468992,0.997116186
sgRNA1570,1570,WQ49_RS03130,WQ49_RS03130,BCAM1495,universal stress protein A,792.1605798,-0.008226204,0.122386547,-0.067214933,0.946410597,0.997116186
sgRNA1571,1571,WQ49_RS03420,WQ49_RS03420,WQ49_03425,lipoprotein,709.3832002,-0.042870307,0.131162362,-0.326849152,0.743781982,0.997116186
sgRNA1572,1572,WQ49_RS03740,WQ49_RS03740,BCAM1610,short-chain dehydrogenase,421.2921502,0.030545263,0.149400506,0.204452208,0.838000136,0.997116186
sgRNA1573,1573,WQ49_RS04030,WQ49_RS04030,BCAM1668,hypothetical protein,360.017732,0.00805066,0.175103404,0.045976602,0.963328899,0.997116186
sgRNA1574,1574,WQ49_RS04135,WQ49_RS04135,BCAM1687,uroporphyrin-III C-methyltransferase,138.8347628,-0.08310666,0.221373408,-0.375413924,0.707352651,0.997116186
sgRNA1575,1575,WQ49_RS04315,WQ49_RS04315,BCAM1723,hypothetical protein,563.0929042,-0.122396104,0.136042952,-0.899687212,0.36828673,0.997116186
sgRNA1576,1576,WQ49_RS04585,WQ49_RS04585,BCAM1775,transglycosylase,445.9123606,-0.225336819,0.148691317,-1.515467231,0.129654123,0.997116186
sgRNA1577,1577,WQ49_RS04805,WQ49_RS04805,BCAM1819,urea transporter,5.048891738,0.205590038,1.059992718,0.193954199,0.846211745,0.997116186
sgRNA1578,1578,WQ49_RS05015,WQ49_RS05015,BCAM1863,hypothetical protein,132.3357071,-0.115312213,0.233591285,-0.493649466,0.62155376,0.997116186
sgRNA1579,1579,WQ49_RS05405,WQ49_RS05405,BCAM1950,LysR family transcriptional regulator,147.9612942,0.091693809,0.214934415,0.426612967,0.669661251,0.997116186
sgRNA1580,1580,WQ49_RS05875,WQ49_RS05865,BCAM2042,lytic transglycosylase,703.0024004,0.050807153,0.127959953,0.39705511,0.691326822,0.997116186
sgRNA1581,1581,WQ49_RS06240,WQ49_RS06220,BCAM2117,LysR family transcriptional regulator,5.048891738,0.205590038,1.059992718,0.193954199,0.846211745,0.997116186
sgRNA1582,1582,WQ49_RS07585,WQ49_RS07585,BCAM2381,#N/A,5.048891738,0.205590038,1.059992718,0.193954199,0.846211745,0.997116186
sgRNA1583,1583,WQ49_RS07680,WQ49_RS07670,BCAS0676,hypothetical protein,329.5117461,0.01393929,0.158956844,0.08769229,0.930121247,0.997116186
sgRNA1584,1584,WQ49_RS08550,WQ49_RS08550,0,#N/A,150.2038207,0.241435243,0.214984558,1.123035278,0.261422512,0.997116186
sgRNA1585,1585,WQ49_RS08710,WQ49_RS08710,7.79439E+13,#N/A,524.7551996,0.061390051,0.141614514,0.433501124,0.664650749,0.997116186
sgRNA1586,1586,WQ49_RS09335,WQ49_RS09335,7.53894E+13,#N/A,368.9914638,-0.149040754,0.161749403,-0.921430009,0.356825967,0.997116186
sgRNA1587,1587,WQ49_RS09345,WQ49_RS09340,BCAS0384,D-2-hydroxyacid dehydrogenase,276.1044736,0.115057691,0.170028027,0.676698387,0.49859734,0.997116186
sgRNA1588,1588,WQ49_RS09555,WQ49_RS09555,BCAS0342,sulfonate ABC transporter substrate-binding protein,5.590868162,0.469550959,1.01170458,0.464118645,0.642562744,0.997116186
sgRNA1589,1589,WQ49_RS10035,WQ49_RS10025,BCAS0244,hypothetical protein,196.2134842,0.020494606,0.199125292,0.102923169,0.918023949,0.997116186
sgRNA1590,1590,WQ49_RS10785,WQ49_RS10785,7.19946E+13,hypothetical protein,742.3356248,-0.045392424,0.128769612,-0.352508823,0.724456703,0.997116186
sgRNA1591,1591,WQ49_RS11285,WQ49_RS11285,BCAS0003,chromosome partitioning protein,401.9365757,0.123744446,0.17059073,0.725387869,0.468214113,0.997116186
sgRNA1592,1592,WQ49_RS11570,WQ49_RS11570,BCAL0394,uracil-DNA glycosylase,242.5688839,-0.133750761,0.179123846,-0.746694334,0.455248091,0.997116186
sgRNA1593,1593,WQ49_RS11660,WQ49_RS11660,BCAL0375,glutamyl-tRNA reductase,505.6260784,-0.059993733,0.141194794,-0.424900461,0.670909238,0.997116186
sgRNA1594,1594,WQ49_RS12205,WQ49_RS12205,BCAL0265,GTP-binding protein,5.048891738,0.205590038,1.059992718,0.193954199,0.846211745,0.997116186
sgRNA1595,1595,WQ49_RS12800,WQ49_RS12800,BCAL3524,general secretion pathway protein GspC,1499.160757,-0.032345351,0.107110932,-0.301979924,0.762667367,0.997116186
sgRNA1596,1596,WQ49_RS12975,WQ49_RS12960,BCAL0027,chromosome partitioning protein ParB,110.831434,-0.143803526,0.24466139,-0.587765508,0.556689699,0.997116186
sgRNA1597,1597,WQ49_RS12990,WQ49_RS12990,BCAL0030,ATP synthase subunit A,1142.368827,-0.057208413,0.114019777,-0.50174114,0.615849622,0.997116186
sgRNA1598,1598,WQ49_RS12995,WQ49_RS12995,BCAL0031,F0F1 ATP synthase subunit C,6.210164851,0.289672737,0.956227264,0.30293294,0.761940967,0.997116186
sgRNA1599,1599,WQ49_RS13000,WQ49_RS13000,BCAL0032,ATP synthase subunit b,850.5213176,0.038869897,0.124840367,0.3113568,0.755529392,0.997116186
sgRNA1600,1600,WQ49_RS13040,WQ49_RS13040,BCAL0040,uroporphyrinogen decarboxylase,658.5434446,0.092612231,0.133715525,0.692606421,0.48855658,0.997116186
sgRNA1601,1601,WQ49_RS13045,WQ49_RS13045,BCAL0041,primosome assembly protein PriA,299.7011431,0.106737122,0.163951161,0.651029985,0.515027131,0.997116186
sgRNA1602,1602,WQ49_RS13280,WQ49_RS13280,BCAL0086,#N/A,272.5138268,-0.029156354,0.171807925,-0.169703196,0.86524356,0.997116186
sgRNA1603,1603,WQ49_RS14005,WQ49_RS14005,pBCA094,twitching motility protein PilT,275.6774521,-0.027112919,0.169641411,-0.159824888,0.873019018,0.997116186
sgRNA1604,1604,WQ49_RS14200,WQ49_RS14200,8.01452E+13,#N/A,601.0422507,-0.13620744,0.133203478,-1.022551684,0.306519864,0.997116186
sgRNA1605,1605,WQ49_RS14675,WQ49_RS14675,BCAM1362,cell division protein,426.7613548,0.072571202,0.145576846,0.49850786,0.61812613,0.997116186
sgRNA1606,1606,WQ49_RS15060,WQ49_RS15055,BCAM1285,hypothetical protein,347.7496128,0.155478278,0.157227433,0.988874998,0.322724304,0.997116186
sgRNA1607,1607,WQ49_RS15825,WQ49_RS15825,BCAM1131,LysR family transcriptional regulator,330.6834767,-0.189260345,0.170184209,-1.112091106,0.26609898,0.997116186
sgRNA1608,1608,WQ49_RS16220,WQ49_RS16220,BCAM1050,hypothetical protein,402.9984946,-0.061373322,0.150173878,-0.408681737,0.682773238,0.997116186
sgRNA1609,1609,WQ49_RS16915,WQ49_RS16915,BCAM0913,tRNA N6-adenosine threonylcarbamoyltransferase,335.3537815,-0.022215897,0.16306058,-0.136243212,0.891629015,0.997116186
sgRNA1610,1610,WQ49_RS17870,WQ49_RS17870,BCAM0716,hypothetical protein,5.048891738,0.205590038,1.059992718,0.193954199,0.846211745,0.997116186
sgRNA1611,1611,WQ49_RS18170,WQ49_RS18170,BCAM0654,AraC family transcriptional regulator,159.9842068,0.028186818,0.211507336,0.133266387,0.89398271,0.997116186
sgRNA1612,1612,WQ49_RS18210,WQ49_RS18210,BCAM0646,4-oxalocrotonate tautomerase,154.2629006,0.014497199,0.210970803,0.068716611,0.945215195,0.997116186
sgRNA1613,1613,WQ49_RS18505,WQ49_RS18505,BCAM0588,MarR family transcriptional regulator,5.51669366,-0.058377009,1.015420672,-0.057490467,0.9541545,0.997116186
sgRNA1614,1614,WQ49_RS19375,WQ49_RS19375,BCAM0414,hypothetical protein,229.4012755,-0.155031299,0.180947278,-0.85677608,0.391568648,0.997116186
sgRNA1615,1615,WQ49_RS20045,WQ49_RS20045,BCAM0279,nitroreductase,225.7439416,-0.037708332,0.182308292,-0.206838272,0.836136165,0.997116186
sgRNA1616,1616,WQ49_RS22430,WQ49_RS22425,BCAM2647,membrane protein,404.6806581,-0.010395048,0.148552186,-0.069975735,0.944212973,0.997116186
sgRNA1617,1617,WQ49_RS23265,WQ49_RS23265,BCAL0423a,50S ribosomal protein L34,1090.154644,-0.131470231,0.115069708,-1.142526845,0.253235094,0.997116186
sgRNA1618,1618,WQ49_RS23510,WQ49_RS23500,BCAL0472,XRE family transcriptional regulator,438.5784912,-0.021884972,0.158676095,-0.137922302,0.890301824,0.997116186
sgRNA1620,1620,WQ49_RS24230,WQ49_RS24230,BCAL0616,hypothetical protein,367.7543317,0.161278813,0.157176811,1.026098012,0.304845387,0.997116186
sgRNA1621,1621,WQ49_RS24420,WQ49_RS24420,BCAL0655,copper homeostasis protein CutC,146.6028373,-0.036806486,0.225217934,-0.163426089,0.870182963,0.997116186
sgRNA1622,1622,WQ49_RS24600,WQ49_RS24600,BCAL0691,"bifunctional protein RfaE, domain II",151.5133992,0.039607941,0.213247914,0.185736593,0.85265133,0.997116186
sgRNA1623,1623,WQ49_RS24810,WQ49_RS24810,BCAL0734,PTS fructose transporter subunit IIA,189.4637136,-0.045538973,0.202955417,-0.224379194,0.822462259,0.997116186
sgRNA1624,1624,WQ49_RS24980,WQ49_RS24980,BCAL0768,recombinase RecA,236.0922903,0.283395212,0.181592057,1.560614581,0.118614716,0.997116186
sgRNA1625,1625,WQ49_RS25115,WQ49_RS25115,BCAL0795,phosphopantetheine adenylyltransferase,301.1420259,-0.134646893,0.164802312,-0.817020653,0.413916625,0.997116186
sgRNA1626,1626,WQ49_RS25270,WQ49_RS25265,BCAL0827,single-stranded DNA-binding protein,235.4112906,-0.06866812,0.181551956,-0.37822848,0.70526087,0.997116186
sgRNA1627,1627,WQ49_RS25515,WQ49_RS25510,BCAL0876,ubiquinone biosynthesis protein UbiB,288.5067348,-0.014354233,0.168677238,-0.085098816,0.932182831,0.997116186
sgRNA1628,1628,WQ49_RS25605,WQ49_RS25605,BCAL0894,LPS-assembly protein LptD,176.9673741,0.239518343,0.200203297,1.196375617,0.231550012,0.997116186
sgRNA1629,1629,WQ49_RS26025,WQ49_RS26010,BCAL2835,translation factor Sua5,6.058670085,0.205621937,0.969916752,0.211999573,0.832107367,0.997116186
sgRNA1630,1630,WQ49_RS26350,WQ49_RS26350,BCAL2770,glycerol-3-phosphate acyltransferase,5.048891738,0.205590038,1.059992718,0.193954199,0.846211745,0.997116186
sgRNA1631,1631,WQ49_RS26360,WQ49_RS26360,BCAL2768,UDP-N-acetylmuramate dehydrogenase,5.048891738,0.205590038,1.059992718,0.193954199,0.846211745,0.997116186
sgRNA1632,1632,WQ49_RS26370,WQ49_RS26370,BCAL2766,hypothetical protein,421.7226765,0.008869537,0.166945276,0.053128411,0.957629595,0.997116186
sgRNA1633,1633,WQ49_RS26380,WQ49_RS26380,BCAL2764,membrane protein,330.3912745,-0.090521472,0.167765038,-0.539572927,0.589491591,0.997116186
sgRNA1634,1634,WQ49_RS26415,WQ49_RS26415,BCAL2757,superoxide dismutase,5.048891738,0.205590038,1.059992718,0.193954199,0.846211745,0.997116186
sgRNA1635,1635,WQ49_RS26645,WQ49_RS26640,BCAL2710,ispH,200.8058892,-0.07973505,0.197902775,-0.402900109,0.687021711,0.997116186
sgRNA1636,1636,WQ49_RS26820,WQ49_RS26825,BCAL2677,permease,145.1242779,0.185644833,0.231806413,0.800861503,0.423211829,0.997116186
sgRNA1637,1637,WQ49_RS26855,WQ49_RS26850,BCAL2670,diacylglyceryl transferase,1062.563934,0.014209662,0.118231555,0.120185024,0.904336581,0.997116186
sgRNA1638,1638,WQ49_RS26990,WQ49_RS26990,BCAL2642,dcd,5.048891738,0.205590038,1.059992718,0.193954199,0.846211745,0.997116186
sgRNA1639,1639,WQ49_RS27090,WQ49_RS27090,BCAL2622,inorganic pyrophosphatase,121.3956381,-0.022787755,0.250274855,-0.091050915,0.927452134,0.997116186
sgRNA1640,1640,WQ49_RS27545,WQ49_RS27545,BCAL2406,heptosyltransferase,221.805931,0.098899041,0.183979945,0.537553381,0.590885423,0.997116186
sgRNA1641,1641,WQ49_RS27805,WQ49_RS27805,BCAL2356,phosphatidylserine decarboxylase proenzyme,767.8854561,-0.082129026,0.124076966,-0.661920002,0.508022492,0.997116186
sgRNA1642,1642,WQ49_RS27860,WQ49_RS27855,BCAL2345,preprotein translocase subunit SecG,292.1124016,0.229356898,0.164775415,1.391936401,0.163941658,0.997116186
sgRNA1643,1643,WQ49_RS27870,WQ49_RS27870,BCAL2344,NADH-quinone oxidoreductase subunit A,489.8089544,0.121739954,0.144123032,0.844694649,0.398281348,0.997116186
sgRNA1644,1644,WQ49_RS27875,WQ49_RS27875,BCAL2343,NADH-quinone oxidoreductase subunit B,464.2998987,-0.031678297,0.148856434,-0.212811074,0.831474326,0.997116186
sgRNA1645,1645,WQ49_RS27890,WQ49_RS27890,BCAL2340,NADH dehydrogenase subunit E,756.2994215,-0.012218467,0.131683833,-0.092786387,0.926073266,0.997116186
sgRNA1646,1646,WQ49_RS28490,WQ49_RS28490,BCAL2224,glnA,277.7669898,0.12164588,0.16804782,0.723876573,0.469141514,0.997116186
sgRNA1647,1647,WQ49_RS28645,WQ49_RS28640,BCAL2197,Fe-S cluster assembly scaffold IscU,5.048891738,0.205590038,1.059992718,0.193954199,0.846211745,0.997116186
sgRNA1648,1648,WQ49_RS28655,WQ49_RS28655,BCAL2195,hscB,1735.345019,-0.02718242,0.118749827,-0.228904925,0.818942812,0.997116186
sgRNA1649,1649,WQ49_RS28705,WQ49_RS28705,BCAL2186,cell division protein FtsX,704.4064147,-0.093282226,0.126448328,-0.737710238,0.460690549,0.997116186
sgRNA1650,1650,WQ49_RS28730,WQ49_RS28730,BCAL2181,pyrG,93.89379412,0.349500338,0.270387374,1.292591188,0.196152489,0.997116186
sgRNA1651,1651,WQ49_RS28900,WQ49_RS28900,BCAL2146,aspartate kinase,563.0049071,-0.046026698,0.141778212,-0.324638727,0.745454514,0.997116186
sgRNA1652,1652,WQ49_RS29015,WQ49_RS29015,BCAL2126,glutamate--tRNA ligase,501.2321986,-0.133433239,0.152783743,-0.873347101,0.382473915,0.997116186
sgRNA1653,1653,WQ49_RS29105,WQ49_RS29105,BCAL2115A,tRNA threonylcarbamoyl adenosine modification protein YeaZ,2729.964447,0.027794612,0.098344204,0.28262583,0.777463678,0.997116186
sgRNA1654,1654,WQ49_RS29195,WQ49_RS29195,BCAL2098,chromosome partitioning protein Smc,49.49761144,-0.103608337,0.359616274,-0.288108032,0.773264045,0.997116186
sgRNA1655,1655,WQ49_RS29205,WQ49_RS29205,BCAL2096,ligA,907.8438027,-0.055129342,0.131385734,-0.419599144,0.674778314,0.997116186
sgRNA1656,1656,WQ49_RS29235,WQ49_RS29235,BCAL2090,elongation factor Ts,2433.803697,0.009517108,0.129779836,0.073332718,0.941541357,0.997116186
sgRNA1657,1657,WQ49_RS29380,WQ49_RS29380,BCAL2061,guaA,1986.988613,-0.137034888,0.103851276,-1.319530132,0.186991943,0.997116186
sgRNA1658,1658,WQ49_RS29605,WQ49_RS29605,BCAL2016,2-C-methyl-D-erythritol 4-phosphate cytidylyltransferase,224.0437061,0.118956582,0.183487368,0.648309382,0.516784867,0.997116186
sgRNA1659,1659,WQ49_RS29725,WQ49_RS29725,BCAL1994,peptidase,1720.390825,-0.010804927,0.110815467,-0.097503777,0.922326335,0.997116186
sgRNA1660,1660,WQ49_RS29975,WQ49_RS29975,BCAL1945,30S ribosomal protein S6,5.048891738,0.205590038,1.059992718,0.193954199,0.846211745,0.997116186
sgRNA1661,1661,WQ49_RS29995,WQ49_RS29995,BCAL1941,DNA helicase,3533.715215,-0.015523032,0.104937542,-0.147926391,0.88240086,0.997116186
sgRNA1662,1662,WQ49_RS30075,WQ49_RS30065,BCAL1925,threonine synthase,996.4422053,-0.026885957,0.121224041,-0.221787332,0.824479441,0.997116186
sgRNA1663,1663,WQ49_RS30205,WQ49_RS30205,BCAL1899,DNA polymerase III subunit gamma/tau,1683.951298,-0.023405118,0.109570544,-0.213607756,0.83085295,0.997116186
sgRNA1664,1664,WQ49_RS30265,WQ49_RS30265,BCAL1887,nucleoside diphosphate kinase,463.6707831,-0.08487667,0.157811726,-0.537835001,0.590690966,0.997116186
sgRNA1665,1665,WQ49_RS30280,WQ49_RS30280,BCAL1884,ispG,4300.05502,0.102347656,0.094372728,1.084504581,0.278141137,0.997116186
sgRNA1666,1666,WQ49_RS30300,WQ49_RS30300,BCAL1880,ribosome-associated GTPase EngA,1542.853455,-0.066606015,0.119919396,-0.555423197,0.57860523,0.997116186
sgRNA1667,1667,WQ49_RS30305,WQ49_RS30305,BCAL1879,RNA chaperone Hfq,1324.977892,-0.023415469,0.123654484,-0.189362073,0.849809048,0.997116186
sgRNA1668,1668,WQ49_RS30405,WQ49_RS30405,2.05076E+13,hypothetical protein,406.1598955,0.032681133,0.152639409,0.214106785,0.830463785,0.997116186
sgRNA1669,1669,WQ49_RS31200,WQ49_RS31195,BCAL1707,cobalamin biosynthesis protein CbiG,1289.652746,-0.062471778,0.110822998,-0.563707704,0.572953074,0.997116186
sgRNA1670,1670,WQ49_RS31260,WQ49_RS31260,BCAL1695,peptide ABC transporter ATP-binding protein,686.165078,0.112922124,0.12635016,0.893723636,0.371469776,0.997116186
sgRNA1671,1671,WQ49_RS31470,WQ49_RS31470,BCAL1651,LexA repressor,5.827513022,0.09176469,0.992244418,0.092481941,0.926315139,0.997116186
sgRNA1672,1672,WQ49_RS31685,WQ49_RS31685,BCAL1611,dihydroorotate dehydrogenase,5.280048801,0.331103377,1.035769762,0.319668897,0.74921934,0.997116186
sgRNA1673,1673,WQ49_RS31780,WQ49_RS31760,BCAL1590,hypothetical protein,5.802393974,0.339404784,0.990497915,0.342660776,0.731853675,0.997116186
sgRNA1674,1674,WQ49_RS32505,WQ49_RS32505,BCAL1448,valyl-tRNA synthetase,351.7139526,0.098790912,0.154820282,0.638100581,0.523408208,0.997116186
sgRNA1675,1675,WQ49_RS32510,WQ49_RS32510,BCAL1447,UTP--glucose-1-phosphate uridylyltransferase,739.1928196,-0.039826992,0.134476761,-0.296162635,0.767105882,0.997116186
sgRNA1676,1676,WQ49_RS32685,WQ49_RS32685,BCAL1413,glutaminyl-tRNA synthetase,695.894017,-0.042462105,0.133786942,-0.317386019,0.750950715,0.997116186
sgRNA1677,1677,WQ49_RS33435,WQ49_RS33435,BCAL1254,DNA polymerase III subunit epsilon,478.4271596,0.091749683,0.139824489,0.656177493,0.511709928,0.997116186
sgRNA1678,1678,WQ49_RS34105,WQ49_RS34105,BCAL1103,hypothetical protein,323.848088,0.062030028,0.169522754,0.365909749,0.714432421,0.997116186
sgRNA1679,1679,WQ49_RS34545,WQ49_RS34545,BCAL2857,hypothetical protein,449.6299709,-0.026804962,0.151884226,-0.176482856,0.859914616,0.997116186
sgRNA1680,1680,WQ49_RS34550,WQ49_RS34550,BCAL2858,elongation factor P,1205.965656,-0.152294437,0.112536682,-1.353287073,0.175963937,0.997116186
sgRNA1681,1681,WQ49_RS34755,WQ49_RS34755,BCAL2899,ferredoxin,5.048891738,0.205590038,1.059992718,0.193954199,0.846211745,0.997116186
sgRNA1682,1682,WQ49_RS35065,WQ49_RS35065,BCAL2959,ubiquinone biosynthesis O-methyltransferase,30.40002743,-0.200037523,0.452870501,-0.441710208,0.658698922,0.997116186
sgRNA1685,1685,WQ49_RS32205,nusA [Control],BCAL1506,0,563.3967389,0.013054842,0.143660721,0.090872733,0.927593716,0.997116186
sgRNA1686,1686,WQ49_RS00765,NUDIX hydrolase,BCAL3328,0,88.88453948,-0.021566431,0.291073397,-0.074092758,0.940936578,0.997116186
sgRNA1687,1687,0,LuxR Transcriptional Regulator,BCAM1545,0,195.054599,-0.106670373,0.193015249,-0.55265257,0.580501337,0.997116186
sgRNA1688,1688,0,glycosyl trasnferase 5th gene op,BCAM2338,0,149.0236759,-0.022715776,0.215719538,-0.105302358,0.916135892,0.997116186
sgRNA1689,1689,0,hypothetical,6.50704E+13,0,270.9547733,0.007406273,0.169629628,0.043661433,0.965174282,0.997116186
sgRNA1690,1690,0,hypothetical 5th gene op,BCAM1066,0,5.048891738,0.205590038,1.059992718,0.193954199,0.846211745,0.997116186
sgRNA1691,1691,0,SMC-Scp Complex subunit,BCAL1503,0,131.4659146,0.189408882,0.227777379,0.831552643,0.405661502,0.997116186
sgRNA1692,1692,0,alpha/beta hydrolase 7th gene op,BCAM2699,0,121.5890704,0.249830868,0.236700522,1.055472399,0.291209326,0.997116186
sgRNA1693,1693,0,nusA [Control],BCAL1506,0,85.35349776,-0.029984318,0.272418953,-0.110066929,0.912356295,0.997116186
sgRNA1694,1694,WQ49_RS00765,NUDIX hydrolase,BCAL3328,0,139.0907031,0.223816141,0.23348545,0.958587106,0.337766791,0.997116186
sgRNA1695,1695,0,LuxR Transcriptional Regulator,BCAM1545,0,133.2489809,-0.190681872,0.229133971,-0.83218508,0.405304484,0.997116186
sgRNA1696,1696,0,glycosyl trasnferase 5th gene op,BCAM2338,0,262.0380541,-0.174266773,0.175271612,-0.994266959,0.320092917,0.997116186
sgRNA1697,1697,0,hypothetical,6.50704E+13,0,427.4912138,0.100588193,0.151047211,0.665938765,0.505450241,0.997116186
sgRNA1698,1698,0,hypothetical 5th gene op,BCAM1066,0,204.2031949,-0.014351105,0.189344617,-0.075793573,0.93958333,0.997116186
sgRNA1699,1699,0,SMC-Scp Complex subunit,BCAL1503,0,78.69081173,-0.052064884,0.283513818,-0.183641434,0.854294756,0.997116186
sgRNA1700,1700,0,alpha/beta hydrolase 7th gene op,BCAM2699,0,196.8152703,0.099373174,0.192385141,0.516532482,0.605482559,0.997116186
sgRNA1701,1701,0,nusA [Control],BCAL1506,0,153.7852372,0.134953474,0.212018337,0.636517932,0.524438897,0.997116186
sgRNA1702,1702,0,NUDIX hydrolase,BCAL3328,0,237.8806685,0.042086375,0.194468925,0.216416967,0.828662742,0.997116186
sgRNA1703,1703,0,LuxR Transcriptional Regulator,BCAM1545,0,82.29395689,0.199991164,0.277630554,0.720349983,0.471309537,0.997116186
sgRNA1704,1704,0,glycosyl trasnferase 5th gene op,BCAM2338,0,9.252438605,-0.125956686,0.78803779,-0.159835845,0.873010387,0.997116186
sgRNA1705,1705,0,hypothetical,6.50704E+13,0,91.85960339,-0.164559293,0.267475598,-0.615231051,0.538402144,0.997116186
sgRNA1706,1706,0,hypothetical 5th gene op,BCAM1066,0,147.4610583,0.075710663,0.217681943,0.347804059,0.727987341,0.997116186
sgRNA1707,1707,0,SMC-Scp Complex subunit,BCAL1503,0,88.8863045,0.176191724,0.28871269,0.610266641,0.541685191,0.997116186
sgRNA1708,1708,0,alpha/beta hydrolase 7th gene op,BCAM2699,0,148.5698205,-0.092626619,0.228286581,-0.405747104,0.684928428,0.997116186
sgRNA1742,1742,0,WQ49_RS00050,BCAL3469,0,450.5579253,-0.057126827,0.144684868,-0.394836221,0.692963762,0.997116186
sgRNA1743,1743,0,WQ49_RS00050,BCAL3469,0,697.9511468,-0.065767318,0.127875657,-0.51430678,0.607037522,0.997116186
sgRNA1744,1744,0,WQ49_RS00885,BCAL3305,0,227.3991148,-0.107016172,0.18620441,-0.574724153,0.56547787,0.997116186
sgRNA1745,1745,0,WQ49_RS00885,BCAL3305,0,5.048891738,0.205590038,1.059992718,0.193954199,0.846211745,0.997116186
sgRNA1746,1746,0,WQ49_RS01035,BCAL3270,0,182.2398437,-0.04018793,0.208880976,-0.192396317,0.847431777,0.997116186
sgRNA1747,1747,0,WQ49_RS01035,BCAL3270,0,202.3276379,-0.1560609,0.189703268,-0.822657938,0.410702541,0.997116186
sgRNA1748,1748,0,WQ49_RS02920,BCAM1451,0,6.264708101,0.542195852,0.954089764,0.568285997,0.569840786,0.997116186
sgRNA1749,1749,0,WQ49_RS02920,BCAM1451,0,71.55305368,0.183702134,0.308919467,0.594660271,0.552070584,0.997116186
sgRNA1750,1750,0,WQ49_RS03160,BCAM1502,0,118.3649175,-0.084708466,0.236437204,-0.358270461,0.720140922,0.997116186
sgRNA1751,1751,0,WQ49_RS03160,BCAM1502,0,137.5993146,0.0681119,0.231596905,0.294096764,0.768683963,0.997116186
sgRNA1752,1752,0,WQ49_RS03550 (WQ49_RS03555),5.625E+13,0,169.7236997,0.015296614,0.21028465,0.07274242,0.942011092,0.997116186
sgRNA1753,1753,0,WQ49_RS03550 (WQ49_RS03555),5.625E+13,0,182.1375576,-0.037341999,0.198531042,-0.188091489,0.850804933,0.997116186
sgRNA1754,1754,0,WQ49_RS03805 (WQ49_RS03870),BCAM1624,0,752.9141856,-0.147355041,0.123655256,-1.191660148,0.23339453,0.997116186
sgRNA1755,1755,0,WQ49_RS03805 (WQ49_RS03870),BCAM1624,0,86.10856095,0.190631245,0.276447661,0.689574452,0.490461838,0.997116186
sgRNA1756,1756,0,WQ49_RS04450 (WQ49_RS04445),BCAM1749,0,5.280048801,0.331103377,1.035769762,0.319668897,0.74921934,0.997116186
sgRNA1757,1757,0,WQ49_RS04450 (WQ49_RS04445),BCAM1749,0,64.0178505,-0.199250132,0.314425783,-0.633695272,0.526279711,0.997116186
sgRNA1758,1758,0,WQ49_RS09185 (WQ49_RS09185),BCAS0417,0,117.5660659,-0.238616565,0.243596867,-0.979555145,0.327305756,0.997116186
sgRNA1759,1759,0,WQ49_RS09185 (WQ49_RS09185),BCAS0417,0,91.44085747,-0.178196466,0.269303082,-0.661694864,0.508166797,0.997116186
sgRNA1760,1760,0,WQ49_RS10495,BCAS0158,0,5.048891738,0.205590038,1.059992718,0.193954199,0.846211745,0.997116186
sgRNA1761,1761,0,WQ49_RS10495,BCAS0158,0,19.86937614,0.423108834,0.55728941,0.759226402,0.447717135,0.997116186
sgRNA1762,1762,0,WQ49_RS11915 (WQ49_RS11920),BCAL0324,0,155.3181655,-0.117378079,0.210539966,-0.557509729,0.577179214,0.997116186
sgRNA1763,1763,0,WQ49_RS11915 (WQ49_RS11920),BCAL0324,0,127.7801152,-0.144438429,0.234037696,-0.617158823,0.537129973,0.997116186
sgRNA1764,1764,0,WQ49_RS12045 (WQ49_RS12050),BCAL0298,0,5.048891738,0.205590038,1.059992718,0.193954199,0.846211745,0.997116186
sgRNA1765,1765,0,WQ49_RS12045 (WQ49_RS12050),BCAL0298,0,172.888933,-0.216024909,0.203124453,-1.063510106,0.287550685,0.997116186
sgRNA1766,1766,0,WQ49_RS12280 (WQ49_RS12310),BCAL0250,0,5.048891738,0.205590038,1.059992718,0.193954199,0.846211745,0.997116186
sgRNA1767,1767,0,WQ49_RS12280 (WQ49_RS12310),BCAL0250,0,5.280048801,0.331103377,1.035769762,0.319668897,0.74921934,0.997116186
sgRNA1768,1768,0,WQ49_RS12315 (WQ49_RS12360),BCAL0243,0,5.048891738,0.205590038,1.059992718,0.193954199,0.846211745,0.997116186
sgRNA1769,1769,0,WQ49_RS12315 (WQ49_RS12360),BCAL0243,0,5.048891738,0.205590038,1.059992718,0.193954199,0.846211745,0.997116186
sgRNA1770,1770,0,WQ49_RS12365,BCAL0233,0,5.048891738,0.205590038,1.059992718,0.193954199,0.846211745,0.997116186
sgRNA1771,1771,0,WQ49_RS12365,BCAL0233,0,194.1292572,-0.065643048,0.202659059,-0.323908775,0.7460071,0.997116186
sgRNA1772,1772,0,WQ49_RS18705,BCAM0549,0,1868.277646,-0.081798773,0.121580581,-0.672794722,0.501077896,0.997116186
sgRNA1773,1773,0,WQ49_RS18705,BCAM0549,0,5.048891738,0.205590038,1.059992718,0.193954199,0.846211745,0.997116186
sgRNA1774,1774,0,WQ49_RS23945 (WQ49_RS23940),BCAL0558,0,228.5394483,0.098984806,0.191801307,0.516079934,0.605798582,0.997116186
sgRNA1775,1775,0,WQ49_RS23945 (WQ49_RS23940),BCAL0558,0,5.048891738,0.205590038,1.059992718,0.193954199,0.846211745,0.997116186
sgRNA1776,1776,0,WQ49_RS24070,BCAL0585,0,120.462128,-0.077707302,0.237601053,-0.327049486,0.743630457,0.997116186
sgRNA1777,1777,0,WQ49_RS24070,BCAL0585,0,172.45163,-0.122670755,0.206193834,-0.594929308,0.551890725,0.997116186
sgRNA1779,1779,0,WQ49_RS25525,BCAL0878,0,80.22262379,0.106748609,0.281127699,0.379715731,0.704156442,0.997116186
sgRNA1780,1780,0,WQ49_RS25680,BCAL0909,0,701.0778299,0.088045659,0.128316279,0.68616125,0.49261143,0.997116186
sgRNA1781,1781,0,WQ49_RS25680,BCAL0909,0,513.9281511,0.052902712,0.142063317,0.372388266,0.709603789,0.997116186
sgRNA1782,1782,0,WQ49_RS26625 (WQ49_RS26630),BCAL2715,0,5.51669366,-0.058377009,1.015420672,-0.057490467,0.9541545,0.997116186
sgRNA1783,1783,0,WQ49_RS26625 (WQ49_RS26630),BCAL2715,0,343.7154756,-0.113538736,0.158640487,-0.715698361,0.474177623,0.997116186
sgRNA1785,1785,0,WQ49_RS27920 (WQ49_RS27890),BCAL2334,0,5.260417549,0.07570144,1.037475764,0.072966948,0.941832419,0.997116186
sgRNA1786,1786,0,WQ49_RS28635,BCAL2199,0,201.6847797,0.330010289,0.192531112,1.714062136,0.086517315,0.997116186
sgRNA1787,1787,0,WQ49_RS28635,BCAL2199,0,256.202886,-0.038715152,0.186398084,-0.20770145,0.835462085,0.997116186
sgRNA1788,1788,0,WQ49_RS29230,BCAL2091,0,128.098854,0.075776566,0.23156819,0.327232189,0.743492277,0.997116186
sgRNA1789,1789,0,WQ49_RS29230,BCAL2091,0,112.2455033,-0.056354454,0.242319708,-0.232562404,0.816101224,0.997116186
sgRNA1790,1790,0,WQ49_RS30770 (WQ49_RS30765),BCAL1788,0,184.2116581,-0.160275445,0.198478577,-0.807520122,0.419366886,0.997116186
sgRNA1791,1791,0,WQ49_RS30770 (WQ49_RS30765),BCAL1788,0,83.85900773,-0.078425922,0.277188095,-0.282933948,0.777227471,0.997116186
sgRNA1792,1792,0,WQ49_RS31735,WQ49_31765,0,135.52834,-0.378614889,0.255281704,-1.48312583,0.138040983,0.997116186
sgRNA1793,1793,0,WQ49_RS31735,WQ49_31765,0,175.8326472,0.005834498,0.204272256,0.028562361,0.977213631,0.997116186
sgRNA1794,1794,0,WQ49_RS31805 (WQ49_RS31760),BCAL1585,0,123.5990334,-0.00840854,0.232209533,-0.036211002,0.971114114,0.997116186
sgRNA1795,1795,0,WQ49_RS31805 (WQ49_RS31760),BCAL1585,0,205.7155744,-0.070832297,0.188680277,-0.375409122,0.707356222,0.997116186
sgRNA1796,1796,0,WQ49_RS32625 (WQ49_RS32650),BCAL1424,0,208.0855919,-0.048212336,0.187618859,-0.256969559,0.797202272,0.997116186
sgRNA1797,1797,0,WQ49_RS32625 (WQ49_RS32650),BCAL1424,0,35.47209775,-0.011782764,0.419620356,-0.028079581,0.97759868,0.997116186
sgRNA1798,1798,0,WQ49_RS34895,BCAL2925,0,325.5090865,-0.247995222,0.158858869,-1.561104035,0.118499206,0.997116186
sgRNA1799,1799,0,WQ49_RS34895,BCAL2925,0,140.279257,0.190012,0.2307748,0.823365462,0.410300197,0.997116186
sgRNA1800,1800,0,WQ49_RS35060,BCAL2958,0,198.7119711,0.00748497,0.215959134,0.034659196,0.972351498,0.997116186
sgRNA1801,1801,0,WQ49_RS35060,BCAL2958,0,160.1228492,-0.200086516,0.212497838,-0.941593185,0.34640096,0.997116186
sgRNA1828,1828,WQ49_RS00665 ,WQ49_RS00665 ,BCAL3348a,#N/A,268.4872959,-0.084851809,0.172783782,-0.491086655,0.62336516,0.997116186
sgRNA1829,1829,WQ49_RS00675 ,WQ49_RS00675 ,BCAL3347,#N/A,198.2239615,-0.128784261,0.193609719,-0.665174566,0.505938846,0.997116186
sgRNA1830,1830,WQ49_RS00675 ,WQ49_RS00675 ,BCAL3347,#N/A,5.048891738,0.205590038,1.059992718,0.193954199,0.846211745,0.997116186
sgRNA1831,1831,WQ49_RS00720 ,WQ49_RS00720 ,BCAL3338,#N/A,312.8338192,-0.115187005,0.1698101,-0.678328353,0.497563525,0.997116186
sgRNA1832,1832,WQ49_RS00725 ,WQ49_RS00725 ,BCAL3337,#N/A,939.0300029,-0.040472546,0.118659228,-0.341082158,0.733041732,0.997116186
sgRNA1833,1833,WQ49_RS00745 ,WQ49_RS00745 ,BCAL3333,#N/A,559.8969403,-0.08062385,0.137458392,-0.586532761,0.557517553,0.997116186
sgRNA1834,1834,WQ49_RS00745 ,WQ49_RS00745 ,BCAL3333,#N/A,236.2830964,-0.113738172,0.183340184,-0.620366847,0.535016294,0.997116186
sgRNA1835,1835,WQ49_RS00880 ,WQ49_RS00880 ,BCAL3306,preprotein translocase subunit SecD,266.824065,0.131421606,0.172078273,0.763731547,0.445027237,0.997116186
sgRNA1836,1836,WQ49_RS00880 ,WQ49_RS00880 ,BCAL3306,preprotein translocase subunit SecD,1831.548041,-0.156790238,0.121772595,-1.287565884,0.197897122,0.997116186
sgRNA1837,1837,WQ49_RS01005 ,WQ49_RS01005 ,BCAL3276,#N/A,322.1615452,0.082326987,0.159310894,0.51676935,0.605317178,0.997116186
sgRNA1838,1838,WQ49_RS01040 ,WQ49_RS01040 ,BCAL3269,#N/A,175.0444609,-0.239630717,0.202423605,-1.18380817,0.236489007,0.997116186
sgRNA1840,1840,WQ49_RS01655,WQ49_RS01655,BCAL3146,groEL,5.359711099,0.356067007,1.03514894,0.343976594,0.730863889,0.997116186
sgRNA1842,1842,WQ49_RS01715,WQ49_RS01715,BCAL3134,glucose-1-phosphate thymidylyltransferase,5.305167849,0.059535433,1.037415213,0.05738824,0.954235931,0.997116186
sgRNA1843,1843,WQ49_RS01720,WQ49_RS01720,BCAL3133,"dTDP-4-dehydrorhamnose 3,5-epimerase",234.7423559,-0.040214011,0.186743718,-0.215343315,0.829499662,0.997116186
sgRNA1844,1844,WQ49_RS01760,WQ49_RS01760,BCAL3123,acetyltransferase,49.19149825,0.280648311,0.353655569,0.793563951,0.427449326,0.997116186
sgRNA1845,1845,WQ49_RS01825,WQ49_RS01825,BCAL3110,3-deoxy-D-manno-octulosonic acid transferase,119.0733563,0.353901752,0.237445731,1.490453209,0.136105111,0.997116186
sgRNA1846,1846,WQ49_RS02120 ,WQ49_RS02120 ,BCAL3055,N utilization substance protein B homolog,353.3571252,0.134425021,0.157408049,0.853990773,0.393110102,0.997116186
sgRNA1847,1847,WQ49_RS02145,WQ49_RS02145,BCAL3050,diaminohydroxyphosphoribosylaminopyrimidine deaminase,747.1916508,-0.060283074,0.137029587,-0.439927427,0.659989671,0.997116186
sgRNA1848,1848,WQ49_RS02600,WQ49_RS02600,BCAM1387,ABC transporter,267.1687271,0.110706061,0.174231926,0.635394808,0.525170953,0.997116186
sgRNA1849,1849,WQ49_RS02800,WQ49_RS02800,BCAM1427,lysine transporter LysE,212.1294347,-0.029105356,0.186770246,-0.155835077,0.876163021,0.997116186
sgRNA1850,1850,WQ49_RS03505,WQ49_RS03505,BCAM1566,sulfonate ABC transporter substrate-binding protein,282.3100677,0.113264323,0.169198228,0.669417901,0.503228936,0.997116186
sgRNA1851,1851,WQ49_RS03540,WQ49_RS03540,#N/A,#N/A,413.7707175,0.013005077,0.154887655,0.083964579,0.933084594,0.997116186
sgRNA1852,1852,WQ49_RS03595,WQ49_RS03595,BCAM1582,3-alpha-hydroxysteroid dehydrogenase,524.0315552,-0.090578878,0.140396339,-0.645165529,0.518819922,0.997116186
sgRNA1853,1853,WQ49_RS03680,WQ49_RS03680,#N/A,#N/A,161.1637931,-0.030001037,0.20895836,-0.143574235,0.885836687,0.997116186
sgRNA1854,1854,WQ49_RS03705,WQ49_RS03705,BCAM1603,hypothetical protein,911.2517801,0.061230405,0.124468893,0.491933391,0.622766432,0.997116186
sgRNA1855,1855,WQ49_RS03710,WQ49_RS03710,BCAM1604,hypothetical protein,5.048891738,0.205590038,1.059992718,0.193954199,0.846211745,0.997116186
sgRNA1856,1856,WQ49_RS03830,WQ49_RS03830,BCAM1629,acetyl-CoA acetyltransferase,478.3307414,0.022323035,0.142027091,0.157174489,0.875107334,0.997116186
sgRNA1857,1857,WQ49_RS03985,WQ49_RS03985,BCAM1660,hypothetical protein,191.0992075,0.155175743,0.220015419,0.705294856,0.480626761,0.997116186
sgRNA1858,1858,WQ49_RS04000,WQ49_RS04000,BCAM1662,hypothetical protein,188.4909841,0.229975546,0.203214858,1.131686666,0.257766189,0.997116186
sgRNA1859,1859,WQ49_RS04205,WQ49_RS04205,BCAM1701,hypothetical protein,278.7459411,0.077703703,0.169023777,0.459720542,0.645716823,0.997116186
sgRNA1860,1860,WQ49_RS04300,WQ49_RS04300,BCAM1720,dihydrofolate reductase,242.2488983,0.008180465,0.186401203,0.043886332,0.964995011,0.997116186
sgRNA1861,1861,WQ49_RS05100,WQ49_RS05100,BCAM1881,hypothetical protein,95.92976939,0.205525925,0.260264505,0.789680963,0.429714112,0.997116186
sgRNA1862,1862,WQ49_RS05100,WQ49_RS05100,BCAM1881,hypothetical protein,5.491574612,0.201270113,1.01384063,0.198522438,0.842636331,0.997116186
sgRNA1863,1863,WQ49_RS05300,WQ49_RS05300,BCAM1931,porin,416.3634388,0.100831093,0.153313767,0.65767801,0.510745056,0.997116186
sgRNA1865,1865,WQ49_RS05400,WQ49_RS05400,BCAM1949,3-oxoacyl-ACP reductase,342.7356132,-0.072561475,0.157758465,-0.459952972,0.645549976,0.997116186
sgRNA1866,1866,WQ49_RS05400,WQ49_RS05400,BCAM1949,3-oxoacyl-ACP reductase,504.1936502,-0.365980662,0.145684582,-2.512144102,0.012000008,0.997116186
sgRNA1867,1867,WQ49_RS05475,WQ49_RS05475,#N/A,#N/A,18.5072646,-0.09902938,0.564021491,-0.175577317,0.860626024,0.997116186
sgRNA1868,1868,WQ49_RS05900,WQ49_RS05900,BCAM2047,mucin,5.048891738,0.205590038,1.059992718,0.193954199,0.846211745,0.997116186
sgRNA1869,1869,WQ49_RS06135,WQ49_RS06135,BCAM2095,Cro/Cl family transcriptional regulator,5.048891738,0.205590038,1.059992718,0.193954199,0.846211745,0.997116186
sgRNA1870,1870,WQ49_RS07185,WQ49_RS07185,BCAM2303,methylamine utilization protein MauE,352.980053,0.021805163,0.159429311,0.136770099,0.891212519,0.997116186
sgRNA1871,1871,WQ49_RS07270,WQ49_RS07270,BCAM2320,drug:proton antiporter,575.0411859,0.047655754,0.133697388,0.356444918,0.721507396,0.997116186
sgRNA1872,1872,WQ49_RS07525,WQ49_RS07525,BCAM2369,cytochrome C,381.0121593,0.212045408,0.150511069,1.408835971,0.158883676,0.997116186
sgRNA1873,1873,WQ49_RS07630,WQ49_RS07630,BCAM2390,sarcosine oxidase delta subunit family protein,308.7908636,0.054378839,0.178496823,0.304648779,0.760633665,0.997116186
sgRNA1874,1874,WQ49_RS07685,WQ49_RS07685,BCAM2400a,hypothetical protein,5.048891738,0.205590038,1.059992718,0.193954199,0.846211745,0.997116186
sgRNA1875,1875,WQ49_RS07865,WQ49_RS07865,BCAM2429a,hypothetical protein,640.7559773,0.038771171,0.130531356,0.297025728,0.766446867,0.997116186
sgRNA1876,1876,WQ49_RS08940,WQ49_RS08940,BCAS0600,#N/A,535.245888,-0.020129599,0.139709364,-0.144081962,0.885435748,0.997116186
sgRNA1877,1877,WQ49_RS09335,WQ49_RS09335,0,#N/A,250.3574382,-0.040505868,0.174481261,-0.232150247,0.81642132,0.997116186
sgRNA1878,1878,WQ49_RS09480,WQ49_RS09480,BCAS0357,sugar ABC transporter,222.4125329,0.077028008,0.192205549,0.400758502,0.688597934,0.997116186
sgRNA1879,1879,WQ49_RS09490,WQ49_RS09490,BCAS0355,xylose isomerase,255.8832328,0.094808514,0.188890144,0.501924095,0.615720915,0.997116186
sgRNA1880,1880,WQ49_RS09735,WQ49_RS09735,BCAS0305,hypothetical protein,112.2368919,0.14732102,0.242132026,0.60843261,0.542900589,0.997116186
sgRNA1881,1881,WQ49_RS09765,WQ49_RS09765,BCAS0299,pilus assembly protein,548.3075274,0.215927182,0.150872467,1.431190103,0.152375739,0.997116186
sgRNA1882,1882,WQ49_RS10095,WQ49_RS10095,BCAS0233,hypothetical protein,481.8373583,-0.136686452,0.163888182,-0.834022624,0.404268235,0.997116186
sgRNA1883,1883,WQ49_RS10355,WQ49_RS10355,BCAS0186,FMN-dependent NADH-azoreductase,583.8692178,-0.110767779,0.135732769,-0.816072493,0.414458675,0.997116186
sgRNA1884,1884,WQ49_RS10530,WQ49_RS10530,BCAS0151,hypothetical protein,313.5126983,0.038279047,0.164639103,0.232502765,0.81614754,0.997116186
sgRNA1885,1885,WQ49_RS10745,WQ49_RS10745,BCAS0109,succinylglutamate desuccinylase/aspartoacylase,5.048891738,0.205590038,1.059992718,0.193954199,0.846211745,0.997116186
sgRNA1886,1886,WQ49_RS10800,WQ49_RS10800,BCAS0100,ribokinase,168.5035329,-0.117026361,0.216094611,-0.541551501,0.58812751,0.997116186
sgRNA1887,1887,WQ49_RS10800,WQ49_RS10800,BCAS0100,ribokinase,479.4757121,-0.088249661,0.143327996,-0.615718236,0.5380805,0.997116186
sgRNA1888,1888,WQ49_RS11175,WQ49_RS11175,BCAS0025,eutB,795.3699976,-0.031875419,0.127471455,-0.250059267,0.802541516,0.997116186
sgRNA1889,1889,WQ49_RS11290,WQ49_RS11290,BCAS0002,chromosome partitioning protein ParB,5.048891738,0.205590038,1.059992718,0.193954199,0.846211745,0.997116186
sgRNA1891,1891,WQ49_RS11335,WQ49_RS11335,#N/A,#N/A,346.2016737,-0.051937671,0.15813769,-0.328433223,0.742584127,0.997116186
sgRNA1892,1892,WQ49_RS11525,WQ49_RS11525,BCAL0403,hypothetical protein,418.73789,-0.141373385,0.159135576,-0.888383276,0.374334618,0.997116186
sgRNA1893,1893,WQ49_RS11590,WQ49_RS11590,BCAL0388,ubiquinone biosynthesis hydroxylase UbiH,347.6418455,0.136179774,0.169245912,0.804626668,0.421035149,0.997116186
sgRNA1894,1894,WQ49_RS11665,WQ49_RS11665,BCAL0374,prfA,222.4178442,0.15627793,0.185855397,0.840857639,0.400427692,0.997116186
sgRNA1895,1895,WQ49_RS11880,WQ49_RS11880,BCAL0331,glutathione S-transferase,5.491574612,0.201270113,1.01384063,0.198522438,0.842636331,0.997116186
sgRNA1896,1896,WQ49_RS11910,WQ49_RS11910,BCAL0325,preprotein translocase subunit TatC,218.0307898,-0.170149941,0.184425056,-0.922596664,0.356217435,0.997116186
sgRNA1897,1897,WQ49_RS12075,WQ49_RS12075,BCAL0292,2'-5' RNA ligase,106.2170158,-0.097158062,0.247466722,-0.392610616,0.694607098,0.997116186
sgRNA1898,1898,WQ49_RS12135,WQ49_RS12135,BCAL0280,3-dehydroquinate synthase,6.004126835,-0.055133055,0.974624299,-0.056568521,0.954888911,0.997116186
sgRNA1899,1899,WQ49_RS12225,WQ49_RS12225,BCAL0261,50S ribosomal protein L17,5.048891738,0.205590038,1.059992718,0.193954199,0.846211745,0.997116186
sgRNA1900,1900,WQ49_RS12225,WQ49_RS12225,BCAL0261,50S ribosomal protein L17,154.6766737,0.119334361,0.215099239,0.554787461,0.579040045,0.997116186
sgRNA1901,1901,WQ49_RS12230,WQ49_RS12230,BCAL0260,DNA-directed RNA polymerase subunit alpha,161.1670688,0.021151746,0.222943233,0.09487503,0.924414091,0.997116186
sgRNA1902,1902,WQ49_RS12235,WQ49_RS12235,BCAL0259,30S ribosomal protein S4,193.7029929,-0.044063446,0.201549444,-0.218623507,0.82694334,0.997116186
sgRNA1903,1903,WQ49_RS12240,WQ49_RS12240,BCAL0258,30S ribosomal protein S11,178.6468465,0.185129688,0.218647295,0.846704678,0.39715975,0.997116186
sgRNA1904,1904,WQ49_RS12260,WQ49_RS12260,BCAL0254,secY,193.5628067,0.06487314,0.212694968,0.305005524,0.760361945,0.997116186
sgRNA1906,1906,WQ49_RS12320,WQ49_RS12320,BCAL0242,50S ribosomal protein L29,128.3634533,-0.143087174,0.233253642,-0.613440255,0.539585276,0.997116186
sgRNA1907,1907,WQ49_RS12320,WQ49_RS12320,BCAL0242,50S ribosomal protein L29,994.189898,-0.043292807,0.148326421,-0.29187522,0.77038203,0.997116186
sgRNA1908,1908,WQ49_RS12375,WQ49_RS12375,BCAL0231,fusA,141.609896,0.292130171,0.220335582,1.325842011,0.184892034,0.997116186
sgRNA1909,1909,WQ49_RS12380,WQ49_RS12380,BCAL0230,30S ribosomal protein S7,5.280048801,0.331103377,1.035769762,0.319668897,0.74921934,0.997116186
sgRNA1910,1910,WQ49_RS12385,WQ49_RS12385,BCAL0229,30S ribosomal protein S12,152.3794672,0.048895724,0.212704238,0.229876584,0.818187672,0.997116186
sgRNA1911,1911,WQ49_RS12405,WQ49_RS12405,BCAL0225,rplL,354.2142505,0.064981201,0.154490818,0.420615293,0.674036025,0.997116186
sgRNA1912,1912,WQ49_RS12415,WQ49_RS12415,BCAL0223,50S ribosomal protein L1,196.8387819,0.171610367,0.191404443,0.896585076,0.369940364,0.997116186
sgRNA1913,1913,WQ49_RS12830,WQ49_RS12830,BCAL3530,DNA-binding protein HU-alpha,286.0811495,0.079608112,0.173144955,0.459777251,0.645676113,0.997116186
sgRNA1914,1914,WQ49_RS13005,WQ49_RS13005,BCAL0033,ATP synthase subunit delta,403.7582142,-0.049954715,0.150046555,-0.332928103,0.739188555,0.997116186
sgRNA1915,1915,WQ49_RS13265,WQ49_RS13265,BCAL0083a,hypothetical protein,271.9232137,-0.073832874,0.172420533,-0.428213929,0.668495376,0.997116186
sgRNA1916,1916,WQ49_RS13270,WQ49_RS13270,BCAL0084,transcriptional regulator,194.5174654,-0.079968543,0.193790396,-0.412654831,0.679859523,0.997116186
sgRNA1917,1917,WQ49_RS13280,WQ49_RS13275,BCAL0086,Cro/Cl family transcriptional regulator,154.5554069,-0.028518929,0.22227505,-0.128304678,0.897907863,0.997116186
sgRNA1918,1918,WQ49_RS13990,WQ49_RS13990,pBCA002,chromosome partitioning protein ParB,760.9598113,0.003880416,0.139048992,0.027906829,0.977736462,0.997116186
sgRNA1919,1919,WQ49_RS14425,WQ49_RS14425,pBCA002,chromosome partitioning protein ParB,5.048891738,0.205590038,1.059992718,0.193954199,0.846211745,0.997116186
sgRNA1920,1920,WQ49_RS14960,WQ49_RS14960,BCAM1305,Fis family transcriptional regulator,386.8085086,-0.049952609,0.15694718,-0.318276563,0.750275161,0.997116186
sgRNA1921,1921,WQ49_RS15145,WQ49_RS15145,BCAM1268a,(2Fe-2S)-binding protein,178.7707901,-0.028775333,0.203325434,-0.141523528,0.887456374,0.997116186
sgRNA1922,1922,WQ49_RS15155,WQ49_RS15155,BCAM1267,4-hydroxyproline 2-epimerase,214.6201426,-0.026390453,0.187358815,-0.140855147,0.887984376,0.997116186
sgRNA1923,1923,WQ49_RS16225,WQ49_RS16225,BCAM1046,hypothetical protein,191.0764315,0.099099023,0.195567816,0.506724599,0.612348068,0.997116186
sgRNA1928,1928,WQ49_RS16475,WQ49_RS16475,BCAM0996,sporulation protein,5.048891738,0.205590038,1.059992718,0.193954199,0.846211745,0.997116186
sgRNA1929,1929,WQ49_RS16480,WQ49_RS16480,BCAM0995,folylpolyglutamate synthase,362.4598995,-0.065976385,0.153759759,-0.429087463,0.667859576,0.997116186
sgRNA1930,1930,WQ49_RS16485,WQ49_RS16485,BCAM0994,acetyl-CoA carboxylase carboxyltransferase subunit beta,16.65443806,-0.049390619,0.593026512,-0.083285684,0.933624383,0.997116186
sgRNA1931,1931,WQ49_RS16525,WQ49_RS16525,BCAM0986,aspartate-semialdehyde dehydrogenase,177.1203856,0.17654103,0.202710846,0.870900759,0.383808343,0.997116186
sgRNA1932,1932,WQ49_RS16580,WQ49_RS16580,BCAM0977,AsnC family transcriptional regulator,217.3183992,-0.057709606,0.184497552,-0.312793343,0.754437673,0.997116186
sgRNA1933,1933,WQ49_RS16615,WQ49_RS16615,BCAM0970,sdhB,286.7023663,-0.129857207,0.173848703,-0.746955283,0.455090554,0.997116186
sgRNA1934,1934,WQ49_RS16615,WQ49_RS16615,BCAM0970,sdhB,156.7126656,-0.012974804,0.223576312,-0.058033001,0.953722342,0.997116186
sgRNA1935,1935,WQ49_RS16730,WQ49_RS16730,BCAM0946a,hypothetical protein,441.4231636,-0.166134023,0.14368102,-1.156269793,0.24757082,0.997116186
sgRNA1936,1936,WQ49_RS16825,WQ49_RS16825,BCAM0928,aminoglycoside phosphotransferase APH(3'),508.996214,0.053686736,0.145853108,0.368087706,0.712807837,0.997116186
sgRNA1937,1937,WQ49_RS16885,WQ49_RS16885,BCAM0918,#N/A,494.0964229,0.075525209,0.148036971,0.510178019,0.60992675,0.997116186
sgRNA1938,1938,WQ49_RS16895,WQ49_RS16895,BCAM0917,DNA primase,1029.23871,-0.052907534,0.116433763,-0.454400272,0.649540756,0.997116186
sgRNA1939,1939,WQ49_RS16925,WQ49_RS16925,BCAM0911,1-deoxy-D-xylulose-5-phosphate synthase,467.0283451,-0.088146516,0.141261649,-0.62399467,0.532631085,0.997116186
sgRNA1940,1940,WQ49_RS17185,WQ49_RS17185,BCAM0857,exopolysaccharide biosynthesis protein,162.7822283,-0.263743535,0.214160826,-1.23152091,0.218128101,0.997116186
sgRNA1941,1941,WQ49_RS17425,WQ49_RS17425,BCAM0808,hypothetical protein,32.52126507,-0.112204247,0.444995328,-0.252147023,0.800927425,0.997116186
sgRNA1942,1942,WQ49_RS17865,WQ49_RS17865,4.66522E+13,hypothetical protein,5.048891738,0.205590038,1.059992718,0.193954199,0.846211745,0.997116186
sgRNA1943,1943,WQ49_RS18035,WQ49_RS18035,BCAM0681,3-beta hydroxysteroid dehydrogenase,230.2896952,-0.097833896,0.187414409,-0.522019072,0.601657052,0.997116186
sgRNA1944,1944,WQ49_RS18245,WQ49_RS18245,BCAM0639,LuxR family transcriptional regulator,301.3228608,-0.198607504,0.166569718,-1.192338595,0.233128507,0.997116186
sgRNA1945,1945,WQ49_RS18465,WQ49_RS18465,BCAM0596,alcohol dehydrogenase,157.0814682,-0.014515068,0.209471602,-0.069293727,0.944755819,0.997116186
sgRNA1946,1946,WQ49_RS18590,WQ49_RS18590,BCAM0572,flagellin N-methylase,303.1874626,0.149717747,0.164565798,0.909774382,0.362941508,0.997116186
sgRNA1947,1947,WQ49_RS18760,WQ49_RS18760,BCAM0539,rhodanese,146.4668727,-0.063600763,0.21596547,-0.294495054,0.768379643,0.997116186
sgRNA1948,1948,WQ49_RS19165,WQ49_RS19165,BCAM0457,hypothetical protein,215.2819758,0.199950274,0.188304585,1.061844956,0.288306077,0.997116186
sgRNA1949,1949,WQ49_RS19165,WQ49_RS19165,BCAM0457,hypothetical protein,5.048891738,0.205590038,1.059992718,0.193954199,0.846211745,0.997116186
sgRNA1950,1950,WQ49_RS19205,WQ49_RS19205,BCAM0448,RND transporter,374.403703,-0.018435964,0.153091447,-0.120424521,0.904146868,0.997116186
sgRNA1951,1951,WQ49_RS19265,WQ49_RS19265,BCAM0436,RND transporter MFP subunit,5.048891738,0.205590038,1.059992718,0.193954199,0.846211745,0.997116186
sgRNA1952,1952,WQ49_RS20055,WQ49_RS20055,BCAM0277,hypothetical protein,160.0571975,0.288872685,0.211099493,1.368419607,0.17118077,0.997116186
sgRNA1953,1953,WQ49_RS20495,WQ49_RS20495,BCAM0186,#N/A,206.535777,0.033507868,0.188970599,0.17731789,0.859258699,0.997116186
sgRNA1954,1954,WQ49_RS20870,WQ49_RS20870,BCAM0115,TetR family transcriptional regulator,623.011568,0.036290783,0.141625194,0.256245247,0.797761472,0.997116186
sgRNA1955,1955,WQ49_RS21220,WQ49_RS21220,BCAM0045,hypothetical protein,5.491574612,0.201270113,1.01384063,0.198522438,0.842636331,0.997116186
sgRNA1956,1956,WQ49_RS21425,WQ49_RS21425,BCAM0004,chromosome partitioning protein ParB,11.594995,0.195959095,0.707687929,0.276900434,0.781856559,0.997116186
sgRNA1957,1957,WQ49_RS21805,WQ49_RS21805,BCAM2769,KR domain protein,258.188871,-0.071892306,0.175623395,-0.409354949,0.682279196,0.997116186
sgRNA1958,1958,WQ49_RS22125,WQ49_RS22125,#N/A,#N/A,21.53068758,0.133517648,0.536684152,0.248782542,0.803528996,0.997116186
sgRNA1959,1959,WQ49_RS22225,WQ49_RS22225,BCAM2688,N-acylglucosamine 2-epimerase,277.5805681,-0.056790702,0.176794338,-0.321224664,0.748040143,0.997116186
sgRNA1960,1960,WQ49_RS22415,WQ49_RS22415,BCAM2650,trans-2-enoyl-CoA reductase,61.62347121,0.163049363,0.323318712,0.504299185,0.61405115,0.997116186
sgRNA1961,1961,WQ49_RS23260,WQ49_RS23260,BCAL0423,chromosomal replication initiator protein DnaA,139.4560906,-0.033751231,0.233634453,-0.144461704,0.885135895,0.997116186
sgRNA1962,1962,WQ49_RS23465,WQ49_RS23465,BCAL0463,thioredoxin,5.048891738,0.205590038,1.059992718,0.193954199,0.846211745,0.997116186
sgRNA1963,1963,WQ49_RS23555,WQ49_RS23555,BCAL0480,rod shape-determining protein MreD,168.7179323,0.024582988,0.209630515,0.117268174,0.906647544,0.997116186
sgRNA1964,1964,WQ49_RS23565,WQ49_RS23565,BCAL0482,rod shape-determining protein MreB,100.0609921,0.056392422,0.2569073,0.219504942,0.82625673,0.997116186
sgRNA1965,1965,WQ49_RS23690,WQ49_RS23690,BCAL0507,diaminopimelate epimerase,143.8989574,0.022446845,0.218379435,0.102788271,0.918131014,0.997116186
sgRNA1966,1966,WQ49_RS23690,WQ49_RS23690,BCAL0507,diaminopimelate epimerase,358.2948556,0.051219586,0.154051847,0.332482779,0.739524741,0.997116186
sgRNA1967,1967,WQ49_RS23695,WQ49_RS23695,BCAL0508,lauroyl acyltransferase,132.8360098,0.052189039,0.233903162,0.223122417,0.823440232,0.997116186
sgRNA1968,1968,WQ49_RS23715,WQ49_RS23715,BCAL0512,membrane protein,162.8311472,-0.157242124,0.208588676,-0.753838257,0.450946349,0.997116186
sgRNA1969,1969,WQ49_RS23835,WQ49_RS23835,BCAL0536,ferredoxin--NADP reductase,73.24432153,-0.131060841,0.298496882,-0.439069379,0.660611266,0.997116186
sgRNA1970,1970,WQ49_RS24155,WQ49_RS24155,BCAL0601,glutamine amidotransferase,154.076427,-0.118876129,0.214799057,-0.553429471,0.579969363,0.997116186
sgRNA1971,1971,WQ49_RS24220,WQ49_RS24220,BCAL0614,diguanylate cyclase,159.1209682,-0.123719105,0.211308465,-0.585490528,0.558217934,0.997116186
sgRNA1972,1972,WQ49_RS24330,WQ49_RS24330,BCAL0634,hypothetical protein,223.5582555,-0.142636239,0.192376455,-0.741443325,0.458424683,0.997116186
sgRNA1973,1973,WQ49_RS24540,WQ49_RS24540,BCAL0679,argS,5.048891738,0.205590038,1.059992718,0.193954199,0.846211745,0.997116186
sgRNA1974,1974,WQ49_RS24610,WQ49_RS24610,BCAL0693,type III pantothenate kinase,113.7808622,0.145124357,0.24272282,0.597901576,0.549905608,0.997116186
sgRNA1975,1975,WQ49_RS24610,WQ49_RS24610,BCAL0693,type III pantothenate kinase,100.1624285,0.39910547,0.258581904,1.543439291,0.122724227,0.997116186
sgRNA1976,1976,WQ49_RS24695,WQ49_RS24695,BCAL0710,lipoyl synthase,198.6050961,-0.028619562,0.197338234,-0.145027962,0.884688795,0.997116186
sgRNA1977,1977,WQ49_RS25075,WQ49_RS25075,BCAL0787,DNA-directed RNA polymerase sigma-70 factor,195.4414647,0.068892782,0.201976345,0.341093319,0.733033331,0.997116186
sgRNA1978,1978,WQ49_RS25105,WQ49_RS25105,BCAL0793,cell division protein FtsY,355.0929265,-0.146795756,0.157841783,-0.93001836,0.352361579,0.997116186
sgRNA1980,1980,WQ49_RS25140,WQ49_RS25140,BCAL0800,ribose-phosphate diphosphokinase,445.6522957,0.032598284,0.143383105,0.227350941,0.820150865,0.997116186
sgRNA1981,1981,WQ49_RS25150,WQ49_RS25150,BCAL0802,ipk,177.5160448,-0.04185664,0.208407599,-0.200840278,0.840823467,0.997116186
sgRNA1982,1982,WQ49_RS25150,WQ49_RS25150,BCAL0802,ipk,211.8346544,-0.065474802,0.186866971,-0.350381887,0.726052118,0.997116186
sgRNA1983,1983,WQ49_RS25185,WQ49_RS25185,BCAL0809,HPr kinase/phosphorylase,535.4709484,-0.090213762,0.141008949,-0.639773309,0.522319988,0.997116186
sgRNA1984,1984,WQ49_RS25190,WQ49_RS25190,#N/A,#N/A,217.7888779,-0.185679904,0.18750195,-0.990282525,0.322036045,0.997116186
sgRNA1985,1985,WQ49_RS25205,WQ49_RS25205,BCAL0814,ABC transporter,696.2106609,-0.079615058,0.139722094,-0.569810084,0.568806515,0.997116186
sgRNA1986,1986,WQ49_RS25500,WQ49_RS25500,BCAL0873,ubiquinone/menaquinone biosynthesis C-methyltransferase UbiE,272.7848693,-0.105698601,0.169261422,-0.62446953,0.532319275,0.997116186
sgRNA1987,1987,WQ49_RS25615,WQ49_RS25615,BCAL0896,pdxA,5.048891738,0.205590038,1.059992718,0.193954199,0.846211745,0.997116186
sgRNA1988,1988,WQ49_RS25645,WQ49_RS25645,BCAL0902,"D,D-heptose 1,7-bisphosphate phosphatase",5.048891738,0.205590038,1.059992718,0.193954199,0.846211745,0.997116186
sgRNA1989,1989,WQ49_RS25645,WQ49_RS25645,BCAL0902,"D,D-heptose 1,7-bisphosphate phosphatase",10.26890949,0.387942668,0.750209017,0.517112776,0.605077435,0.997116186
sgRNA1990,1990,WQ49_RS25830,WQ49_RS25830,BCAL0938a,hypothetical protein,268.241814,-0.072206687,0.169942379,-0.424889231,0.670917425,0.997116186
sgRNA1991,1991,WQ49_RS25970,WQ49_RS25970,BCAL0967,ADP-heptose--LPS heptosyltransferase,5.048891738,0.205590038,1.059992718,0.193954199,0.846211745,0.997116186
sgRNA1992,1992,WQ49_RS26290,WQ49_RS26290,BCAL2782,pyridoxine/pyridoxamine 5'-phosphate oxidase,281.4333367,-0.027478955,0.168834399,-0.162756852,0.870709883,0.997116186
sgRNA1993,1993,WQ49_RS26315,WQ49_RS26315,BCAL2777,N-acetylmuramoyl-L-alanine amidase,109.244744,-0.010641948,0.247444099,-0.043007484,0.965695568,0.997116186
sgRNA1995,1995,WQ49_RS26375,WQ49_RS26375,BCAL2765,30S ribosomal protein S20,160.7562656,-0.031081215,0.210005142,-0.148002162,0.882341062,0.997116186
sgRNA1996,1996,WQ49_RS26390,WQ49_RS26390,BCAL2762,adenylate kinase,5.048891738,0.205590038,1.059992718,0.193954199,0.846211745,0.997116186
sgRNA1997,1997,WQ49_RS26395,WQ49_RS26395,BCAL2761,3-deoxy-manno-octulosonate cytidylyltransferase,114.8872585,0.112828975,0.248774688,0.453538805,0.650160807,0.997116186
sgRNA1998,1998,WQ49_RS26400,WQ49_RS26400,BCAL2760,hypothetical protein,120.619625,0.06381158,0.235182145,0.271328336,0.786138515,0.997116186
sgRNA1999,1999,WQ49_RS26570,WQ49_RS26570,BCAL2726,phosphopantothenate synthase,179.5137404,0.136586604,0.199190685,0.685707785,0.492897397,0.997116186
sgRNA2000,2000,WQ49_RS26570,WQ49_RS26570,BCAL2726,phosphopantothenate synthase,592.023799,-0.098353316,0.156688459,-0.627699808,0.530200611,0.997116186
sgRNA2001,2001,WQ49_RS26630,WQ49_RS26630,BCAL2714,rpmB,74.12951188,-0.045690344,0.314942416,-0.145075233,0.884651473,0.997116186
sgRNA2002,2002,WQ49_RS26815,WQ49_RS26815,BCAL2678,permease,5.048891738,0.205590038,1.059992718,0.193954199,0.846211745,0.997116186
sgRNA2003,2003,WQ49_RS26945,WQ49_RS26945,BCAL2651,pantothenate synthetase,5.048891738,0.205590038,1.059992718,0.193954199,0.846211745,0.997116186
sgRNA2004,2004,WQ49_RS26950,WQ49_RS26950,BCAL2650,segregation and condensation protein A,235.6613653,0.060260946,0.178630735,0.33734926,0.73585363,0.997116186
sgRNA2005,2005,WQ49_RS27300,WQ49_RS27300,BCAL2454,DNA topoisomerase IV subunit A,5.048891738,0.205590038,1.059992718,0.193954199,0.846211745,0.997116186
sgRNA2006,2006,WQ49_RS27330,WQ49_RS27330,BCAL2448,hypothetical protein,163.2679843,0.140655064,0.212378572,0.662284629,0.507788826,0.997116186
sgRNA2008,2008,WQ49_RS27565,WQ49_RS27565,BCAL2402,LPS biosynthesis,5.048891738,0.205590038,1.059992718,0.193954199,0.846211745,0.997116186
sgRNA2009,2009,WQ49_RS27810,WQ49_RS27810,BCAL2355,CDP-diacylglycerol--serine O-phosphatidyltransferase,125.8763829,-0.101957355,0.232946981,-0.437684809,0.661614783,0.997116186
sgRNA2010,2010,WQ49_RS27880,WQ49_RS27880,BCAL2342,NADH-quinone oxidoreductase subunit C,133.6903456,-0.141855319,0.234385687,-0.605221765,0.545031656,0.997116186
sgRNA2011,2011,WQ49_RS27895,WQ49_RS27895,BCAL2339,"NADH oxidoreductase (quinone), F subunit",396.8863272,-0.010107855,0.148461875,-0.068083846,0.945718889,0.997116186
sgRNA2012,2012,WQ49_RS27895,WQ49_RS27895,BCAL2339,"NADH oxidoreductase (quinone), F subunit",5.048891738,0.205590038,1.059992718,0.193954199,0.846211745,0.997116186
sgRNA2013,2013,WQ49_RS28135,WQ49_RS28135,BCAL2292,transporter MotA/TolQ/ExbB proton channel familyprotein,123.489793,0.193500818,0.239898525,0.806594447,0.419900174,0.997116186
sgRNA2014,2014,WQ49_RS28560,WQ49_RS28560,BCAL2212,bifunctional protein FolD,130.4449815,-0.192874532,0.22682642,-0.850317751,0.39514845,0.997116186
sgRNA2015,2015,WQ49_RS28650,WQ49_RS28650,BCAL2196,iscA,603.7090517,0.134890067,0.130803027,1.031245763,0.302425585,0.997116186
sgRNA2016,2016,WQ49_RS28680,WQ49_RS28680,BCAL2190,lysine--tRNA ligase,146.7524137,0.107540534,0.220060676,0.488685829,0.625064138,0.997116186
sgRNA2017,2017,WQ49_RS28710,WQ49_RS28710,BCAL2185,ABC transporter ATP-binding protein,248.2308924,0.153433235,0.181304257,0.846274863,0.397399427,0.997116186
sgRNA2018,2018,WQ49_RS28735,WQ49_RS28735,BCAL2180,2-dehydro-3-deoxyphosphooctonate aldolase,5.305167849,0.059535433,1.037415213,0.05738824,0.954235931,0.997116186
sgRNA2019,2019,WQ49_RS28790,WQ49_RS28790,BCAL2169,tryptophanyl-tRNA synthetase,5.048891738,0.205590038,1.059992718,0.193954199,0.846211745,0.997116186
sgRNA2020,2020,WQ49_RS28860,WQ49_RS28860,BCAL2154,"UDP-2,3-diacylglucosamine hydrolase",108.4228653,0.107693098,0.250216016,0.430400498,0.666904333,0.997116186
sgRNA2021,2021,WQ49_RS28895,WQ49_RS28895,BCAL2147,tRNA(Ile)-lysidine synthetase,467.1106801,0.074636685,0.141972059,0.525713903,0.599087002,0.997116186
sgRNA2022,2022,WQ49_RS29115,WQ49_RS29115,BCAL2114,DNA polymerase,16.721207,0.056541558,0.590718381,0.095716605,0.923745652,0.997116186
sgRNA2023,2023,WQ49_RS29130,WQ49_RS29130,BCAL2111,MFS transporter,5.048891738,0.205590038,1.059992718,0.193954199,0.846211745,0.997116186
sgRNA2026,2026,WQ49_RS29180,WQ49_RS29180,BCAL2101,"2,3,4,5-tetrahydropyridine-2,6-dicarboxylate N-succinyltransferase",1236.607875,0.003896659,0.119181531,0.032695159,0.973917684,0.997116186
sgRNA2027,2027,WQ49_RS29245,WQ49_RS29245,BCAL2088,ribosome-recycling factor,5.747850724,0.067526293,0.992451817,0.06803987,0.945753896,0.997116186
sgRNA2028,2028,WQ49_RS29245,WQ49_RS29245,BCAL2088,ribosome-recycling factor,649.6008137,0.096021229,0.132532701,0.724509716,0.468752865,0.997116186
sgRNA2029,2029,WQ49_RS29610,WQ49_RS29610,BCAL2015,"2-C-methyl-D-erythritol 2,4-cyclodiphosphate synthase",394.7959613,0.071630593,0.156268405,0.458381802,0.646678163,0.997116186
sgRNA2030,2030,WQ49_RS29790,WQ49_RS29790,BCAL1983,intracellular septation protein A,259.3821084,-0.040662041,0.173497721,-0.234366429,0.814700519,0.997116186
sgRNA2031,2031,WQ49_RS29870,WQ49_RS29870,BCAL1966,folate-binding protein,268.6612962,-0.143728723,0.172392007,-0.833731941,0.404432055,0.997116186
sgRNA2033,2033,WQ49_RS29980,WQ49_RS29980,BCAL1944,primosomal replication protein N,5.048891738,0.205590038,1.059992718,0.193954199,0.846211745,0.997116186
sgRNA2034,2034,WQ49_RS30025,WQ49_RS30025,BCAL1935,polysaccharide deacetylase,243.277633,0.161373502,0.182416511,0.884643065,0.376349172,0.997116186
sgRNA2035,2035,WQ49_RS30025,WQ49_RS30025,BCAL1935,polysaccharide deacetylase,325.3416809,-0.067299575,0.162249212,-0.414791384,0.678294628,0.997116186
sgRNA2036,2036,WQ49_RS30050,WQ49_RS30050,BCAL1930,4-amino-4-deoxy-L-arabinose transferase,202.0791457,-0.022101365,0.19476108,-0.113479374,0.909650515,0.997116186
sgRNA2037,2037,WQ49_RS30195,WQ49_RS30195,BCAL1901,rho,190.353243,-0.015195882,0.207295397,-0.073305447,0.941563057,0.997116186
sgRNA2038,2038,WQ49_RS30200,WQ49_RS30200,BCAL1900,thioredoxin,90.46023552,0.39178794,0.270433822,1.448738687,0.147410572,0.997116186
sgRNA2039,2039,WQ49_RS30285,WQ49_RS30285,BCAL1883,histidine--tRNA ligase,1372.905574,0.098245745,0.108722816,0.903635034,0.366188958,0.997116186
sgRNA2040,2040,WQ49_RS30370,WQ49_RS30370,BCAL1866,competence protein ComL,489.2364641,-0.010481688,0.143285343,-0.073152546,0.941684728,0.997116186
sgRNA2041,2041,WQ49_RS30950,WQ49_RS30950,#N/A,#N/A,309.8090112,-0.175892261,0.161981155,-1.085881015,0.277531637,0.997116186
sgRNA2042,2042,WQ49_RS31080,WQ49_RS31080,BCAL1730,precorrin-4 C11-methyltransferase,281.9492178,-0.218468872,0.181631588,-1.202813207,0.229048613,0.997116186
sgRNA2043,2043,WQ49_RS31350,WQ49_RS31350,BCAL1676,multidrug transporter,126.0289469,-0.04449173,0.253563671,-0.17546571,0.860713712,0.997116186
sgRNA2044,2044,WQ49_RS31945,WQ49_RS31945,BCAL1556,ribose-5-phosphate isomerase A,223.9166124,0.072835827,0.189408605,0.384543392,0.700575741,0.997116186
sgRNA2045,2045,WQ49_RS32160,WQ49_RS32160,BCAL1516,dihydrolipoamide succinyltransferase,191.6279542,-0.059782371,0.398424814,-0.150046806,0.880727688,0.997116186
sgRNA2046,2046,WQ49_RS32310,WQ49_RS32310,BCAL1487,integration host factor subunit alpha,393.4402487,0.033563476,0.166435912,0.201660061,0.840182487,0.997116186
sgRNA2047,2047,WQ49_RS32315,WQ49_RS32315,BCAL1486,phenylalanyl-tRNA synthetase subunit beta,148.5896027,0.201448468,0.217656088,0.925535647,0.35468735,0.997116186
sgRNA2049,2049,WQ49_RS32335,WQ49_RS32335,1.63942E+13,translation initiation factor IF-3,290.5877064,0.199811035,0.166537571,1.199795538,0.230218757,0.997116186
sgRNA2050,2050,WQ49_RS32340,WQ49_RS32340,BCAL1481,threonine--tRNA ligase,209.5791254,0.074412339,0.190654595,0.390299215,0.696315304,0.997116186
sgRNA2051,2051,WQ49_RS32500,WQ49_RS32500,BCAL1449,DNA-dependent helicase,301.3623013,0.098751061,0.167871613,0.588253486,0.556362162,0.997116186
sgRNA2052,2052,WQ49_RS32540,WQ49_RS32540,BCAL1441,transcriptional regulator,108.9409734,0.12114651,0.258912644,0.467904961,0.639852556,0.997116186
sgRNA2053,2053,WQ49_RS32665,WQ49_RS32665,BCAL1416,alanine--tRNA ligase,144.7881188,0.12660588,0.220694382,0.573670604,0.566190724,0.997116186
sgRNA2054,2054,WQ49_RS32735,WQ49_RS32735,BCAL1403A,hypothetical protein,82.86988397,0.122972219,0.29369995,0.418700169,0.675435272,0.997116186
sgRNA2055,2055,WQ49_RS32790,WQ49_RS32790,BCAL1393,hypothetical protein,171.961628,-0.078727909,0.202297701,-0.389168582,0.697151443,0.997116186
sgRNA2056,2056,WQ49_RS32790,WQ49_RS32790,BCAL1393,hypothetical protein,226.2898885,0.039623109,0.185924797,0.213113633,0.831238331,0.997116186
sgRNA2057,2057,WQ49_RS32905,WQ49_RS32905,BCAL1370,iron dicitrate transporter FecR,5.048891738,0.205590038,1.059992718,0.193954199,0.846211745,0.997116186
sgRNA2058,2058,WQ49_RS32905,WQ49_RS32905,BCAL1370,iron dicitrate transporter FecR,120.2419238,-0.047182694,0.239903427,-0.196673698,0.844082894,0.997116186
sgRNA2059,2059,WQ49_RS32940,WQ49_RS32940,BCAL1364,hypothetical protein,613.7880298,0.172866008,0.133284509,1.296969987,0.194641514,0.997116186
sgRNA2060,2060,WQ49_RS32970,WQ49_RS32970,BCAL1357,hypothetical protein,586.174097,-0.161147445,0.135387767,-1.190265923,0.23394189,0.997116186
sgRNA2061,2061,WQ49_RS33360,WQ49_RS33360,BCAL1269,glmM,173.6651706,0.132410582,0.208697051,0.63446312,0.525778628,0.997116186
sgRNA2062,2062,WQ49_RS34140,WQ49_RS34140,BCAL1096,"exodeoxyribonuclease V, gamma subunit",183.1518208,0.155362545,0.199279762,0.779620289,0.43561441,0.997116186
sgRNA2063,2063,WQ49_RS34300,WQ49_RS34300,BCAL1063,N-succinylarginine dihydrolase,380.9728974,0.096133424,0.166329276,0.577970555,0.563283999,0.997116186
sgRNA2064,2064,WQ49_RS34535,WQ49_RS34535,BCAL2853,CDP-diacylglycerol--glycerol-3-phosphate 3-phosphatidyltransferase,148.0957431,0.100823184,0.221243007,0.455712408,0.648596798,0.997116186
sgRNA2065,2065,WQ49_RS34570,WQ49_RS34570,BCAL2862,pyridoxine 5'-phosphate synthase,124.3557023,0.331039256,0.233485907,1.41781258,0.15624549,0.997116186
sgRNA2066,2066,WQ49_RS34590,WQ49_RS34590,BCAL2866,signal peptidase,287.723655,0.103998314,0.172476569,0.60297068,0.546528195,0.997116186
sgRNA2067,2067,WQ49_RS34630,WQ49_RS34630,BCAL2874,3-oxoacyl-ACP synthase,108.4791283,0.143464116,0.245331731,0.58477603,0.558698324,0.997116186
sgRNA2068,2068,WQ49_RS34635,WQ49_RS34635,BCAL2875,acyl carrier protein,5.048891738,0.205590038,1.059992718,0.193954199,0.846211745,0.997116186
sgRNA2069,2069,WQ49_RS34640,WQ49_RS34640,BCAL2876,fabG,210.7894098,-0.042244431,0.189866429,-0.222495524,0.823928157,0.997116186
sgRNA2070,2070,WQ49_RS34660,WQ49_RS34660,BCAL2880,rpmF,233.2140933,0.273395108,0.180365186,1.515786469,0.129573355,0.997116186
sgRNA2071,2071,WQ49_RS34660,WQ49_RS34660,BCAL2880,rpmF,32.75471936,-0.162492134,0.437050542,-0.371792548,0.710047313,0.997116186
sgRNA2072,2072,WQ49_RS34740,WQ49_RS34740,BCAL2896,sodium:proton antiporter,401.2650376,-0.198914682,0.173125126,-1.148964835,0.250570481,0.997116186
sgRNA2073,2073,WQ49_RS34740,WQ49_RS34740,BCAL2896,sodium:proton antiporter,235.1929168,-0.348870669,0.190829413,-1.828180801,0.067522421,0.997116186
sgRNA2074,2074,WQ49_RS34830,WQ49_RS34830,BCAL2912,thyA,168.6364424,0.01834272,0.203783111,0.090010994,0.928278478,0.997116186
sgRNA2075,2075,WQ49_RS34865,WQ49_RS34865,BCAL2919,oligoribonuclease,207.0797619,0.040231095,0.188426422,0.213510899,0.830928489,0.997116186
sgRNA2076,2076,WQ49_RS34905,WQ49_RS34905,BCAL2927,16S rRNA processing protein RimM,302.9797256,-0.226063086,0.166836608,-1.354996896,0.175418546,0.997116186
sgRNA2077,2077,WQ49_RS34940,WQ49_RS34940,BCAL2934,electron transfer flavoprotein subunit beta,156.1853924,0.111784557,0.21717401,0.514723454,0.606746282,0.997116186
sgRNA2078,2078,WQ49_RS34980,WQ49_RS34980,BCAL2942,cysteine synthase,265.1851516,0.135940663,0.171706765,0.791702427,0.428534207,0.997116186
sgRNA2079,2079,WQ49_RS35000,WQ49_RS35000,BCAL2946,UDP-glucose 6-dehydrogenase,5.048891738,0.205590038,1.059992718,0.193954199,0.846211745,0.997116186
sgRNA2080,2080,WQ49_RS35005,WQ49_RS35005,BCAL2947,tetratricopeptide repeat protein,155.8788113,-0.10478277,0.216094982,-0.484892196,0.627752818,0.997116186
sgRNA2082,2082,WQ49_RS35025,WQ49_RS35025,BCAL2951,cytidylate kinase,5.048891738,0.205590038,1.059992718,0.193954199,0.846211745,0.997116186
sgRNA2083,2083,WQ49_RS35025,WQ49_RS35025,BCAL2951,cytidylate kinase,215.7050723,0.138475011,0.203623995,0.680052519,0.496471207,0.997116186
sgRNA2773,2773,WQ49_RS28900,WQ49_RS28900,BCAL2146,0,5.048891738,0.205590038,1.059992718,0.193954199,0.846211745,0.997116186
sgRNA2774,2774,WQ49_RS28900,0,BCAL2146,0,5.048891738,0.205590038,1.059992718,0.193954199,0.846211745,0.997116186
sgRNA2775,2775,WQ49_RS13375,0,BCAL0105,0,5.048891738,0.205590038,1.059992718,0.193954199,0.846211745,0.997116186
sgRNA2776,2776,WQ49_RS13375,0,BCAL0105,0,5.048891738,0.205590038,1.059992718,0.193954199,0.846211745,0.997116186
sgRNA1456,1456,WQ49_RS23460,BCAL0462,BCAL0462,DNA topoisomerase III,522.0650455,0.003309475,0.138156336,0.023954569,0.980888847,0.997264287
sgRNA1778,1778,0,WQ49_RS25525,BCAL0878,0,37.91948084,-0.00601523,0.397813053,-0.015120745,0.987935851,0.999423477
sgRNA1839,1839,WQ49_RS01050,WQ49_RS01050,BCAL3267,panB,359.1398,-0.002757689,0.156858978,-0.017580692,0.98597336,0.999423477
sgRNA1905,1905,WQ49_RS12260,WQ49_RS12260,BCAL0254,secY,521.4685269,0.0022268,0.14397557,0.015466512,0.987660001,0.999423477
sgRNA1417,1417,WQ49_RS27300,parC/DNA topoisomerase IV subunit A/B,BCAL2454,DNA topoisomerase IV subunit A,287.0696223,0.000550184,0.166041709,0.003313527,0.997356193,0.999467151
sgRNA1421,1421,WQ49_RS00550,leuS,BCAL3372,hypothetical protein,2915.971049,0.000125911,0.107600415,0.00117017,0.999066339,0.999467151
sgRNA1619,1619,WQ49_RS23700,WQ49_RS23700,BCAL0509,S-adenosylmethionine synthase,365.0513712,0.000103666,0.155228499,0.000667827,0.999467151,0.999467151
sgRNA1841,1841,WQ49_RS01655,WQ49_RS01655,BCAL3146,groEL,270.8181803,-0.00087966,0.170062922,-0.005172553,0.995872918,0.999467151
sgRNA1864,1864,WQ49_RS05330,WQ49_RS05330,BCAM1936,cysteine hydrolase,145.3727701,0.000533803,0.21979921,0.002428593,0.998062265,0.999467151
sgRNA1890,1890,WQ49_RS11295,WQ49_RS11295,BCAS0001,initiator RepB protein,207.986586,0.001988262,0.198627863,0.010009984,0.992013322,0.999467151
sgRNA1994,1994,WQ49_RS26315,WQ49_RS26315,BCAL2777,N-acetylmuramoyl-L-alanine amidase,183.3211143,-0.000348639,0.214887029,-0.001622427,0.998705491,0.999467151